Local Case Number,Crash Date/Time,Road Name,Related Non-Motorist,Weather,Surface Condition,Light,Driver Substance Abuse,Pedestrian Type,Pedestrian Movement,Pedestrian Actions,Pedestrian Location,At Fault,Injury Severity,Safety Equipment,Latitude,Longitude,Year,Month,Hour
260019479,05/05/2026 08:20:00 PM,LINCOLN ST,Cyclist (non-electric),Clear,Dry,Dark,"Unknown, Unknown",Cyclist (non-electric),Cross/Enter at Intersection,Unknown,Intersection Marked Crosswalk,No,No Apparent Injury,Unknown,38.99817407,-77.10956426,2026,5,20
260019438,05/05/2026 04:35:00 PM,CENTERWAY RD (WB/L),Pedestrian,Clear,Dry,Daylight,"Not Suspect of Alcohol Use, Not Suspect of Drug Use",Pedestrian,Walking/Cycling on Sidewalk,None (No Improper Action),Sidewalk,No,Suspected Serious Injury,None,39.17261866,-77.20202399,2026,5,16
260019438,05/05/2026 04:35:00 PM,CENTERWAY RD (WB/L),Pedestrian,Clear,Dry,Daylight,"Not Suspect of Alcohol Use, Not Suspect of Drug Use",Pedestrian,Walking/Cycling on Sidewalk,None (No Improper Action),Sidewalk,No,Possible Minor Injury,None,39.17261866,-77.20202399,2026,5,16
260019385,05/05/2026 12:20:00 PM,NA,Cyclist (non-electric),Clear,Dry,Daylight,"Not Suspect of Alcohol Use, Not Suspect of Drug Use",Cyclist (non-electric),Walking/Cycling on Sidewalk,Unknown,Sidewalk,No,No Apparent Injury,None,39.054531420000004,-77.05032612,2026,5,12
260019263,05/04/2026 05:30:00 PM,BROADBIRCH DR,Pedestrian,Clear,Dry,Daylight,"Not Suspect of Alcohol Use, Not Suspect of Drug Use",Pedestrian,Cross/Enter at Intersection,None (No Improper Action),Intersection Marked Crosswalk,No,Possible Minor Injury,None,39.05561463,-76.96177969,2026,5,17
260019246,05/04/2026 04:06:00 PM,ARDENNES AVE,Pedestrian,Clear,Dry,Daylight,"Not Suspect of Alcohol Use, Not Suspect of Drug Use",Pedestrian,Walking/Cycling Along Roadway Against Traffic (In or Adjacent to Travel Lane),None (No Improper Action),Other,Yes,Possible Minor Injury,None,39.06529972,-77.11823774,2026,5,16
260019175,05/04/2026 10:40:00 AM,COLESVILLE RD (WB/L),Cyclist (non-electric),Clear,Dry,Daylight,"Unknown, Unknown",Cyclist (non-electric),Walking/Cycling Along Roadway With Traffic (In or Adjacent to Travel Lane),"Failure to Obey Traffic Signs, Signals, or Officer",Travel Lane Other Location,No,Possible Minor Injury,None,38.99481767,-77.03022948,2026,5,10
260019098,05/03/2026 08:00:00 PM,NA,Pedestrian,Clear,Dry,Medium,"Not Suspect of Alcohol Use, Not Suspect of Drug Use",Pedestrian,Cross/Enter at Intersection,"Failure to Obey Traffic Signs, Signals, or Officer, Inattentive (Talking, Eating, etc.)",Intersection Marked Crosswalk,Yes,Possible Minor Injury,None,39.09187463,-77.07035495,2026,5,20
260018952,05/02/2026 04:52:00 PM,NA,Pedestrian,Clear,NA,Daylight,"Not Suspect of Alcohol Use, Not Suspect of Drug Use",Pedestrian,Standing,None (No Improper Action),Other,No,Possible Minor Injury,None,39.0561241,-77.04677472,2026,5,16
260018949,05/02/2026 04:45:00 PM,EVANSTON ST,Pedestrian,Clear,Dry,Daylight,"Not Suspect of Alcohol Use, Not Suspect of Drug Use",Pedestrian,Cross/Enter Not at Intersection,"Dart/Dash, In Roadway Improperly (Standing, Lying, Working, Playing)",Other,Yes,Possible Minor Injury,None,39.06694614,-77.09056743,2026,5,16
260018967,05/02/2026 11:30:00 AM,ROCKVILLE PIKE (SB/L),Cyclist (non-electric),Clear,Dry,Daylight,"Unknown, Unknown",Cyclist (non-electric),Walking/Cycling on Sidewalk,None (No Improper Action),Sidewalk,No,No Apparent Injury,None,39.07601346,-77.13792487,2026,5,11
260018528,04/30/2026 08:35:00 AM,SUGARBUSH LA,Cyclist (Electric),Clear,Dry,Daylight,"Not Suspect of Alcohol Use, Not Suspect of Drug Use",Cyclist (Electric),Cross/Enter at Intersection,None (No Improper Action),Intersection Unmarked Crosswalk,No,Possible Minor Injury,Helmet,39.03190713,-77.11799533,2026,4,8
260018513,04/30/2026 07:38:00 AM,PLUMMER DR (EB/L),Pedestrian,Clear,Dry,Daylight,"Not Suspect of Alcohol Use, Not Suspect of Drug Use",Pedestrian,Cross/Enter at Intersection,Unknown,Intersection Marked Crosswalk,No,Possible Minor Injury,Unknown,39.17159632,-77.2361159,2026,4,7
260018490,04/29/2026 09:00:00 PM,STRATHMORE ST,Pedestrian,Rain,Wet,Dark,"Not Suspect of Alcohol Use, Not Suspect of Drug Use",Pedestrian,Cross/Enter at Intersection,None (No Improper Action),Intersection Marked Crosswalk,No,Possible Minor Injury,None,38.9778885,-77.092637,2026,4,21
260018245,04/28/2026 04:55:00 PM,MUNCASTER MILL RD,Pedestrian,Cloudy,Dry,Daylight,"Unknown, Unknown",Pedestrian,Walking/Cycling on Sidewalk,Unknown,Sidewalk,No,Possible Minor Injury,None,39.1487781,-77.1471454,2026,4,16
260018068,04/27/2026 06:06:00 PM,CHAPMAN AVE,Cyclist (non-electric),Clear,Dry,Daylight,"Not Suspect of Alcohol Use, Not Suspect of Drug Use",Cyclist (non-electric),Walking/Cycling Along Roadway With Traffic (In or Adjacent to Travel Lane),None (No Improper Action),Shoulder/Roadside,No,No Apparent Injury,Other,39.06230831,-77.12201893,2026,4,18
260017831,04/25/2026 11:50:00 PM,ROCKVILLE PIKE,Pedestrian,Clear,Wet,Medium,NA,Pedestrian,Cross/Enter Not at Intersection,Unknown,Median/Crossing Island,No,Possible Minor Injury,None,39.07555453,-77.13714509,2026,4,23
260017780,04/25/2026 03:58:00 PM,HUNGERFORD DR (SB/L),Occupant Of a Non-Motor Vehicle Transportation Device,Rain,Wet,Daylight,"Not Suspect of Alcohol Use, Not Suspect of Drug Use",Occupant Of a Non-Motor Vehicle Transportation Device,Walking/Cycling on Sidewalk,Unknown,Intersection Marked Crosswalk,Yes,Possible Minor Injury,None,39.08738724,-77.15025721,2026,4,15
260017778,04/25/2026 03:46:00 PM,MOZART DR,Scooter (non-Electric),Cloudy,Dry,Daylight,"Not Suspect of Alcohol Use, Not Suspect of Drug Use",Scooter (non-Electric),Cross/Enter Not at Intersection,Dart/Dash,Shoulder/Roadside,Yes,Possible Minor Injury,None,39.06992439,-76.94834889,2026,4,15
260017617,04/24/2026 04:00:00 PM,LAMBERTON DR,Pedestrian,Clear,Wet,Daylight,"Not Suspect of Alcohol Use, Not Suspect of Drug Use",Pedestrian,None,None (No Improper Action),Travel Lane Other Location,No,Possible Minor Injury,None,39.04378767,-77.024344,2026,4,16
260017484,04/23/2026 08:54:00 PM,HUNGERFORD DR,Pedestrian,Clear,Dry,Medium,"Not Suspect of Alcohol Use, Not Suspect of Drug Use",Pedestrian,Cross/Enter Not at Intersection,Unknown,Median/Crossing Island,No,Possible Minor Injury,None,39.09284198,-77.15336376,2026,4,20
260017394,04/23/2026 12:21:00 PM,S FREDERICK RD,Pedestrian,Clear,Dry,Daylight,"Not Suspect of Alcohol Use, Not Suspect of Drug Use",Pedestrian,Walking/Cycling on Sidewalk,Unknown,Driveway Access,No,Possible Minor Injury,None,39.12869567,-77.1857675,2026,4,12
260017325,04/22/2026 09:54:00 PM,ASPEN HILL RD,Scooter (electric),Clear,Dry,Medium,"Not Suspect of Alcohol Use, Not Suspect of Drug Use",Scooter (electric),Cross/Enter at Intersection,Unknown,Intersection Marked Crosswalk,No,Possible Minor Injury,None,39.08022754,-77.08068748,2026,4,21
260017280,04/22/2026 05:32:00 PM,NA,Scooter (electric),Clear,Dry,Daylight,"Not Suspect of Alcohol Use, Not Suspect of Drug Use",Scooter (electric),Cross/Enter Not at Intersection,Improper Turn/Merge),Travel Lane Other Location,Yes,Possible Minor Injury,Unknown,39.01620354,-77.0334641,2026,4,17
260017167,04/22/2026 07:30:00 AM,UNIVERSITY BLVD W,Pedestrian,Clear,Dry,Daylight,"Not Suspect of Alcohol Use, Not Suspect of Drug Use",Pedestrian,Cross/Enter at Intersection,"Dart/Dash, Failure to Obey Traffic Signs, Signals, or Officer, Other",Intersection Marked Crosswalk,Yes,Suspected Serious Injury,None,39.01985721,-77.01336701,2026,4,7
260017047,04/21/2026 01:14:00 PM,NA,Pedestrian,Clear,NA,Daylight,"Not Suspect of Alcohol Use, Not Suspect of Drug Use",Pedestrian,Standing,None (No Improper Action),Other,No,Suspected Serious Injury,None,39.0545426,-76.96801733,2026,4,13
260016949,04/20/2026 06:00:00 PM,GOODHILL RD,Pedestrian,Clear,Dry,Daylight,"Not Suspect of Alcohol Use, Not Suspect of Drug Use",Pedestrian,Standing,Other,Travel Lane Other Location,No,No Apparent Injury,None,39.06044241,-77.0716903,2026,4,18
260016929,04/20/2026 04:45:00 PM,NEW HAMPSHIRE AVE,Scooter (electric),Clear,Dry,Daylight,"Not Suspect of Alcohol Use, Not Suspect of Drug Use",Scooter (electric),Cross/Enter at Intersection,"Failure to Obey Traffic Signs, Signals, or Officer, Failure to Yield Right-Of-Way, In Roadway Improperly (Standing, Lying, Working, Playing)",Intersection Marked Crosswalk,Yes,No Apparent Injury,None,39.03974606,-76.99050629,2026,4,16
260016671,04/18/2026 08:28:00 PM,ODENDHAL AVE (EB/L),Pedestrian,Clear,Dry,Medium,"Not Suspect of Alcohol Use, Not Suspect of Drug Use",Pedestrian,None,"In Roadway Improperly (Standing, Lying, Working, Playing)",Travel Lane Other Location,Yes,Suspected Serious Injury,None,39.15180334,-77.19992973,2026,4,20
260016633,04/18/2026 01:58:00 PM,NA,Pedestrian,Clear,Dry,Daylight,"Not Suspect of Alcohol Use, Not Suspect of Drug Use",Pedestrian,Cross/Enter at Intersection,None (No Improper Action),Intersection Marked Crosswalk,No,Possible Minor Injury,None,39.11876833,-77.1674775,2026,4,13
260016616,04/18/2026 12:07:00 PM,MORNING STAR DR,Pedestrian,Clear,Dry,Daylight,"Not Suspect of Alcohol Use, Not Suspect of Drug Use",Pedestrian,Cross/Enter Not at Intersection,"In Roadway Improperly (Standing, Lying, Working, Playing)",Other,Yes,Possible Minor Injury,None,39.2180697,-77.24772759,2026,4,12
260016595,04/18/2026 09:40:00 AM,KENT ST,Pedestrian,Clear,Dry,Daylight,"Not Suspect of Alcohol Use, Not Suspect of Drug Use",Pedestrian,Cross/Enter Not at Intersection,Dart/Dash,Intersection Other,No,Possible Minor Injury,None,39.01967305,-77.06428297,2026,4,9
260016494,04/17/2026 04:42:00 PM,STRATHMORE AVE,Cyclist (non-electric),Clear,Dry,Daylight,"Not Suspect of Alcohol Use, Not Suspect of Drug Use",Cyclist (non-electric),Cross/Enter at Intersection,None (No Improper Action),Midblock Marked Crosswalk,No,Possible Minor Injury,Helmet,39.03455961,-77.10203315,2026,4,16
260016490,04/17/2026 04:15:00 PM,GEORGIA AVE (SB/L),Pedestrian,Clear,Dry,Daylight,"Unknown, Unknown",Pedestrian,Cross/Enter at Intersection,None (No Improper Action),Intersection Marked Crosswalk,No,Possible Minor Injury,None,39.15456866,-77.06681465,2026,4,16
260016300,04/16/2026 03:47:00 PM,RAMSEY AVE,Pedestrian,Clear,Dry,Daylight,"Not Suspect of Alcohol Use, Not Suspect of Drug Use",Pedestrian,Walking/Cycling Along Roadway With Traffic (In or Adjacent to Travel Lane),Unknown,Intersection Marked Crosswalk,Yes,No Apparent Injury,None,38.99443614,-77.02915283,2026,4,15
260016322,04/16/2026 03:40:00 PM,N HORNERS LA,Pedestrian,Clear,Dry,Daylight,"Not Suspect of Alcohol Use, Not Suspect of Drug Use",Pedestrian,Cross/Enter at Intersection,Unknown,Intersection Other,No,Fatal Injury,None,39.09322848,-77.14361506,2026,4,15
260016242,04/16/2026 10:55:00 AM,NA,Unknown,Clear,NA,Daylight,"Not Suspect of Alcohol Use, Not Suspect of Drug Use",Unknown,None,None (No Improper Action),NonTrafficway Area,No,No Apparent Injury,None,39.06436024,-77.12693118,2026,4,10
260016393,04/15/2026 12:20:00 PM,NA,Pedestrian,Clear,Dry,Daylight,"Not Suspect of Alcohol Use, Not Suspect of Drug Use",Pedestrian,Cross/Enter Not at Intersection,"Dart/Dash, Failure to Yield Right-Of-Way",Travel Lane Other Location,Yes,Possible Minor Injury,Unknown,39.0272165,-77.14750133,2026,4,12
260016084,04/15/2026 12:07:00 PM,CHAPMAN AVE,Cyclist (non-electric),Clear,Dry,Daylight,"Not Suspect of Alcohol Use, Not Suspect of Drug Use",Cyclist (non-electric),Walking/Cycling Along Roadway With Traffic (In or Adjacent to Travel Lane),None (No Improper Action),OnStreet Bike Lanes,No,Possible Minor Injury,Helmet,39.06101446,-77.12091312,2026,4,12
260016070,04/15/2026 10:01:00 AM,HEWITT AVE,Pedestrian,Clear,Dry,Daylight,"Not Suspect of Alcohol Use, Not Suspect of Drug Use",Pedestrian,Cross/Enter Not at Intersection,Unknown,Travel Lane Other Location,Yes,No Apparent Injury,None,39.07894591,-77.06867873,2026,4,10
260015932,04/14/2026 09:30:00 AM,NA,Pedestrian,Clear,NA,Daylight,"Not Suspect of Alcohol Use, Not Suspect of Drug Use",Pedestrian,Other,None (No Improper Action),Driveway Access,No,Possible Minor Injury,None,39.12718902,-77.16537526,2026,4,9
260016001,04/14/2026 08:15:00 AM,GEORGIA AVE (SB/L),Scooter (electric),Clear,Dry,Daylight,"Unknown, Unknown",Scooter (electric),Cross/Enter at Intersection,None (No Improper Action),Intersection Marked Crosswalk,No,No Apparent Injury,Unknown,39.01556976,-77.04270213,2026,4,8
260015806,04/13/2026 03:06:00 PM,CASHELL RD,Scooter (electric),Cloudy,Dry,Daylight,"Not Suspect of Alcohol Use, Not Suspect of Drug Use",Scooter (electric),None,"Inattentive (Talking, Eating, etc.)",Travel Lane Other Location,Yes,Suspected Serious Injury,None,39.1414435,-77.09188567,2026,4,15
260015581,04/11/2026 08:11:00 PM,NA,Cyclist (non-electric),Clear,NA,Medium,"Not Suspect of Alcohol Use, Not Suspect of Drug Use",Cyclist (non-electric),Cross/Enter at Intersection,"Failure to Obey Traffic Signs, Signals, or Officer",Driveway Access,Yes,Possible Minor Injury,Reflectors,39.12505611,-77.2360747,2026,4,20
260015555,04/11/2026 03:46:00 PM,NA,Pedestrian,Clear,NA,Daylight,"Not Suspect of Alcohol Use, Not Suspect of Drug Use",Pedestrian,Other,"In Roadway Improperly (Standing, Lying, Working, Playing)",Other,Yes,Possible Minor Injury,None,39.1198773,-77.26635668,2026,4,15
260015847,04/11/2026 10:30:00 AM,NA,Pedestrian,Clear,NA,Daylight,"Unknown, Unknown",Pedestrian,Other,None (No Improper Action),Other,No,Suspected Serious Injury,None,39.05681484,-77.11508985,2026,4,10
260015476,04/10/2026 10:50:00 PM,PARKLAND DR,Pedestrian,Clear,Dry,Medium,"Not Suspect of Alcohol Use, Not Suspect of Drug Use",Pedestrian,Other,None (No Improper Action),Midblock Marked Crosswalk,No,Possible Minor Injury,None,39.07260162,-77.08724303,2026,4,22
260015473,04/10/2026 08:25:00 PM,NA,Pedestrian,Clear,Dry,Medium,"Not Suspect of Alcohol Use, Not Suspect of Drug Use",Pedestrian,Standing,None (No Improper Action),Other,No,Possible Minor Injury,None,39.09941546,-77.05228275,2026,4,20
260015428,04/10/2026 06:50:00 PM,DENNIS AVE,Pedestrian,Clear,Dry,Daylight,"Not Suspect of Alcohol Use, Not Suspect of Drug Use",Pedestrian,Cross/Enter Not at Intersection,Other,Unknown,Yes,No Apparent Injury,None,39.02585067,-77.03342883,2026,4,18
260015325,04/10/2026 10:45:00 AM,NA,Cyclist (Electric),Clear,NA,Daylight,"Not Suspect of Alcohol Use, Not Suspect of Drug Use",Cyclist (Electric),Walking/Cycling on Sidewalk,Wrong-Way Riding or Walking,Sidewalk,Yes,Possible Minor Injury,None,39.06605141,-77.02134826,2026,4,10
260015263,04/09/2026 07:00:00 PM,MORNINGWOOD DR,Pedestrian,Clear,Dry,Medium,"Unknown, Unknown",Pedestrian,Walking/Cycling on Sidewalk,None (No Improper Action),Shoulder/Roadside,No,Possible Minor Injury,None,39.15274609,-77.07072534,2026,4,19
260015142,04/09/2026 07:50:00 AM,NA,Pedestrian,Clear,Dry,Daylight,"Not Suspect of Alcohol Use, Not Suspect of Drug Use",Pedestrian,Cross/Enter Not at Intersection,Failure to Yield Right-Of-Way,Midblock Marked Crosswalk,No,No Apparent Injury,None,38.9750674,-77.0109611,2026,4,7
260014972,04/08/2026 08:45:00 AM,SANDY SPRING RD,Pedestrian,Clear,Dry,Daylight,"Not Suspect of Alcohol Use, Not Suspect of Drug Use",Pedestrian,Cross/Enter at Intersection,Dart/Dash,Intersection Other,No,Possible Minor Injury,None,39.10778987,-76.92167285,2026,4,8
260014895,04/07/2026 04:50:00 PM,CORDELL AVE,Pedestrian,Clear,Dry,Daylight,"Not Suspect of Alcohol Use, Not Suspect of Drug Use",Pedestrian,Cross/Enter at Intersection,Unknown,Intersection Marked Crosswalk,No,Possible Minor Injury,None,38.99077371,-77.09671652,2026,4,16
260014800,04/07/2026 07:31:00 AM,MARINELLI RD,Pedestrian,Clear,Dry,Daylight,"Not Suspect of Alcohol Use, Not Suspect of Drug Use",Pedestrian,Cross/Enter at Intersection,None (No Improper Action),Intersection Marked Crosswalk,No,Possible Minor Injury,None,39.0465325,-77.114345,2026,4,7
260014742,04/06/2026 06:16:00 PM,LEISTER DR,Cyclist (non-electric),Clear,Dry,Daylight,"Unknown, Unknown",Cyclist (non-electric),Cross/Enter at Intersection,Unknown,Intersection Other,No,Suspected Serious Injury,None,39.06577993,-76.98295145,2026,4,18
260014735,04/06/2026 06:45:00 AM,NA,Pedestrian,Clear,NA,Medium,"Unknown, Unknown",Pedestrian,Other,"Inattentive (Talking, Eating, etc.)",Other,No,Possible Minor Injury,None,39.02841431,-77.07655231,2026,4,6
260014577,04/05/2026 04:08:00 PM,E RANDOLPH RD (WB/L),"Other Pedestrian (person in a building, skater, personal conveyance, etc.)",Clear,Dry,Daylight,"Not Suspect of Alcohol Use, Not Suspect of Drug Use, Not Suspect of Alcohol Use, Not Suspect of Drug Use","Other Pedestrian (person in a building, skater, personal conveyance, etc.)",None,None (No Improper Action),Other,No,No Apparent Injury,None,39.06774121,-76.98572159,2026,4,16
260014557,04/05/2026 02:58:00 PM,NA,Pedestrian,Cloudy,NA,Daylight,"Not Suspect of Alcohol Use, Not Suspect of Drug Use",Pedestrian,Walking/Cycling on Sidewalk,None (No Improper Action),NonTrafficway Area,No,Possible Minor Injury,None,39.05187329,-77.11670789,2026,4,14
260014560,04/05/2026 02:52:00 PM,NA,Pedestrian,Clear,NA,Daylight,"Not Suspect of Alcohol Use, Not Suspect of Drug Use",Pedestrian,Cross/Enter at Intersection,"In Roadway Improperly (Standing, Lying, Working, Playing)",Intersection Unmarked Crosswalk,No,Possible Minor Injury,None,39.02381971,-77.14829145,2026,4,14
260014462,04/04/2026 07:56:00 PM,HEWITT AVE,Cyclist (non-electric),Clear,Dry,Medium,"Not Suspect of Alcohol Use, Not Suspect of Drug Use",Cyclist (non-electric),Cross/Enter at Intersection,None (No Improper Action),Intersection Marked Crosswalk,No,Possible Minor Injury,None,39.07742931,-77.07091768,2026,4,19
260014370,04/04/2026 07:54:00 AM,ARBUTUS AVE,Pedestrian,Clear,Dry,Daylight,"Not Suspect of Alcohol Use, Not Suspect of Drug Use",Pedestrian,Cross/Enter at Intersection,None (No Improper Action),Intersection Unmarked Crosswalk,No,Possible Minor Injury,None,39.067038,-77.10035817,2026,4,7
260014289,04/03/2026 04:47:00 PM,NA,Cyclist (non-electric),Clear,NA,Daylight,"Not Suspect of Alcohol Use, Not Suspect of Drug Use",Cyclist (non-electric),Walking/Cycling on Sidewalk,None (No Improper Action),Driveway Access,No,Possible Minor Injury,None,39.07536813,-77.1372077,2026,4,16
260014298,04/03/2026 04:20:00 PM,NA,Pedestrian,Clear,NA,Daylight,"Unknown, Unknown",Pedestrian,Standing,Unknown,Other,No,Possible Minor Injury,None,39.12617758,-77.20345887,2026,4,16
260014028,04/01/2026 04:15:00 PM,NEBEL ST,Cyclist (non-electric),Clear,Dry,Daylight,"Not Suspect of Alcohol Use, Not Suspect of Drug Use",Cyclist (non-electric),Walking/Cycling on Sidewalk,None (No Improper Action),Intersection Marked Crosswalk,No,Possible Minor Injury,None,39.05331168,-77.11098894,2026,4,16
260013906,03/31/2026 09:21:00 PM,FREDERICK RD,Pedestrian,Clear,Dry,Medium,"Not Suspect of Alcohol Use, Not Suspect of Drug Use",Pedestrian,Walking/Cycling Along Roadway With Traffic (In or Adjacent to Travel Lane),"Failure to Obey Traffic Signs, Signals, or Officer, In Roadway Improperly (Standing, Lying, Working, Playing)",Travel Lane Other Location,Yes,Possible Minor Injury,None,39.12623174,-77.18298998,2026,3,21
260013900,03/31/2026 08:32:00 PM,NA,Cyclist (Electric),Clear,Dry,Medium,"Not Suspect of Alcohol Use, Not Suspect of Drug Use",Cyclist (Electric),Walking/Cycling Along Roadway With Traffic (In or Adjacent to Travel Lane),"Not Visible (Dark Clothing, No Lighting, etc.)",Intersection Other,No,Suspected Serious Injury,Helmet,38.980892,-77.09844067,2026,3,20
260013828,03/31/2026 03:00:00 PM,E DIAMOND AVE,Pedestrian,Clear,Dry,Daylight,"Not Suspect of Alcohol Use, Not Suspect of Drug Use",Pedestrian,Cross/Enter Not at Intersection,Failure to Yield Right-Of-Way,Travel Lane Other Location,No,Possible Minor Injury,None,39.14212421,-77.1928681,2026,3,15
260013791,03/31/2026 12:14:00 PM,RIVERWOOD DR,Cyclist (Electric),Clear,Dry,Daylight,"Not Suspect of Alcohol Use, Not Suspect of Drug Use",Cyclist (Electric),Walking/Cycling on Sidewalk,Unknown,Intersection Marked Crosswalk,No,Possible Minor Injury,Helmet,39.0292834,-77.22432319,2026,3,12
260013749,03/31/2026 09:24:00 AM,GERMANTOWN RD,Pedestrian,Clear,Dry,Daylight,"Not Suspect of Alcohol Use, Not Suspect of Drug Use",Pedestrian,Cross/Enter at Intersection,None (No Improper Action),Intersection Marked Crosswalk,No,Possible Minor Injury,None,39.16263023,-77.28292307,2026,3,9
260013749,03/31/2026 09:24:00 AM,GERMANTOWN RD,Pedestrian,Clear,Dry,Daylight,"Not Suspect of Alcohol Use, Not Suspect of Drug Use",Pedestrian,Cross/Enter at Intersection,None (No Improper Action),Intersection Marked Crosswalk,No,Possible Minor Injury,None,39.16263023,-77.28292307,2026,3,9
260013736,03/31/2026 07:30:00 AM,WASHINGTONIAN BLVD,Pedestrian,Clear,Dry,Daylight,"Not Suspect of Alcohol Use, Not Suspect of Drug Use",Pedestrian,Cross/Enter at Intersection,None (No Improper Action),Intersection Marked Crosswalk,No,Possible Minor Injury,None,39.12172867,-77.204284,2026,3,7
260013680,03/30/2026 05:31:00 PM,REEDIE DR,Pedestrian,Clear,Dry,Daylight,"Not Suspect of Alcohol Use, Not Suspect of Drug Use",Pedestrian,Cross/Enter at Intersection,"Failure to Obey Traffic Signs, Signals, or Officer",Intersection Marked Crosswalk,Yes,Possible Minor Injury,None,39.03863377,-77.05106636,2026,3,17
260013649,03/30/2026 04:00:00 PM,APPLEDOWRE WAY,Cyclist (non-electric),Clear,Dry,Daylight,"Unknown, Unknown",Cyclist (non-electric),Cross/Enter at Intersection,Unknown,Unknown,No,Possible Minor Injury,None,39.1859478,-77.23782782,2026,3,16
260013516,03/29/2026 04:42:00 PM,NA,Pedestrian,Clear,NA,Daylight,"Unknown, Unknown",Pedestrian,Other,None (No Improper Action),Driveway Access,No,Suspected Serious Injury,None,39.10235822,-76.95579664,2026,3,16
260013247,03/27/2026 04:45:00 PM,NA,Cyclist (non-electric),Cloudy,NA,Daylight,"Not Suspect of Alcohol Use, Not Suspect of Drug Use",Cyclist (non-electric),Cross/Enter at Intersection,Dart/Dash,Intersection Unmarked Crosswalk,No,No Apparent Injury,Unknown,38.99724209,-77.04192326,2026,3,16
260013226,03/27/2026 03:30:00 PM,WATKINS MILL RD,Pedestrian,Cloudy,Dry,Daylight,"Not Suspect of Alcohol Use, Not Suspect of Drug Use",Pedestrian,Other Working,None (No Improper Action),Intersection Marked Crosswalk,No,Possible Minor Injury,"Reflective Wear (backpack, triangles, etc.)",39.17249341,-77.20839038,2026,3,15
260013203,03/27/2026 01:15:00 PM,RIPLEY ST,Scooter (electric),Cloudy,Wet,Daylight,"Not Suspect of Alcohol Use, Not Suspect of Drug Use",Scooter (electric),Cross/Enter Not at Intersection,Failure to Yield Right-Of-Way,Shoulder/Roadside,Yes,Possible Minor Injury,None,38.99247549,-77.02895968,2026,3,13
260013092,03/26/2026 05:20:00 PM,NA,Cyclist (non-electric),Clear,Dry,Daylight,"Not Suspect of Alcohol Use, Not Suspect of Drug Use",Cyclist (non-electric),Walking/Cycling Along Roadway With Traffic (In or Adjacent to Travel Lane),None (No Improper Action),Intersection Other,No,Possible Minor Injury,Helmet,39.01328517,-77.05828067,2026,3,17
260013090,03/26/2026 05:10:00 PM,HAMPDEN LA,Wheelchair (electric),Clear,Dry,Daylight,"Not Suspect of Alcohol Use, Not Suspect of Drug Use",Wheelchair (electric),Cross/Enter at Intersection,None (No Improper Action),Intersection Marked Crosswalk,No,Possible Minor Injury,None,38.98305188,-77.09366284,2026,3,17
260013066,03/26/2026 02:33:00 PM,NA,Pedestrian,Clear,NA,Daylight,"Not Suspect of Alcohol Use, Not Suspect of Drug Use",Pedestrian,None,None (No Improper Action),Intersection Unmarked Crosswalk,No,Possible Minor Injury,None,39.03922998,-77.05483501,2026,3,14
260012975,03/25/2026 08:01:00 PM,NICHOLSON LA,Pedestrian,Clear,Dry,Medium,"Not Suspect of Alcohol Use, Not Suspect of Drug Use",Pedestrian,Cross/Enter Not at Intersection,Dart/Dash,Travel Lane Other Location,No,Suspected Serious Injury,None,39.04867905,-77.10184766,2026,3,20
260012936,03/25/2026 04:33:00 PM,NA,Cyclist (Electric),Clear,Dry,Daylight,"Not Suspect of Alcohol Use, Not Suspect of Drug Use",Cyclist (Electric),Walking/Cycling Along Roadway With Traffic (In or Adjacent to Travel Lane),Improper Turn/Merge),Travel Lane Other Location,No,Suspected Serious Injury,"Helmet, Reflectors",38.9960585,-77.12780583,2026,3,16
260012926,03/25/2026 04:02:00 PM,NA,Pedestrian,Clear,NA,Daylight,"Not Suspect of Alcohol Use, Not Suspect of Drug Use",Pedestrian,Cross/Enter Not at Intersection,None (No Improper Action),Shared Use Path or Trail,No,Possible Minor Injury,None,39.18159712,-77.2709751,2026,3,16
260012890,03/25/2026 12:23:00 PM,GEORGIA AVE,Pedestrian,Clear,Dry,Daylight,"Not Suspect of Alcohol Use, Not Suspect of Drug Use, Suspect of Alcohol Use, Not Suspect of Drug Use",Pedestrian,Standing,None (No Improper Action),Sidewalk,No,Suspected Serious Injury,None,38.99247468,-77.02657327,2026,3,12
260012890,03/25/2026 12:23:00 PM,GEORGIA AVE,Pedestrian,Clear,Dry,Daylight,"Not Suspect of Alcohol Use, Not Suspect of Drug Use, Suspect of Alcohol Use, Not Suspect of Drug Use",Pedestrian,Standing,None (No Improper Action),Sidewalk,No,Suspected Serious Injury,None,38.99247468,-77.02657327,2026,3,12
260012810,03/24/2026 07:00:00 PM,N VAN BUREN ST,Pedestrian,Clear,Dry,Medium,"Not Suspect of Alcohol Use, Not Suspect of Drug Use",Pedestrian,Cross/Enter at Intersection,None (No Improper Action),Intersection Marked Crosswalk,No,Possible Minor Injury,None,39.08495227,-77.15654274,2026,3,19
260012641,03/24/2026 07:40:00 AM,BLUERIDGE AVE,Pedestrian,Clear,Dry,Daylight,"Not Suspect of Alcohol Use, Not Suspect of Drug Use",Pedestrian,None,"Failure to Obey Traffic Signs, Signals, or Officer",Shoulder/Roadside,Yes,Possible Minor Injury,None,39.046758,-77.05968917,2026,3,7
260012599,03/23/2026 05:39:00 PM,FAIRMONT AVE,Pedestrian,Clear,Dry,Daylight,"Unknown, Unknown",Pedestrian,Cross/Enter at Intersection,None (No Improper Action),Intersection Marked Crosswalk,No,Possible Minor Injury,None,38.98710065,-77.09794768,2026,3,17
260012513,03/22/2026 07:30:00 PM,STEWART LA,Pedestrian,Clear,Dry,Daylight,"Not Suspect of Alcohol Use, Not Suspect of Drug Use",Pedestrian,Cross/Enter at Intersection,None (No Improper Action),Intersection Marked Crosswalk,No,Possible Minor Injury,None,39.04620981,-76.98654308,2026,3,19
260012409,03/22/2026 03:20:00 PM,EAST WEST HWY,Pedestrian,Clear,Dry,Daylight,"Not Suspect of Alcohol Use, Not Suspect of Drug Use",Pedestrian,Cross/Enter at Intersection,"In Roadway Improperly (Standing, Lying, Working, Playing)",Intersection Unmarked Crosswalk,Yes,Possible Minor Injury,None,38.98836958,-77.07512878,2026,3,15
260012769,03/22/2026 03:20:00 PM,NA,Pedestrian,Clear,NA,Daylight,"Unknown, Unknown",Pedestrian,Standing,None (No Improper Action),Other,No,Possible Minor Injury,None,39.09113042,-77.04704534,2026,3,15
260012218,03/20/2026 08:01:00 PM,NA,Pedestrian,Rain,NA,Medium,"Not Suspect of Alcohol Use, Not Suspect of Drug Use",Pedestrian,Cross/Enter at Intersection,None (No Improper Action),Intersection Marked Crosswalk,No,Possible Minor Injury,None,39.1990915,-77.24783967,2026,3,20
260012218,03/20/2026 08:01:00 PM,NA,Pedestrian,Rain,NA,Medium,"Not Suspect of Alcohol Use, Not Suspect of Drug Use",Pedestrian,Cross/Enter at Intersection,None (No Improper Action),Intersection Marked Crosswalk,No,No Apparent Injury,None,39.1990915,-77.24783967,2026,3,20
260012176,03/20/2026 03:53:00 PM,FATHER HURLEY BLVD,Pedestrian,Clear,Dry,Daylight,"Not Suspect of Alcohol Use, Not Suspect of Drug Use",Pedestrian,Cross/Enter at Intersection,None (No Improper Action),Intersection Marked Crosswalk,No,Possible Minor Injury,None,39.19198337,-77.27216959,2026,3,15
260012119,03/20/2026 09:43:00 AM,ORCHARD AVE,Pedestrian,Clear,Dry,Daylight,"Not Suspect of Alcohol Use, Not Suspect of Drug Use",Pedestrian,None,None (No Improper Action),Travel Lane Other Location,No,Possible Minor Injury,None,38.96926295,-77.00247821,2026,3,9
260011946,03/19/2026 10:10:00 AM,NA,Pedestrian,Cloudy,NA,Daylight,"Not Suspect of Alcohol Use, Not Suspect of Drug Use",Pedestrian,Cross/Enter at Intersection,None (No Improper Action),Intersection Marked Crosswalk,No,Suspected Serious Injury,None,39.15179273,-77.06734204,2026,3,10
260011936,03/19/2026 09:19:00 AM,NA,Pedestrian,Clear,NA,Daylight,"Not Suspect of Alcohol Use, Not Suspect of Drug Use",Pedestrian,Other,None (No Improper Action),Other,No,Possible Minor Injury,None,39.17920958,-77.26097442,2026,3,9
260011970,03/19/2026 09:00:00 AM,NA,Pedestrian,Clear,Dry,Daylight,"Unknown, Unknown",Pedestrian,Getting Off/On Vehicle,Unknown,Shoulder/Roadside,No,Possible Minor Injury,None,39.08269353,-76.94336541,2026,3,9
260011903,03/18/2026 10:08:00 PM,METRO ENT,Pedestrian,Clear,Dry,Medium,"Not Suspect of Alcohol Use, Not Suspect of Drug Use",Pedestrian,Cross/Enter at Intersection,None (No Improper Action),Intersection Marked Crosswalk,No,Possible Minor Injury,None,39.11738006,-77.16892591,2026,3,22
260011841,03/18/2026 04:21:00 PM,NA,Pedestrian,Clear,NA,Daylight,"Not Suspect of Alcohol Use, Not Suspect of Drug Use",Pedestrian,Walking/Cycling Along Roadway With Traffic (In or Adjacent to Travel Lane),"In Roadway Improperly (Standing, Lying, Working, Playing)",Intersection Other,No,Possible Minor Injury,None,39.05472117,-76.9561315,2026,3,16
260011827,03/18/2026 03:57:00 PM,NA,Pedestrian,Clear,NA,Daylight,"Not Suspect of Alcohol Use, Not Suspect of Drug Use",Pedestrian,Cross/Enter Not at Intersection,Unknown,Intersection Unmarked Crosswalk,Yes,Possible Minor Injury,None,39.08002656,-77.07902245,2026,3,15
260011761,03/18/2026 01:00:00 PM,CHOKE CHERRY RD,Cyclist (Electric),Clear,Dry,Daylight,"Not Suspect of Alcohol Use, Not Suspect of Drug Use",Cyclist (Electric),Cross/Enter at Intersection,None (No Improper Action),Intersection Marked Crosswalk,No,Possible Minor Injury,Helmet,39.11396464,-77.18479989,2026,3,13
260011658,03/17/2026 06:00:00 PM,COLESVILLE RD,Pedestrian,Clear,Dry,Daylight,"Not Suspect of Alcohol Use, Not Suspect of Drug Use",Pedestrian,Cross/Enter at Intersection,None (No Improper Action),Intersection Marked Crosswalk,No,Possible Minor Injury,None,38.99767357,-77.02704862,2026,3,18
260011547,03/17/2026 07:02:00 AM,CONNECTICUT AVE (SB/L),Pedestrian,Clear,Dry,Medium,"Unknown, Unknown",Pedestrian,Other,None (No Improper Action),Median/Crossing Island,No,Possible Minor Injury,None,39.09011905,-77.07140175,2026,3,7
260011545,03/17/2026 06:06:00 AM,NA,Pedestrian,Clear,NA,Medium,"Not Suspect of Alcohol Use, Not Suspect of Drug Use",Pedestrian,None,"Not Visible (Dark Clothing, No Lighting, etc.)",NonTrafficway Area,No,Possible Minor Injury,None,39.03528715,-76.97804421,2026,3,6
260011493,03/16/2026 10:00:00 AM,DEAN RD,Cyclist (non-electric),Clear,Dry,Daylight,"Not Suspect of Alcohol Use, Not Suspect of Drug Use",Cyclist (non-electric),Walking/Cycling Along Roadway With Traffic (In or Adjacent to Travel Lane),None (No Improper Action),Shoulder/Roadside,No,Possible Minor Injury,Unknown,39.06901326,-77.07544367,2026,3,10
260011232,03/14/2026 06:30:00 PM,MONTGOMERY VILLAGE AVE (SB/L),Cyclist (Electric),Clear,Dry,Medium,"Unknown, Unknown",Cyclist (Electric),Cross/Enter at Intersection,None (No Improper Action),Intersection Marked Crosswalk,No,Possible Minor Injury,None,39.17087197,-77.20405393,2026,3,18
260011179,03/14/2026 10:35:00 AM,MATTHEW HENSON TRL,Cyclist (Electric),Clear,Dry,Daylight,"Not Suspect of Alcohol Use, Not Suspect of Drug Use",Cyclist (Electric),Cross/Enter Not at Intersection,None (No Improper Action),Intersection Marked Crosswalk,No,Possible Minor Injury,Helmet,39.08425294,-77.04149687,2026,3,10
260010985,03/12/2026 09:17:00 PM,GEORGIA AVE,Pedestrian,Clear,Wet,Medium,"Not Suspect of Alcohol Use, Not Suspect of Drug Use, Not Suspect of Alcohol Use, Not Suspect of Drug Use, Not Suspect of Alcohol Use, Not Suspect of Drug Use",Pedestrian,Other,"Disabled Vehicle-Related (Working on, Pushing, Leaving/Approaching)",Travel Lane Other Location,No,Suspected Serious Injury,None,39.11534443,-77.0751558,2026,3,21
260010985,03/12/2026 09:17:00 PM,GEORGIA AVE,Pedestrian,Clear,Wet,Medium,"Not Suspect of Alcohol Use, Not Suspect of Drug Use, Not Suspect of Alcohol Use, Not Suspect of Drug Use, Not Suspect of Alcohol Use, Not Suspect of Drug Use",Pedestrian,Other,"Disabled Vehicle-Related (Working on, Pushing, Leaving/Approaching)",Travel Lane Other Location,No,Suspected Serious Injury,None,39.11534443,-77.0751558,2026,3,21
260010857,03/12/2026 07:03:00 AM,LONGMEAD CROSSING DR,Pedestrian,Rain,Wet,Dark,"Not Suspect of Alcohol Use, Not Suspect of Drug Use",Pedestrian,Other,"In Roadway Improperly (Standing, Lying, Working, Playing), Not Visible (Dark Clothing, No Lighting, etc.)",Intersection Other,Yes,Possible Minor Injury,None,39.10381768,-77.05428402,2026,3,7
260010774,03/11/2026 03:03:00 PM,DIAMONDBACK DR (SB/L),Cyclist (Electric),Clear,Dry,Daylight,"Not Suspect of Alcohol Use, Not Suspect of Drug Use",Cyclist (Electric),Cross/Enter at Intersection,None (No Improper Action),Intersection Marked Crosswalk,No,Possible Minor Injury,Helmet,39.1052565,-77.201615,2026,3,15
260010754,03/11/2026 01:00:00 PM,NA,Pedestrian,Clear,NA,Daylight,"Not Suspect of Alcohol Use, Not Suspect of Drug Use",Pedestrian,Standing,None (No Improper Action),Intersection Unmarked Crosswalk,No,Possible Minor Injury,None,39.03174456,-77.00393093,2026,3,13
260010646,03/10/2026 05:04:00 PM,NA,Pedestrian,Clear,NA,Daylight,"Not Suspect of Alcohol Use, Not Suspect of Drug Use",Pedestrian,Cross/Enter at Intersection,"Dart/Dash, Failure to Yield Right-Of-Way, In Roadway Improperly (Standing, Lying, Working, Playing)",Intersection Other,Yes,Possible Minor Injury,None,38.99229483,-77.03228817,2026,3,17
260010633,03/10/2026 03:55:00 PM,NA,Pedestrian,Clear,Dry,Daylight,"Not Suspect of Alcohol Use, Not Suspect of Drug Use",Pedestrian,Cross/Enter Not at Intersection,Dart/Dash,Intersection Unmarked Crosswalk,Yes,Possible Minor Injury,None,38.97911535,-77.09875904,2026,3,15
260010348,03/09/2026 08:16:00 AM,WISCONSIN AVE (SB/L),Pedestrian,Clear,Dry,Daylight,"Unknown, Unknown",Pedestrian,Cross/Enter at Intersection,None (No Improper Action),Intersection Marked Crosswalk,No,Possible Minor Injury,None,38.99279234,-77.09610789,2026,3,8
260010315,03/08/2026 08:10:00 PM,NA,Pedestrian,Clear,Dry,Medium,"Not Suspect of Alcohol Use, Not Suspect of Drug Use",Pedestrian,Cross/Enter at Intersection,None (No Improper Action),Midblock Marked Crosswalk,No,Possible Minor Injury,None,39.08507931,-77.14924858,2026,3,20
260010293,03/08/2026 06:40:00 PM,GIRARD ST,Cyclist (Electric),Clear,Dry,Daylight,"Not Suspect of Alcohol Use, Not Suspect of Drug Use",Cyclist (Electric),Cross/Enter at Intersection,None (No Improper Action),Intersection Marked Crosswalk,No,Possible Minor Injury,None,39.144528,-77.18374692,2026,3,18
260010293,03/08/2026 06:40:00 PM,GIRARD ST,Cyclist (Electric),Clear,Dry,Daylight,"Not Suspect of Alcohol Use, Not Suspect of Drug Use",Cyclist (Electric),Cross/Enter at Intersection,None (No Improper Action),Intersection Marked Crosswalk,No,Possible Minor Injury,None,39.144528,-77.18374692,2026,3,18
260010175,03/07/2026 05:51:00 PM,NA,Pedestrian,Clear,Dry,Daylight,"Not Suspect of Alcohol Use, Not Suspect of Drug Use",Pedestrian,Cross/Enter Not at Intersection,Unknown,Travel Lane Other Location,No,Possible Minor Injury,None,38.980725,-77.09583833,2026,3,17
260010060,03/06/2026 08:00:00 PM,MARINELLI RD,Pedestrian,Clear,Dry,Medium,"Not Suspect of Alcohol Use, Not Suspect of Drug Use",Pedestrian,Cross/Enter at Intersection,None (No Improper Action),Intersection Marked Crosswalk,No,Possible Minor Injury,None,39.04717249,-77.11283405,2026,3,20
260009726,03/04/2026 07:00:00 PM,LONE OAK DR,Pedestrian,Rain,Wet,Dark,"Not Suspect of Alcohol Use, Not Suspect of Drug Use",Pedestrian,Cross/Enter at Intersection,"Not Visible (Dark Clothing, No Lighting, etc.)",Intersection Marked Crosswalk,No,Possible Minor Injury,None,39.02070354,-77.12246551,2026,3,19
260009970,03/03/2026 01:30:00 PM,WISCONSIN AVE (SB/L),Pedestrian,Rain,Wet,Daylight,"Unknown, Unknown",Pedestrian,Cross/Enter at Intersection,Unknown,Intersection Marked Crosswalk,No,Possible Minor Injury,None,38.96379264,-77.08719265,2026,3,13
260009316,03/02/2026 03:03:00 PM,WISCONSIN AVE,Pedestrian,Snow,Wet,Daylight,"Not Suspect of Alcohol Use, Not Suspect of Drug Use",Pedestrian,Cross/Enter at Intersection,None (No Improper Action),Intersection Marked Crosswalk,No,Possible Minor Injury,None,38.98020683,-77.09200567,2026,3,15
260009207,03/01/2026 06:30:00 PM,AVERY RD,Pedestrian,Clear,Dry,Medium,"Not Suspect of Alcohol Use, Not Suspect of Drug Use",Pedestrian,Unknown,Unknown,Unknown,No,Fatal Injury,None,39.09281566,-77.12271671,2026,3,18
260009046,02/28/2026 05:14:00 PM,NA,Pedestrian,Clear,NA,Daylight,"Not Suspect of Alcohol Use, Not Suspect of Drug Use",Pedestrian,Other,None (No Improper Action),Other,No,Possible Minor Injury,None,39.15376787,-77.19792279,2026,2,17
260009046,02/28/2026 05:14:00 PM,NA,Pedestrian,Clear,NA,Daylight,"Not Suspect of Alcohol Use, Not Suspect of Drug Use",Pedestrian,Other,None (No Improper Action),Other,No,Possible Minor Injury,None,39.15376787,-77.19792279,2026,2,17
260009046,02/28/2026 05:14:00 PM,NA,Pedestrian,Clear,NA,Daylight,"Not Suspect of Alcohol Use, Not Suspect of Drug Use",Pedestrian,Other,None (No Improper Action),Other,No,Possible Minor Injury,None,39.15376787,-77.19792279,2026,2,17
260008758,02/26/2026 06:27:00 PM,PLYERS MILL RD,Scooter (electric),Rain,Wet,Medium,"Not Suspect of Alcohol Use, Not Suspect of Drug Use",Scooter (electric),Walking/Cycling on Sidewalk,"Not Visible (Dark Clothing, No Lighting, etc.)",Intersection Marked Crosswalk,No,Possible Minor Injury,None,39.0297585,-77.07576983,2026,2,18
260008714,02/26/2026 03:26:00 PM,NA,Cyclist (non-electric),Rain,Wet,Daylight,"Not Suspect of Alcohol Use, Not Suspect of Drug Use",Cyclist (non-electric),None,None (No Improper Action),Intersection Marked Crosswalk,No,Possible Minor Injury,None,39.06306611,-77.12492536,2026,2,15
260008577,02/25/2026 06:26:00 PM,TOWN COMMONS BLVD,Pedestrian,Clear,Dry,Medium,"Not Suspect of Alcohol Use, Not Suspect of Drug Use",Pedestrian,Cross/Enter at Intersection,None (No Improper Action),Intersection Marked Crosswalk,No,Possible Minor Injury,None,39.1810248,-77.26711368,2026,2,18
260008430,02/25/2026 06:40:00 AM,NA,Pedestrian,Clear,Dry,Daylight,"Not Suspect of Alcohol Use, Not Suspect of Drug Use",Pedestrian,Cross/Enter at Intersection,"Dart/Dash, Failure to Yield Right-Of-Way",Intersection Marked Crosswalk,Yes,Suspected Serious Injury,None,39.07347303,-77.11189733,2026,2,6
260008384,02/24/2026 06:37:00 PM,E FRANKLIN AVE (WB/L),Pedestrian,Clear,Dry,Medium,"Not Suspect of Alcohol Use, Not Suspect of Drug Use",Pedestrian,Cross/Enter at Intersection,None (No Improper Action),Intersection Marked Crosswalk,No,Possible Minor Injury,None,39.01227563,-77.002663,2026,2,18
260008226,02/23/2026 03:40:00 PM,MAIN ST,Pedestrian,Cloudy,Wet,Daylight,"Not Suspect of Alcohol Use, Not Suspect of Drug Use",Pedestrian,Standing,None (No Improper Action),Travel Lane Other Location,No,Possible Minor Injury,None,39.12171679,-77.23830652,2026,2,15
260007974,02/22/2026 03:22:00 PM,NA,Pedestrian,Clear,NA,Daylight,"Unknown, Unknown",Pedestrian,Other,None (No Improper Action),Other,No,Possible Minor Injury,None,39.07994865,-77.07909204,2026,2,15
260007977,02/21/2026 04:03:00 PM,CHESTNUT BRANCH WAY,Pedestrian,Clear,Dry,Daylight,"Not Suspect of Alcohol Use, Not Suspect of Drug Use",Pedestrian,Cross/Enter at Intersection,None (No Improper Action),Intersection Unmarked Crosswalk,No,Possible Minor Injury,None,39.22993523,-77.24931428,2026,2,16
260007960,02/21/2026 01:22:00 PM,SHAKESPEARE BLVD (WB/L),Pedestrian,Clear,Dry,Daylight,"Not Suspect of Alcohol Use, Not Suspect of Drug Use",Pedestrian,Cross/Enter at Intersection,None (No Improper Action),Midblock Marked Crosswalk,No,Possible Minor Injury,None,39.19742154,-77.2522854,2026,2,13
260007744,02/20/2026 06:55:00 AM,NA,Pedestrian,Rain,Wet,Medium,"Not Suspect of Alcohol Use, Not Suspect of Drug Use",Pedestrian,None,None (No Improper Action),Intersection Other,No,Possible Minor Injury,None,39.01515338,-76.9769653,2026,2,6
260007746,02/20/2026 06:54:00 AM,EAST WEST HWY,Pedestrian,Rain,Wet,Medium,"Not Suspect of Alcohol Use, Not Suspect of Drug Use",Pedestrian,Cross/Enter at Intersection,None (No Improper Action),Intersection Marked Crosswalk,No,Possible Minor Injury,None,38.99510001,-77.03804573,2026,2,6
260007703,02/19/2026 08:10:00 PM,PARAMOUNT PARK DR (NB/L),Pedestrian,Rain,Wet,Medium,"Not Suspect of Alcohol Use, Not Suspect of Drug Use",Pedestrian,Cross/Enter at Intersection,None (No Improper Action),Intersection Marked Crosswalk,No,Possible Minor Injury,None,39.15994232,-77.22143697,2026,2,20
260007703,02/19/2026 08:10:00 PM,PARAMOUNT PARK DR (NB/L),Pedestrian,Rain,Wet,Medium,"Not Suspect of Alcohol Use, Not Suspect of Drug Use",Pedestrian,Cross/Enter at Intersection,None (No Improper Action),Intersection Marked Crosswalk,No,Possible Minor Injury,None,39.15994232,-77.22143697,2026,2,20
260007690,02/19/2026 06:42:00 PM,GLENALLAN AVE (WB/L),Pedestrian,Rain,Wet,Medium,"Not Suspect of Alcohol Use, Not Suspect of Drug Use",Pedestrian,Cross/Enter at Intersection,None (No Improper Action),Intersection Marked Crosswalk,No,No Apparent Injury,None,39.06317414,-77.05019567,2026,2,18
260007688,02/19/2026 04:40:00 PM,ROCKVILLE PIKE (SB/L),Pedestrian,Clear,NA,Daylight,"Unknown, Unknown",Pedestrian,Walking/Cycling on Sidewalk,None (No Improper Action),Sidewalk,No,Possible Minor Injury,None,39.07214333,-77.13334324,2026,2,16
260007688,02/19/2026 04:40:00 PM,ROCKVILLE PIKE (SB/L),Pedestrian,Clear,NA,Daylight,"Unknown, Unknown",Pedestrian,Walking/Cycling on Sidewalk,None (No Improper Action),Sidewalk,No,Possible Minor Injury,None,39.07214333,-77.13334324,2026,2,16
260007435,02/18/2026 10:47:00 AM,NA,Pedestrian,Clear,NA,Daylight,"Not Suspect of Alcohol Use, Not Suspect of Drug Use",Pedestrian,Other,None (No Improper Action),Other,No,Suspected Serious Injury,None,39.04869562,-76.95658039,2026,2,10
260007262,02/17/2026 09:58:00 AM,YELLOW LEAF WAY,Pedestrian,Cloudy,Dry,Daylight,"Not Suspect of Alcohol Use, Not Suspect of Drug Use",Pedestrian,Other Working,None (No Improper Action),Travel Lane Other Location,No,Possible Minor Injury,Reflectors,39.18546959,-77.22977226,2026,2,9
260007173,02/16/2026 04:26:00 PM,POTOMAC PROMENADE/PLACE,Pedestrian,Clear,Dry,Daylight,"Not Suspect of Alcohol Use, Not Suspect of Drug Use",Pedestrian,Cross/Enter at Intersection,None (No Improper Action),Intersection Marked Crosswalk,No,Possible Minor Injury,None,39.01715387,-77.20987371,2026,2,16
260007008,02/15/2026 02:23:00 PM,NA,Pedestrian,Rain,NA,Daylight,"Not Suspect of Alcohol Use, Not Suspect of Drug Use",Pedestrian,Other,Unknown,Unknown,No,Possible Minor Injury,None,39.05579261,-77.11738531,2026,2,14
260006736,02/13/2026 01:08:00 PM,S FREDERICK RD,Scooter (electric),Clear,Dry,Daylight,"Not Suspect of Alcohol Use, Not Suspect of Drug Use",Scooter (electric),Walking/Cycling on Sidewalk,Failure to Yield Right-Of-Way,Driveway Access,Yes,Possible Minor Injury,Helmet,39.13940705,-77.19577155,2026,2,13
260006507,02/11/2026 09:57:00 PM,NA,Pedestrian,Clear,Dry,Medium,"Not Suspect of Alcohol Use, Not Suspect of Drug Use",Pedestrian,Cross/Enter Not at Intersection,Other,Travel Lane Other Location,Yes,Fatal Injury,None,38.9949805,-77.045462,2026,2,21
260006304,02/10/2026 07:11:00 PM,NA,Pedestrian,Clear,NA,Medium,"Not Suspect of Alcohol Use, Not Suspect of Drug Use",Pedestrian,Other,Unknown,Other,No,Possible Minor Injury,None,39.03514117,-77.05654717,2026,2,19
260006245,02/10/2026 03:14:00 PM,PARKER AVE,Pedestrian,Cloudy,Wet,Daylight,"Not Suspect of Alcohol Use, Not Suspect of Drug Use",Pedestrian,Cross/Enter Not at Intersection,Dart/Dash,Travel Lane Other Location,Yes,Suspected Serious Injury,None,39.04953835,-77.05194984,2026,2,15
260006199,02/10/2026 01:04:00 PM,NA,Pedestrian,Cloudy,Dry,Daylight,"Not Suspect of Alcohol Use, Not Suspect of Drug Use",Pedestrian,Cross/Enter at Intersection,None (No Improper Action),Intersection Marked Crosswalk,No,Possible Minor Injury,"None, Other",38.95817152,-77.10968823,2026,2,13
260006199,02/10/2026 01:04:00 PM,NA,Pedestrian,Cloudy,Dry,Daylight,"Not Suspect of Alcohol Use, Not Suspect of Drug Use",Pedestrian,Cross/Enter at Intersection,None (No Improper Action),Intersection Marked Crosswalk,No,Possible Minor Injury,"None, Other",38.95817152,-77.10968823,2026,2,13
260006028,02/09/2026 03:40:00 PM,NA,Cyclist (non-electric),Clear,Dry,Daylight,"Unknown, Unknown",Cyclist (non-electric),Walking/Cycling Along Roadway With Traffic (In or Adjacent to Travel Lane),None (No Improper Action),Shoulder/Roadside,No,No Apparent Injury,"Helmet, Reflectors",38.99293523,-77.10760343,2026,2,15
260005856,02/08/2026 01:57:00 PM,NA,Pedestrian,Clear,NA,Daylight,"Not Suspect of Alcohol Use, Not Suspect of Drug Use, Not Suspect of Alcohol Use, Not Suspect of Drug Use",Pedestrian,Standing,None (No Improper Action),Other,No,Possible Minor Injury,None,39.00023068,-77.00263071,2026,2,13
260005583,02/06/2026 12:00:00 PM,NA,Pedestrian,Clear,NA,Daylight,"Unknown, Unknown",Pedestrian,Other,Unknown,Other,No,Possible Minor Injury,None,39.11500778,-77.18690702,2026,2,12
260005095,02/03/2026 06:37:00 PM,NA,Pedestrian,Clear,Dry,Dark,"Not Suspect of Alcohol Use, Not Suspect of Drug Use",Pedestrian,Unknown,"Not Visible (Dark Clothing, No Lighting, etc.)",Travel Lane Other Location,Yes,Possible Minor Injury,None,39.00193644,-77.15973981,2026,2,18
260004883,02/02/2026 04:07:00 PM,COLESVILLE RD (WB/L),Pedestrian,Clear,Dry,Daylight,"Not Suspect of Alcohol Use, Not Suspect of Drug Use",Pedestrian,Cross/Enter at Intersection,None (No Improper Action),Intersection Marked Crosswalk,No,Possible Minor Injury,None,38.99434051,-77.03110128,2026,2,16
260005292,02/02/2026 01:40:00 PM,MONROE ST,Cyclist (non-electric),Clear,Dry,Daylight,"Not Suspect of Alcohol Use, Not Suspect of Drug Use",Cyclist (non-electric),Walking/Cycling on Sidewalk,None (No Improper Action),Intersection Marked Crosswalk,No,Possible Minor Injury,Unknown,39.08441506,-77.1491036,2026,2,13
260004792,02/01/2026 08:14:00 PM,FATHER HURLEY BLVD,Pedestrian,Clear,Dry,Medium,"Not Suspect of Alcohol Use, Not Suspect of Drug Use",Pedestrian,Walking/Cycling Along Roadway With Traffic (In or Adjacent to Travel Lane),"In Roadway Improperly (Standing, Lying, Working, Playing), Not Visible (Dark Clothing, No Lighting, etc.)",Shoulder/Roadside,Yes,No Apparent Injury,Lighting,39.18993458,-77.2732948,2026,2,20
260004783,02/01/2026 06:02:00 PM,SERPENTINE WAY,Pedestrian,Clear,Slush,Medium,"Not Suspect of Alcohol Use, Not Suspect of Drug Use",Pedestrian,Standing,Other,Other,Yes,Possible Minor Injury,None,39.06761874,-76.96965667,2026,2,18
260004565,01/31/2026 11:50:00 PM,ROCKVILLE PIKE (SB/L),Pedestrian,Clear,Dry,Medium,"Unknown, Unknown",Pedestrian,Unknown,Unknown,Shoulder/Roadside,No,Possible Minor Injury,Unknown,39.04864252,-77.11388648,2026,1,23
260004656,01/31/2026 04:15:00 PM,NA,Pedestrian,Clear,NA,Daylight,"Unknown, Unknown",Pedestrian,Walking/Cycling on Sidewalk,None (No Improper Action),NonTrafficway Area,No,Possible Minor Injury,None,39.08477358,-77.13541061,2026,1,16
260004602,01/31/2026 11:45:00 AM,SLIGO AVE,Pedestrian,Clear,Dry,Daylight,"Suspect of Alcohol Use, Not Suspect of Drug Use",Pedestrian,Walking/Cycling Along Roadway With Traffic (In or Adjacent to Travel Lane),None (No Improper Action),Shoulder/Roadside,No,Possible Minor Injury,None,38.99017577,-77.02207366,2026,1,11
260004454,01/30/2026 02:00:00 PM,NA,Pedestrian,Clear,NA,Daylight,"Not Suspect of Alcohol Use, Not Suspect of Drug Use",Pedestrian,Cross/Enter at Intersection,None (No Improper Action),Midblock Marked Crosswalk,No,Possible Minor Injury,None,39.19884695,-77.25159765,2026,1,14
260004099,01/28/2026 07:50:00 AM,WISCONSIN AVE,Pedestrian,Clear,Dry,Daylight,"Not Suspect of Alcohol Use, Not Suspect of Drug Use",Pedestrian,None,None (No Improper Action),Intersection Marked Crosswalk,No,Possible Minor Injury,None,38.98366551,-77.0937764,2026,1,7
260003563,01/23/2026 09:30:00 AM,FRANKFORT DR,Pedestrian,Clear,Dry,Daylight,"Not Suspect of Alcohol Use, Not Suspect of Drug Use",Pedestrian,Other Working,None (No Improper Action),Other,No,Possible Minor Injury,Other,39.08177437,-77.08543721,2026,1,9
260003306,01/21/2026 05:10:00 PM,GRANDVIEW AVE,Scooter (electric),Clear,Dry,Daylight,"Not Suspect of Alcohol Use, Not Suspect of Drug Use",Scooter (electric),Cross/Enter at Intersection,"Failure to Obey Traffic Signs, Signals, or Officer, Failure to Yield Right-Of-Way",Intersection Other,Yes,Possible Minor Injury,Helmet,39.05096273,-77.05270107,2026,1,17
260003162,01/20/2026 05:43:00 PM,WMATA ENT,Pedestrian,Clear,Dry,Medium,"Not Suspect of Alcohol Use, Not Suspect of Drug Use",Pedestrian,Cross/Enter at Intersection,None (No Improper Action),Intersection Marked Crosswalk,No,Possible Minor Injury,None,38.99417143,-77.03091286,2026,1,17
260003079,01/20/2026 11:00:00 AM,NA,Pedestrian,Clear,NA,Daylight,"Not Suspect of Alcohol Use, Not Suspect of Drug Use",Pedestrian,Cross/Enter Not at Intersection,Dart/Dash,Other,Yes,Possible Minor Injury,None,39.19237707,-77.24377451,2026,1,11
260003003,01/19/2026 07:05:00 PM,FIRSTFIELD RD,Pedestrian,Clear,Dry,Medium,"Not Suspect of Alcohol Use, Not Suspect of Drug Use",Pedestrian,Cross/Enter at Intersection,Dart/Dash,Intersection Marked Crosswalk,Yes,Possible Minor Injury,None,39.14504666,-77.22008721,2026,1,19
260002833,01/18/2026 04:45:00 PM,NA,Cyclist (Electric),Snow,NA,Daylight,"Not Suspect of Alcohol Use, Not Suspect of Drug Use",Cyclist (Electric),Walking/Cycling on Sidewalk,Unknown,Driveway Access,No,Possible Minor Injury,Helmet,39.05837187,-77.12118333,2026,1,16
260002508,01/16/2026 12:18:00 PM,GEORGIA AVE,Scooter (electric),Clear,Dry,Daylight,"Not Suspect of Alcohol Use, Not Suspect of Drug Use",Scooter (electric),Cross/Enter at Intersection,Other,Intersection Marked Crosswalk,No,Possible Minor Injury,Other,38.98653998,-77.02674633,2026,1,12
260002328,01/15/2026 09:00:00 AM,STEDWICK RD,Pedestrian,Snow,Snow,Daylight,"Not Suspect of Alcohol Use, Not Suspect of Drug Use",Pedestrian,Cross/Enter at Intersection,Other,Intersection Marked Crosswalk,No,Possible Minor Injury,None,39.17053816,-77.20892974,2026,1,9
260002328,01/15/2026 09:00:00 AM,STEDWICK RD,Pedestrian,Snow,Snow,Daylight,"Not Suspect of Alcohol Use, Not Suspect of Drug Use",Pedestrian,Cross/Enter at Intersection,Other,Intersection Marked Crosswalk,No,Possible Minor Injury,None,39.17053816,-77.20892974,2026,1,9
260002317,01/15/2026 08:00:00 AM,GERMANTOWN RD (SB/L),Pedestrian,Clear,Dry,Daylight,"Not Suspect of Alcohol Use, Not Suspect of Drug Use",Pedestrian,Walking/Cycling on Sidewalk,None (No Improper Action),Other,No,Suspected Serious Injury,None,39.18269609,-77.25906738,2026,1,8
260001910,01/12/2026 06:39:00 PM,FAIRLAND RD (WB/L),Pedestrian,Clear,Dry,Medium,"Not Suspect of Alcohol Use, Not Suspect of Drug Use, Unknown, Unknown",Pedestrian,Cross/Enter at Intersection,Unknown,Intersection Marked Crosswalk,No,Fatal Injury,None,39.073615,-76.95569865,2026,1,18
260001904,01/12/2026 04:30:00 PM,ROYAL WOODS CT,Cyclist (non-electric),Clear,Dry,Medium,"Not Suspect of Alcohol Use, Not Suspect of Drug Use",Cyclist (non-electric),Walking/Cycling Along Roadway With Traffic (In or Adjacent to Travel Lane),None (No Improper Action),Travel Lane Other Location,No,Possible Minor Injury,None,39.17929499,-77.21437847,2026,1,16
260001894,01/12/2026 03:27:00 PM,NA,Pedestrian,Clear,Dry,Daylight,"Unknown, Unknown",Pedestrian,Walking/Cycling Along Roadway Against Traffic (In or Adjacent to Travel Lane),"Failure to Obey Traffic Signs, Signals, or Officer",Intersection Marked Crosswalk,Yes,No Apparent Injury,None,38.99537291,-77.02439135,2026,1,15
260001797,01/12/2026 09:45:00 AM,HENDERSON AVE,Pedestrian,Clear,Dry,Daylight,"Not Suspect of Alcohol Use, Not Suspect of Drug Use",Pedestrian,Cross/Enter at Intersection,None (No Improper Action),Intersection Marked Crosswalk,No,Possible Minor Injury,None,39.05077572,-77.05147888,2026,1,9
260001759,01/12/2026 07:09:00 AM,POINDEXTER LA,Pedestrian,Cloudy,Dry,Medium,"Not Suspect of Alcohol Use, Not Suspect of Drug Use",Pedestrian,Cross/Enter at Intersection,None (No Improper Action),Intersection Marked Crosswalk,No,Possible Minor Injury,Unknown,39.0400339,-77.12233434,2026,1,7
260001728,01/11/2026 07:50:00 PM,CHAPMAN AVE,Cyclist (Electric),Cloudy,Dry,Medium,"Not Suspect of Alcohol Use, Not Suspect of Drug Use",Cyclist (Electric),Walking/Cycling Along Roadway Against Traffic (In or Adjacent to Travel Lane),"Not Visible (Dark Clothing, No Lighting, etc.)",Travel Lane Other Location,No,No Apparent Injury,None,39.05164054,-77.11158306,2026,1,19
260001666,01/11/2026 12:42:00 PM,SUGARBUSH LA,Pedestrian,Clear,Dry,Daylight,"Not Suspect of Alcohol Use, Not Suspect of Drug Use",Pedestrian,Cross/Enter at Intersection,None (No Improper Action),Intersection Unmarked Crosswalk,No,Possible Minor Injury,None,39.03196609,-77.11800449,2026,1,12
260001601,01/10/2026 08:41:00 PM,MIDDLEBROOK RD,Pedestrian,Rain,Wet,Medium,"Not Suspect of Alcohol Use, Not Suspect of Drug Use",Pedestrian,Cross/Enter at Intersection,None (No Improper Action),Intersection Marked Crosswalk,No,Possible Minor Injury,None,39.18120465,-77.23821132,2026,1,20
260001582,01/10/2026 06:27:00 PM,OLD GEORGETOWN RD (SB/L),"Other Pedestrian (person in a building, skater, personal conveyance, etc.)",Rain,Wet,Dark,"Not Suspect of Alcohol Use, Not Suspect of Drug Use","Other Pedestrian (person in a building, skater, personal conveyance, etc.)",Standing,"In Roadway Improperly (Standing, Lying, Working, Playing), Not Visible (Dark Clothing, No Lighting, etc.)",Shared Lane Markings),Yes,Possible Minor Injury,None,39.04978493,-77.11263511,2026,1,18
260001576,01/10/2026 05:45:00 PM,NA,Pedestrian,Rain,NA,Medium,"Not Suspect of Alcohol Use, Not Suspect of Drug Use",Pedestrian,Other,None (No Improper Action),Other,Yes,Possible Minor Injury,None,39.11341438,-77.18588473,2026,1,17
260001508,01/10/2026 11:10:00 AM,NA,Pedestrian,Rain,NA,Daylight,NA,Pedestrian,Standing,Other,Other,Yes,Possible Minor Injury,None,39.0410307,-77.15752133,2026,1,11
260001406,01/09/2026 06:26:00 PM,NA,Pedestrian,Rain,Wet,Dark,"Not Suspect of Alcohol Use, Not Suspect of Drug Use",Pedestrian,None,Unknown,Unknown,No,Suspected Serious Injury,None,38.97857571,-77.20697227,2026,1,18
260001394,01/09/2026 05:50:00 PM,PINEY BRANCH RD,Pedestrian,Rain,Wet,Medium,"Unknown, Unknown",Pedestrian,Cross/Enter at Intersection,None (No Improper Action),Intersection Marked Crosswalk,No,Suspected Serious Injury,None,39.00126733,-76.9875315,2026,1,17
260001389,01/09/2026 05:42:00 PM,SNOUFFERS SCHOOL RD,Cyclist (non-electric),Rain,Wet,Medium,"Not Suspect of Alcohol Use, Not Suspect of Drug Use",Cyclist (non-electric),Cross/Enter at Intersection,None (No Improper Action),Intersection Marked Crosswalk,No,Possible Minor Injury,Reflectors,39.16061218,-77.1627521,2026,1,17
260001364,01/09/2026 05:00:00 PM,NA,Pedestrian,Rain,Wet,Medium,"Not Suspect of Alcohol Use, Not Suspect of Drug Use",Pedestrian,Walking/Cycling Along Roadway Against Traffic (In or Adjacent to Travel Lane),None (No Improper Action),Intersection Marked Crosswalk,No,Possible Minor Injury,None,39.06810991,-77.06116594,2026,1,17
260001309,01/09/2026 07:00:00 AM,ATHERTON DR,Pedestrian,Cloudy,Dry,Medium,"Not Suspect of Alcohol Use, Not Suspect of Drug Use",Pedestrian,Cross/Enter at Intersection,None (No Improper Action),Median/Crossing Island,No,Possible Minor Injury,None,39.06242754,-77.07529855,2026,1,7
260001250,01/08/2026 08:30:00 PM,NA,Pedestrian,Clear,NA,Medium,"Not Suspect of Alcohol Use, Not Suspect of Drug Use",Pedestrian,Other,None (No Improper Action),Shoulder/Roadside,No,Possible Minor Injury,None,39.09212509,-77.07191276,2026,1,20
260001026,01/08/2026 04:10:00 PM,BALTIMORE RD,Unknown Type Of Non-Motorist,Clear,Dry,Daylight,"Unknown, Unknown",Unknown Type Of Non-Motorist,Cross/Enter at Intersection,None (No Improper Action),Intersection Marked Crosswalk,No,Possible Minor Injury,None,39.08463578,-77.13614271,2026,1,16
260001175,01/08/2026 01:00:00 PM,GEORGIA AVE (SB/L),Pedestrian,Clear,Dry,Daylight,"Not Suspect of Alcohol Use, Not Suspect of Drug Use",Pedestrian,Cross/Enter Not at Intersection,None (No Improper Action),Intersection Marked Crosswalk,No,Possible Minor Injury,None,39.01556666,-77.04294186,2026,1,13
260001008,01/07/2026 04:03:00 PM,NA,Cyclist (non-electric),Clear,Dry,Daylight,"Not Suspect of Alcohol Use, Not Suspect of Drug Use",Cyclist (non-electric),Walking/Cycling Along Roadway With Traffic (In or Adjacent to Travel Lane),None (No Improper Action),Shoulder/Roadside,No,Possible Minor Injury,Helmet,39.11372735,-77.26763324,2026,1,16
260000993,01/07/2026 03:00:00 PM,WAYNE AVE,Pedestrian,Clear,Dry,Daylight,"Not Suspect of Alcohol Use, Not Suspect of Drug Use",Pedestrian,Cross/Enter Not at Intersection,Dart/Dash,Travel Lane Other Location,Yes,Possible Minor Injury,None,38.9992314,-77.01771936,2026,1,15
260000918,01/07/2026 01:00:00 AM,MARYLAND AVE,Pedestrian,Clear,Dry,Medium,"Unknown, Unknown",Pedestrian,Cross/Enter at Intersection,None (No Improper Action),Intersection Marked Crosswalk,No,No Apparent Injury,None,39.08511068,-77.15096706,2026,1,1
260000669,01/05/2026 04:07:00 PM,GEORGIA AVE (SB/L),Cyclist (non-electric),Cloudy,Dry,Daylight,"Not Suspect of Alcohol Use, Not Suspect of Drug Use",Cyclist (non-electric),Cross/Enter at Intersection,None (No Improper Action),Intersection Marked Crosswalk,No,Possible Minor Injury,None,39.0806226,-77.07532502,2026,1,16
260000500,01/04/2026 03:21:00 PM,NA,Cyclist (non-electric),Clear,Dry,Daylight,"Not Suspect of Alcohol Use, Not Suspect of Drug Use",Cyclist (non-electric),Walking/Cycling Along Roadway With Traffic (In or Adjacent to Travel Lane),None (No Improper Action),Intersection Marked Crosswalk,No,Possible Minor Injury,"Helmet, Lighting, Protective Pads (elbows, knees, shins, etc.), Reflectors",39.06683399,-77.16163025,2026,1,15
260000366,01/03/2026 04:03:00 PM,SILVER SPRING AVE,Pedestrian,Cloudy,Dry,Daylight,"Not Suspect of Alcohol Use, Not Suspect of Drug Use",Pedestrian,Cross/Enter at Intersection,None (No Improper Action),Intersection Marked Crosswalk,No,Possible Minor Injury,None,38.99171652,-77.02408035,2026,1,16
260000232,01/02/2026 04:56:00 PM,BROADMORE RD,Cyclist (non-electric),Clear,Dry,Daylight,"Not Suspect of Alcohol Use, Not Suspect of Drug Use",Cyclist (non-electric),Cross/Enter Not at Intersection,Other,Travel Lane Other Location,No,Possible Minor Injury,None,39.07139788,-76.99140344,2026,1,16
260000220,01/02/2026 03:49:00 PM,GEORGIA AVE (SB/L),Pedestrian,Clear,Dry,Daylight,"Not Suspect of Alcohol Use, Not Suspect of Drug Use",Pedestrian,Cross/Enter at Intersection,None (No Improper Action),Intersection Marked Crosswalk,No,Possible Minor Injury,None,38.99158306,-77.02661205,2026,1,15
260000113,01/01/2026 06:00:00 PM,GROVE ST,Pedestrian,Clear,Dry,Dark,"Not Suspect of Alcohol Use, Not Suspect of Drug Use",Pedestrian,None,None (No Improper Action),Intersection Marked Crosswalk,No,Possible Minor Injury,None,38.99531589,-77.02218763,2026,1,18
260000109,01/01/2026 05:25:00 PM,DEVON RD,Pedestrian,Clear,Dry,Medium,"Not Suspect of Alcohol Use, Not Suspect of Drug Use",Pedestrian,Cross/Enter at Intersection,None (No Improper Action),Intersection Marked Crosswalk,No,Possible Minor Injury,None,38.99372032,-77.00907795,2026,1,17
250058394,12/31/2025 07:16:00 PM,INDEPENDENCE ST,Pedestrian,Clear,Dry,Medium,"Not Suspect of Alcohol Use, Not Suspect of Drug Use",Pedestrian,None,Unknown,Intersection Marked Crosswalk,No,Suspected Serious Injury,None,39.07646767,-77.08041483,2025,12,19
250058353,12/31/2025 03:38:00 PM,ROCKVILLE PIKE,Pedestrian,Clear,Dry,Daylight,"Not Suspect of Alcohol Use, Not Suspect of Drug Use, Not Suspect of Alcohol Use, Not Suspect of Drug Use",Pedestrian,Walking/Cycling on Sidewalk,None (No Improper Action),Sidewalk,No,Possible Minor Injury,None,39.04912287,-77.11398614,2025,12,15
250058176,12/30/2025 12:17:00 PM,NA,Pedestrian,Clear,NA,Daylight,"Not Suspect of Alcohol Use, Not Suspect of Drug Use",Pedestrian,Cross/Enter Not at Intersection,None (No Improper Action),Intersection Marked Crosswalk,No,Possible Minor Injury,None,39.1554791,-77.16579512,2025,12,12
250058100,12/29/2025 07:38:00 PM,NA,Scooter (electric),Clear,NA,Medium,"Not Suspect of Alcohol Use, Not Suspect of Drug Use",Scooter (electric),Walking/Cycling on Sidewalk,Unknown,Travel Lane Other Location,No,No Apparent Injury,None,39.06735484,-77.06048197,2025,12,19
250058043,12/29/2025 03:25:00 PM,NA,Cyclist (non-electric),Windy,NA,Daylight,"Not Suspect of Alcohol Use, Not Suspect of Drug Use",Cyclist (non-electric),Walking/Cycling on Sidewalk,None (No Improper Action),Sidewalk,No,Possible Minor Injury,None,39.04076403,-77.05136014,2025,12,15
250057825,12/27/2025 07:05:00 PM,NA,Scooter (electric),Clear,Dry,Medium,"Not Suspect of Alcohol Use, Not Suspect of Drug Use",Scooter (electric),Walking/Cycling Along Roadway With Traffic (In or Adjacent to Travel Lane),Entering/Exiting Parked/Standing Vehicle,Travel Lane Other Location,No,Possible Minor Injury,None,38.99736577,-77.02721691,2025,12,19
250057707,12/26/2025 05:30:00 PM,SHOP CTR CUT THRU CUT,Pedestrian,Rain,Wet,Medium,"Not Suspect of Alcohol Use, Not Suspect of Drug Use",Pedestrian,Cross/Enter at Intersection,Unknown,Intersection Marked Crosswalk,No,Possible Minor Injury,None,39.12334,-77.23662667,2025,12,17
250057491,12/24/2025 02:50:00 PM,NA,Pedestrian,Clear,NA,Daylight,"Not Suspect of Alcohol Use, Not Suspect of Drug Use, Not Suspect of Alcohol Use, Not Suspect of Drug Use",Pedestrian,Standing,"In Roadway Improperly (Standing, Lying, Working, Playing)",Other,No,Possible Minor Injury,None,39.07983209,-77.07218738,2025,12,14
250057457,12/24/2025 10:21:00 AM,SHADY GROVE RD (SB/L),Pedestrian,Clear,Dry,Daylight,"Not Suspect of Alcohol Use, Not Suspect of Drug Use",Pedestrian,Cross/Enter Not at Intersection,"In Roadway Improperly (Standing, Lying, Working, Playing)",Other,Yes,Suspected Serious Injury,None,39.11405066,-77.18622233,2025,12,10
250057417,12/23/2025 10:36:00 PM,W EDMONSTON DR,Pedestrian,Clear,Dry,Medium,"Not Suspect of Alcohol Use, Not Suspect of Drug Use",Pedestrian,Unknown,Unknown,Intersection Marked Crosswalk,No,Possible Minor Injury,Unknown,39.07129728,-77.13956402,2025,12,22
250057194,12/22/2025 07:09:00 PM,RANDOLPH RD (WB/L),Pedestrian,Clear,Dry,Medium,"Not Suspect of Alcohol Use, Not Suspect of Drug Use",Pedestrian,Cross/Enter at Intersection,"Failure to Obey Traffic Signs, Signals, or Officer, In Roadway Improperly (Standing, Lying, Working, Playing), Inattentive (Talking, Eating, etc.), Not Visible (Dark Clothing, No Lighting, etc.)",Intersection Marked Crosswalk,Yes,Possible Minor Injury,None,39.06610871,-77.03443908,2025,12,19
250057062,12/22/2025 07:51:00 AM,WESTCHESTER DR,Pedestrian,Clear,Dry,Daylight,"Not Suspect of Alcohol Use, Not Suspect of Drug Use",Pedestrian,Cross/Enter Not at Intersection,"In Roadway Improperly (Standing, Lying, Working, Playing)",Travel Lane Other Location,Yes,Possible Minor Injury,None,39.04022214,-77.04249937,2025,12,7
250056936,12/20/2025 11:55:00 PM,MIDDLEBROOK RD,Pedestrian,Clear,Dry,Medium,"Not Suspect of Alcohol Use, Not Suspect of Drug Use",Pedestrian,Cross/Enter at Intersection,"Failure to Obey Traffic Signs, Signals, or Officer",Intersection Marked Crosswalk,No,Suspected Serious Injury,None,39.17509818,-77.25376618,2025,12,23
250056922,12/20/2025 08:49:00 PM,NA,Pedestrian,Clear,Dry,Dark,"Not Suspect of Alcohol Use, Not Suspect of Drug Use",Pedestrian,Cross/Enter at Intersection,"Not Visible (Dark Clothing, No Lighting, etc.)",Intersection Marked Crosswalk,No,Possible Minor Injury,None,39.100991,-77.0742875,2025,12,20
250056903,12/20/2025 05:46:00 PM,WINDHAM LA,Pedestrian,Clear,Dry,Medium,"Not Suspect of Alcohol Use, Not Suspect of Drug Use",Pedestrian,Cross/Enter Not at Intersection,Unknown,Intersection Other,Yes,Possible Minor Injury,None,39.03194304,-77.04826014,2025,12,17
250056785,12/19/2025 08:46:00 PM,PINEY BRANCH RD,Pedestrian,Clear,Dry,Medium,"Not Suspect of Alcohol Use, Not Suspect of Drug Use",Pedestrian,None,Unknown,Intersection Marked Crosswalk,No,Possible Minor Injury,None,38.98327345,-77.01542304,2025,12,20
250056737,12/19/2025 03:32:00 PM,WISTERIA DR,Pedestrian,Clear,Dry,Daylight,"Not Suspect of Alcohol Use, Not Suspect of Drug Use",Pedestrian,Cross/Enter at Intersection,Dart/Dash,Intersection Marked Crosswalk,No,Possible Minor Injury,None,39.16788161,-77.25988612,2025,12,15
250056667,12/19/2025 06:50:00 AM,HENDERSON CORNER RD (NB/L),Pedestrian,Rain,Wet,Dark,"Not Suspect of Alcohol Use, Not Suspect of Drug Use",Pedestrian,Cross/Enter at Intersection,"Not Visible (Dark Clothing, No Lighting, etc.)",Intersection Marked Crosswalk,No,Suspected Serious Injury,None,39.20345038,-77.24417689,2025,12,6
250056665,12/19/2025 06:10:00 AM,GEORGIA AVE,Pedestrian,Rain,Wet,Medium,"Not Suspect of Alcohol Use, Not Suspect of Drug Use",Pedestrian,Unknown,Unknown,Unknown,No,Fatal Injury,None,38.99117769,-77.02649317,2025,12,6
250056562,12/18/2025 02:50:00 PM,MACARTHUR BLVD,Cyclist (non-electric),Cloudy,Dry,Daylight,"Unknown, Unknown",Cyclist (non-electric),Walking/Cycling Along Roadway With Traffic (In or Adjacent to Travel Lane),None (No Improper Action),Travel Lane Other Location,No,Possible Minor Injury,"Helmet, Protective Pads (elbows, knees, shins, etc.), Reflectors",38.95697907,-77.12990513,2025,12,14
250056560,12/18/2025 02:01:00 PM,NEW HAMPSHIRE AVE,Cyclist (non-electric),Clear,Other,Daylight,"Not Suspect of Alcohol Use, Not Suspect of Drug Use",Cyclist (non-electric),Walking/Cycling Along Roadway With Traffic (In or Adjacent to Travel Lane),None (No Improper Action),Shoulder/Roadside,No,Fatal Injury,"Helmet, Lighting",39.10494723,-77.00236033,2025,12,14
250056486,12/18/2025 08:02:00 AM,NA,Pedestrian,Clear,Dry,Daylight,"Not Suspect of Alcohol Use, Not Suspect of Drug Use",Pedestrian,Cross/Enter at Intersection,"Inattentive (Talking, Eating, etc.)",Intersection Marked Crosswalk,No,Possible Minor Injury,None,39.28416463,-77.20913651,2025,12,8
250056411,12/17/2025 05:25:00 PM,NA,Pedestrian,Clear,Dry,Medium,"Not Suspect of Alcohol Use, Not Suspect of Drug Use",Pedestrian,Cross/Enter Not at Intersection,"In Roadway Improperly (Standing, Lying, Working, Playing), Not Visible (Dark Clothing, No Lighting, etc.)",Travel Lane Other Location,No,Possible Minor Injury,None,39.11621145,-77.16572426,2025,12,17
250056284,12/16/2025 09:01:00 PM,NA,Pedestrian,Clear,Dry,Medium,"Unknown, Unknown",Pedestrian,Cross/Enter at Intersection,None (No Improper Action),Intersection Marked Crosswalk,No,Suspected Serious Injury,None,39.02648027,-77.14402173,2025,12,21
250055844,12/13/2025 09:20:00 PM,NA,Pedestrian,Clear,NA,Medium,"Suspect of Alcohol Use, Not Suspect of Drug Use",Pedestrian,Other,None (No Improper Action),Other,No,Possible Minor Injury,None,39.04688293,-77.10553037,2025,12,21
250055757,12/13/2025 12:40:00 PM,N PARK AVE,Unknown,Clear,Dry,Daylight,"Not Suspect of Alcohol Use, Not Suspect of Drug Use",Unknown,Standing,None (No Improper Action),Other,No,Possible Minor Injury,Reflectors,38.96347735,-77.09140961,2025,12,12
250055652,12/12/2025 04:29:00 PM,WHEATON PLZ RING RD CUT,Pedestrian,Clear,Dry,Daylight,"Not Suspect of Alcohol Use, Not Suspect of Drug Use",Pedestrian,Cross/Enter Not at Intersection,None (No Improper Action),Intersection Marked Crosswalk,No,Possible Minor Injury,None,39.03797176,-77.05693097,2025,12,16
250055551,12/12/2025 04:00:00 AM,NA,Scooter (electric),Clear,Dry,Dark,"Not Suspect of Alcohol Use, Not Suspect of Drug Use",Scooter (electric),Cross/Enter at Intersection,Unknown,Intersection Marked Crosswalk,No,Possible Minor Injury,Helmet,39.0506042,-77.11469472,2025,12,4
250055470,12/11/2025 03:36:00 PM,FREDERICK RD (SB/L),Pedestrian,Clear,Dry,Daylight,"Not Suspect of Alcohol Use, Not Suspect of Drug Use",Pedestrian,Cross/Enter Not at Intersection,"Dart/Dash, Failure to Obey Traffic Signs, Signals, or Officer, Failure to Yield Right-Of-Way, In Roadway Improperly (Standing, Lying, Working, Playing)",Travel Lane Other Location,Yes,Suspected Serious Injury,None,39.17643039,-77.23852325,2025,12,15
250055507,12/11/2025 01:50:00 PM,WISCONSIN AVE,Cyclist (non-electric),Clear,Dry,Daylight,"Not Suspect of Alcohol Use, Not Suspect of Drug Use",Cyclist (non-electric),Walking/Cycling Along Roadway With Traffic (In or Adjacent to Travel Lane),None (No Improper Action),Travel Lane Other Location,No,Possible Minor Injury,Helmet,38.96521065,-77.08766798,2025,12,13
250055401,12/11/2025 09:20:00 AM,NA,Pedestrian,Clear,NA,Daylight,"Not Suspect of Alcohol Use, Not Suspect of Drug Use",Pedestrian,Other,"Inattentive (Talking, Eating, etc.)",NonTrafficway Area,Yes,Possible Minor Injury,None,38.98961667,-77.02578143,2025,12,9
250055337,12/10/2025 08:40:00 PM,SHADY GROVE RD (SB/L),Pedestrian,Cloudy,Dry,Medium,"Not Suspect of Alcohol Use, Not Suspect of Drug Use",Pedestrian,Unknown,Unknown,Unknown,Yes,Suspected Serious Injury,None,39.119198,-77.18246467,2025,12,20
250055304,12/10/2025 05:30:00 PM,CONNECTICUT AVE (SB/L),Pedestrian,Clear,Dry,Medium,"Not Suspect of Alcohol Use, Not Suspect of Drug Use",Pedestrian,Cross/Enter Not at Intersection,"In Roadway Improperly (Standing, Lying, Working, Playing)",Travel Lane Other Location,Yes,Suspected Serious Injury,None,39.04407399,-77.07621588,2025,12,17
250055222,12/10/2025 12:27:00 PM,VEIRS MILL RD,Pedestrian,Cloudy,Dry,Daylight,"Not Suspect of Alcohol Use, Not Suspect of Drug Use",Pedestrian,Cross/Enter Not at Intersection,"Failure to Obey Traffic Signs, Signals, or Officer",OnStreet Bike Lanes,Yes,Possible Minor Injury,None,39.04045525,-77.05642646,2025,12,12
250055089,12/09/2025 03:58:00 PM,NA,Pedestrian,Clear,NA,Daylight,"Unknown, Unknown",Pedestrian,Other,None (No Improper Action),Driveway Access,No,Possible Minor Injury,None,38.99627401,-77.04123506,2025,12,15
250054887,12/08/2025 03:19:00 PM,MARINELLI RD (EB/L),Pedestrian,Clear,Dry,Daylight,"Not Suspect of Alcohol Use, Not Suspect of Drug Use",Pedestrian,Other,"In Roadway Improperly (Standing, Lying, Working, Playing)",Intersection Other,No,Possible Minor Injury,None,39.04713933,-77.11287583,2025,12,15
250054746,12/07/2025 02:27:00 PM,TAMARACK RD,Pedestrian,Clear,Dry,Daylight,"Not Suspect of Alcohol Use, Not Suspect of Drug Use",Pedestrian,Cross/Enter at Intersection,Unknown,Intersection Marked Crosswalk,No,Possible Minor Injury,None,39.06765485,-76.98574851,2025,12,14
250054745,12/07/2025 02:18:00 PM,WESTLAKE DR (SB/L),Pedestrian,Clear,Dry,Daylight,"Not Suspect of Alcohol Use, Not Suspect of Drug Use, Not Suspect of Alcohol Use, Not Suspect of Drug Use",Pedestrian,Walking/Cycling on Sidewalk,None (No Improper Action),Sidewalk,No,Possible Minor Injury,None,39.02498621,-77.14902877,2025,12,14
250054719,12/07/2025 12:08:00 PM,LOCKWOOD DR,Pedestrian,Clear,Dry,Daylight,"Not Suspect of Alcohol Use, Not Suspect of Drug Use",Pedestrian,Cross/Enter at Intersection,None (No Improper Action),Intersection Marked Crosswalk,No,Possible Minor Injury,None,39.0389561,-76.99211394,2025,12,12
250054671,12/07/2025 12:10:00 AM,OLNEY SANDY SPRING RD (WB/L),Pedestrian,Clear,Dry,Medium,"Not Suspect of Alcohol Use, Not Suspect of Drug Use",Pedestrian,Cross/Enter Not at Intersection,"Dart/Dash, Inattentive (Talking, Eating, etc.), Not Visible (Dark Clothing, No Lighting, etc.)",Travel Lane Other Location,Yes,Possible Minor Injury,None,39.15160747,-77.06359379,2025,12,0
250054506,12/05/2025 05:42:00 PM,TAFT ST,Pedestrian,Clear,Wet,Medium,"Not Suspect of Alcohol Use, Not Suspect of Drug Use",Pedestrian,Cross/Enter at Intersection,None (No Improper Action),Intersection Marked Crosswalk,No,Possible Minor Injury,None,39.09415879,-77.13257944,2025,12,17
250054328,12/04/2025 05:39:00 PM,NA,Scooter (non-Electric),Clear,NA,Dark,"Not Suspect of Alcohol Use, Not Suspect of Drug Use",Scooter (non-Electric),Walking/Cycling on Sidewalk,None (No Improper Action),Driveway Access,Yes,Possible Minor Injury,None,39.03742736,-76.98976065,2025,12,17
250054307,12/04/2025 02:00:00 PM,ONEILL DR,Cyclist (Electric),Clear,Dry,Daylight,"Not Suspect of Alcohol Use, Not Suspect of Drug Use",Cyclist (Electric),Cross/Enter at Intersection,None (No Improper Action),Intersection Marked Crosswalk,No,Possible Minor Injury,Helmet,39.12401333,-77.17993117,2025,12,14
250053947,12/02/2025 05:41:00 PM,NA,Pedestrian,Clear,NA,Medium,"Not Suspect of Alcohol Use, Not Suspect of Drug Use",Pedestrian,None,None (No Improper Action),Other,No,Possible Minor Injury,None,39.09475035,-77.11011054,2025,12,17
250053951,12/02/2025 05:25:00 PM,NA,Pedestrian,Clear,NA,Medium,"Unknown, Unknown",Pedestrian,Other,None (No Improper Action),Other,No,Possible Minor Injury,None,39.04033151,-76.99149269,2025,12,17
250053935,12/02/2025 04:45:00 PM,NA,Cyclist (non-electric),Cloudy,Wet,Medium,"Not Suspect of Alcohol Use, Not Suspect of Drug Use",Cyclist (non-electric),Walking/Cycling Along Roadway With Traffic (In or Adjacent to Travel Lane),None (No Improper Action),Intersection Other,No,Possible Minor Injury,Helmet,39.14918038,-77.02917747,2025,12,16
250053853,12/02/2025 11:17:00 AM,NA,Pedestrian,Rain,NA,Daylight,"Not Suspect of Alcohol Use, Not Suspect of Drug Use",Pedestrian,Other,Unknown,Other,No,Possible Minor Injury,None,39.10925715,-77.06470607,2025,12,11
250053845,12/02/2025 09:40:00 AM,SUGAR VIEW DR,Pedestrian,Clear,Dry,Daylight,"Not Suspect of Alcohol Use, Not Suspect of Drug Use",Pedestrian,Cross/Enter at Intersection,None (No Improper Action),Intersection Unmarked Crosswalk,No,Possible Minor Injury,None,39.24330134,-77.26885267,2025,12,9
250053747,12/01/2025 04:12:00 PM,JANET RD,Pedestrian,Clear,Dry,Daylight,"Unknown, Unknown",Pedestrian,None,None (No Improper Action),Intersection Unmarked Crosswalk,No,Possible Minor Injury,None,39.06930965,-77.06229705,2025,12,16
250053736,12/01/2025 03:12:00 PM,NA,Pedestrian,Clear,Dry,Daylight,"Not Suspect of Alcohol Use, Not Suspect of Drug Use",Pedestrian,Cross/Enter at Intersection,Failure to Yield Right-Of-Way,Intersection Marked Crosswalk,Yes,Possible Minor Injury,None,39.14656749,-77.0504629,2025,12,15
250053604,11/30/2025 05:34:00 PM,NA,Pedestrian,Clear,Wet,Medium,"Not Suspect of Alcohol Use, Not Suspect of Drug Use",Pedestrian,Cross/Enter Not at Intersection,"Dart/Dash, Other",Intersection Other,Yes,Possible Minor Injury,None,38.99985017,-76.9922425,2025,11,17
250053282,11/28/2025 01:09:00 PM,SYCAMORE FARM DR,Pedestrian,Cloudy,Dry,Daylight,"Not Suspect of Alcohol Use, Not Suspect of Drug Use",Pedestrian,Getting Off/On Vehicle,Other,Other,Yes,Possible Minor Injury,None,39.23149717,-77.25477433,2025,11,13
250053273,11/28/2025 11:32:00 AM,NA,Pedestrian,Windy,NA,Daylight,"Not Suspect of Alcohol Use, Not Suspect of Drug Use",Pedestrian,Walking/Cycling on Sidewalk,Unknown,Intersection Unmarked Crosswalk,No,Possible Minor Injury,None,39.07897262,-77.07249863,2025,11,11
250053246,11/28/2025 06:37:00 AM,ROCKVILLE PIKE (SB/L),Pedestrian,Clear,Dry,Medium,"Not Suspect of Alcohol Use, Not Suspect of Drug Use",Pedestrian,Cross/Enter Not at Intersection,"Dart/Dash, Not Visible (Dark Clothing, No Lighting, etc.)",Other,No,Possible Minor Injury,None,39.04372831,-77.11137431,2025,11,6
250053214,11/27/2025 06:27:00 PM,CONNECTICUT AVE,Scooter (electric),Clear,Dry,Medium,"Not Suspect of Alcohol Use, Not Suspect of Drug Use",Scooter (electric),Cross/Enter Not at Intersection,None (No Improper Action),Intersection Marked Crosswalk,No,Possible Minor Injury,None,39.08028992,-77.08038333,2025,11,18
250053198,11/27/2025 02:42:00 PM,E RANDOLPH RD (WB/L),Pedestrian,Clear,Dry,Daylight,"Not Suspect of Alcohol Use, Not Suspect of Drug Use",Pedestrian,Cross/Enter Not at Intersection,"In Roadway Improperly (Standing, Lying, Working, Playing)",Median/Crossing Island,Yes,Possible Minor Injury,None,39.07555117,-76.99486267,2025,11,14
250052973,11/25/2025 06:00:00 PM,APPOMATTOX AVE,Pedestrian,Rain,Wet,Medium,"Unknown, Unknown",Pedestrian,Cross/Enter at Intersection,None (No Improper Action),Intersection Marked Crosswalk,No,Suspected Serious Injury,None,39.15328954,-77.06028982,2025,11,18
250052931,11/25/2025 05:20:00 PM,REEDIE DR,Pedestrian,Rain,Wet,Medium,"Not Suspect of Alcohol Use, Not Suspect of Drug Use",Pedestrian,Cross/Enter at Intersection,None (No Improper Action),Intersection Marked Crosswalk,No,Possible Minor Injury,None,39.03868902,-77.0508142,2025,11,17
250052900,11/25/2025 03:44:00 PM,GEORGIA AVE,Pedestrian,Cloudy,Dry,Daylight,"Unknown, Unknown",Pedestrian,Walking/Cycling on Sidewalk,None (No Improper Action),Sidewalk,No,Possible Minor Injury,None,39.07841299,-77.07172235,2025,11,15
250053279,11/24/2025 09:00:00 PM,ALCOTT PL,Pedestrian,Clear,Dry,Medium,"Unknown, Unknown",Pedestrian,Cross/Enter at Intersection,None (No Improper Action),Intersection Marked Crosswalk,No,Possible Minor Injury,Unknown,39.11363202,-77.20464171,2025,11,21
250052765,11/24/2025 04:50:00 PM,FREDERICK RD,Pedestrian,Clear,Dry,Medium,"Not Suspect of Alcohol Use, Not Suspect of Drug Use",Pedestrian,Cross/Enter Not at Intersection,Dart/Dash,Travel Lane Other Location,Yes,Suspected Serious Injury,None,39.15065762,-77.20952904,2025,11,16
250052753,11/24/2025 03:31:00 PM,SHAKESPEARE BLVD (WB/L),Pedestrian,Clear,Dry,Daylight,"Not Suspect of Alcohol Use, Not Suspect of Drug Use",Pedestrian,Cross/Enter at Intersection,None (No Improper Action),Intersection Marked Crosswalk,No,Possible Minor Injury,None,39.19745456,-77.25226412,2025,11,15
250052650,11/24/2025 07:55:00 AM,URBANA DR,Pedestrian,Clear,Dry,Daylight,"Not Suspect of Alcohol Use, Not Suspect of Drug Use",Pedestrian,Cross/Enter at Intersection,None (No Improper Action),Intersection Marked Crosswalk,No,Possible Minor Injury,None,39.0614609,-77.05248537,2025,11,7
250052582,11/23/2025 03:22:00 PM,CARROLL AVE,Scooter (electric),Clear,Dry,Daylight,"Not Suspect of Alcohol Use, Not Suspect of Drug Use",Scooter (electric),Walking/Cycling on Sidewalk,Improper Turn/Merge),Sidewalk,Yes,Possible Minor Injury,None,38.99901034,-76.99111048,2025,11,15
250052482,11/22/2025 07:04:00 PM,TILTON DR,Pedestrian,Clear,Dry,Medium,"Not Suspect of Alcohol Use, Not Suspect of Drug Use",Pedestrian,Cross/Enter at Intersection,"Not Visible (Dark Clothing, No Lighting, etc.)",Intersection Unmarked Crosswalk,No,Possible Minor Injury,None,39.0184028,-77.04362734,2025,11,19
250052478,11/22/2025 06:30:00 PM,NA,Pedestrian,Clear,NA,Medium,"Not Suspect of Alcohol Use, Not Suspect of Drug Use",Pedestrian,Standing,None (No Improper Action),Other,No,Possible Minor Injury,None,39.1281875,-77.20596,2025,11,18
250052468,11/22/2025 05:40:00 PM,NA,Cyclist (non-electric),Clear,Dry,Medium,"Not Suspect of Alcohol Use, Not Suspect of Drug Use",Cyclist (non-electric),Cross/Enter at Intersection,None (No Improper Action),Intersection Marked Crosswalk,No,Possible Minor Injury,Unknown,39.00449857,-77.11039613,2025,11,17
250052328,11/21/2025 05:30:00 PM,MUSGROVE RD,Pedestrian,Clear,Dry,Dark,"Unknown, Unknown",Pedestrian,Cross/Enter at Intersection,Unknown,Intersection Marked Crosswalk,No,Possible Minor Injury,None,39.06785275,-76.95956857,2025,11,17
250052319,11/21/2025 05:17:00 PM,BREWER HOUSE CIR,Pedestrian,Cloudy,Dry,Medium,"Not Suspect of Alcohol Use, Not Suspect of Drug Use",Pedestrian,Cross/Enter at Intersection,Unknown,Intersection Unmarked Crosswalk,No,Suspected Serious Injury,None,39.03113356,-77.113689,2025,11,17
250052283,11/21/2025 02:53:00 PM,E JEFFERSON ST,Pedestrian,Clear,Dry,Daylight,"Not Suspect of Alcohol Use, Not Suspect of Drug Use",Pedestrian,Cross/Enter at Intersection,None (No Improper Action),Intersection Marked Crosswalk,No,Fatal Injury,None,39.05848521,-77.12637594,2025,11,14
250052129,11/20/2025 04:53:00 PM,WOODMONT AVE,Cyclist (non-electric),Clear,Dry,Medium,"Not Suspect of Alcohol Use, Not Suspect of Drug Use",Cyclist (non-electric),Cross/Enter at Intersection,None (No Improper Action),Separated Bike Lanes,No,Possible Minor Injury,"Helmet, Lighting, Reflectors",38.98271255,-77.09612816,2025,11,16
250052087,11/20/2025 01:32:00 PM,NA,Occupant of Motor Vehicle Not in Transport,Cloudy,NA,Daylight,"Not Suspect of Alcohol Use, Not Suspect of Drug Use",Occupant of Motor Vehicle Not in Transport,None,None (No Improper Action),Other,No,No Apparent Injury,None,39.03559523,-77.05577458,2025,11,13
250052087,11/20/2025 01:32:00 PM,NA,Occupant of Motor Vehicle Not in Transport,Cloudy,NA,Daylight,"Not Suspect of Alcohol Use, Not Suspect of Drug Use",Occupant of Motor Vehicle Not in Transport,Other,None (No Improper Action),Other,No,Possible Minor Injury,None,39.03559523,-77.05577458,2025,11,13
250052023,11/20/2025 07:44:00 AM,16TH ST (SB/L),Pedestrian,Cloudy,Dry,Daylight,"Not Suspect of Alcohol Use, Not Suspect of Drug Use",Pedestrian,Cross/Enter Not at Intersection,"Dart/Dash, In Roadway Improperly (Standing, Lying, Working, Playing)",Travel Lane Other Location,No,Possible Minor Injury,None,38.99576567,-77.036488,2025,11,7
250051967,11/19/2025 05:42:00 PM,GEORGIAN WOODS PL,Cyclist (Electric),Clear,Dry,Dark,"Not Suspect of Alcohol Use, Not Suspect of Drug Use",Cyclist (Electric),Unknown,Unknown,Driveway Access,No,Possible Minor Injury,"Helmet, Lighting, Reflectors",39.05583834,-77.04981636,2025,11,17
250051929,11/19/2025 03:54:00 PM,LYTTONSVILLE RD,Pedestrian,Clear,Dry,Daylight,"Not Suspect of Alcohol Use, Not Suspect of Drug Use",Pedestrian,Cross/Enter Not at Intersection,None (No Improper Action),Other,Yes,Possible Minor Injury,None,39.00084433,-77.0495365,2025,11,15
250051926,11/19/2025 03:50:00 PM,FAIRLAND RD,Cyclist (non-electric),Clear,Dry,Daylight,"Not Suspect of Alcohol Use, Not Suspect of Drug Use",Cyclist (non-electric),Cross/Enter at Intersection,"Failure to Obey Traffic Signs, Signals, or Officer",Intersection Marked Crosswalk,Yes,Possible Minor Injury,Helmet,39.07330483,-76.95570217,2025,11,15
250051802,11/18/2025 10:22:00 PM,NA,Pedestrian,Rain,Wet,Medium,"Not Suspect of Alcohol Use, Not Suspect of Drug Use",Pedestrian,Cross/Enter Not at Intersection,"Not Visible (Dark Clothing, No Lighting, etc.)",Travel Lane Other Location,Yes,Possible Minor Injury,None,39.03937195,-76.99132101,2025,11,22
250051771,11/18/2025 06:56:00 PM,VEIRS MILL RD (WB/L),Pedestrian,Rain,Wet,Medium,"Not Suspect of Alcohol Use, Not Suspect of Drug Use",Pedestrian,Other,None (No Improper Action),Intersection Marked Crosswalk,No,Possible Minor Injury,None,39.07722295,-77.12378542,2025,11,18
250051769,11/18/2025 06:25:00 PM,TWINBROOK PKWY (NB/L),Pedestrian,Rain,Wet,Medium,"Not Suspect of Alcohol Use, Not Suspect of Drug Use",Pedestrian,Cross/Enter at Intersection,None (No Improper Action),Intersection Marked Crosswalk,No,Possible Minor Injury,None,39.05883175,-77.12104006,2025,11,18
250051751,11/18/2025 05:33:00 PM,SUGARBUSH LA,Pedestrian,Rain,Wet,Medium,"Not Suspect of Alcohol Use, Not Suspect of Drug Use",Pedestrian,Cross/Enter at Intersection,None (No Improper Action),Intersection Unmarked Crosswalk,No,Possible Minor Injury,None,39.0319194,-77.11801286,2025,11,17
250051749,11/18/2025 05:28:00 PM,KISS AND RIDE TWINBROOK LOT,Pedestrian,Rain,Wet,Medium,"Not Suspect of Alcohol Use, Not Suspect of Drug Use",Pedestrian,Cross/Enter at Intersection,None (No Improper Action),Intersection Marked Crosswalk,No,Possible Minor Injury,None,39.06111631,-77.12105684,2025,11,17
250051738,11/18/2025 04:42:00 PM,UNIVERSITY BLVD E (WB/L),Cyclist (non-electric),Clear,Dry,Daylight,"Not Suspect of Alcohol Use, Not Suspect of Drug Use",Cyclist (non-electric),Cross/Enter at Intersection,None (No Improper Action),Intersection Marked Crosswalk,No,No Apparent Injury,Helmet,39.01573851,-77.00519274,2025,11,16
250051670,11/18/2025 11:29:00 AM,HUNGERFORD DR (SB/L),Pedestrian,Clear,Dry,Daylight,"Not Suspect of Alcohol Use, Not Suspect of Drug Use",Pedestrian,Cross/Enter at Intersection,None (No Improper Action),Intersection Marked Crosswalk,No,Suspected Serious Injury,None,39.08745832,-77.15015184,2025,11,11
250051618,11/18/2025 07:50:00 AM,QUINCE ORCHARD BLVD,Pedestrian,Clear,Dry,Daylight,"Not Suspect of Alcohol Use, Not Suspect of Drug Use",Pedestrian,Walking/Cycling on Sidewalk,Unknown,Intersection Unmarked Crosswalk,No,Possible Minor Injury,None,39.1417315,-77.22785867,2025,11,7
250051611,11/18/2025 06:37:00 AM,SLIGO CREEK PKWY,Pedestrian,Clear,Dry,Medium,"Not Suspect of Alcohol Use, Not Suspect of Drug Use",Pedestrian,Cross/Enter at Intersection,Unknown,Intersection Marked Crosswalk,No,Possible Minor Injury,None,39.00770243,-77.02014089,2025,11,6
250051564,11/17/2025 05:48:00 PM,GEORGIA AVE (SB/L),Cyclist (Electric),Clear,Dry,Dark,"Unknown, Unknown",Cyclist (Electric),Walking/Cycling on Sidewalk,None (No Improper Action),Intersection Unmarked Crosswalk,No,No Apparent Injury,None,39.08276479,-77.07747279,2025,11,17
250051551,11/17/2025 03:57:00 PM,NA,Pedestrian,Clear,NA,Daylight,"Not Suspect of Alcohol Use, Not Suspect of Drug Use, Unknown, Unknown",Pedestrian,Standing,None (No Improper Action),OffStreet Trails or Sidepaths,No,Possible Minor Injury,Unknown,39.15326217,-77.06403733,2025,11,15
250051450,11/17/2025 06:20:00 AM,LAYHILL RD,Pedestrian,Clear,Dry,Dark,"Not Suspect of Alcohol Use, Not Suspect of Drug Use",Pedestrian,Walking/Cycling Along Roadway With Traffic (In or Adjacent to Travel Lane),"Not Visible (Dark Clothing, No Lighting, etc.)",Shoulder/Roadside,Yes,Possible Minor Injury,None,39.10637395,-77.03806185,2025,11,6
250051435,11/16/2025 07:05:00 PM,WISCONSIN AVE (SB/L),Pedestrian,Clear,Dry,Medium,"Unknown, Unknown",Pedestrian,Cross/Enter at Intersection,Unknown,Intersection Marked Crosswalk,No,Possible Minor Injury,None,38.96374388,-77.08727478,2025,11,19
250051321,11/15/2025 09:03:00 PM,COLESVILLE MANOR DR,Pedestrian,Clear,Dry,Dark,"Not Suspect of Alcohol Use, Not Suspect of Drug Use",Pedestrian,None,None (No Improper Action),Intersection Unmarked Crosswalk,No,Possible Minor Injury,None,39.08548007,-76.99980399,2025,11,21
250051270,11/15/2025 12:28:00 PM,SPRING ST,Pedestrian,Clear,Dry,Daylight,"Not Suspect of Alcohol Use, Not Suspect of Drug Use",Pedestrian,Cross/Enter at Intersection,None (No Improper Action),Intersection Marked Crosswalk,No,Possible Minor Injury,None,38.99895063,-77.02614106,2025,11,12
250051239,11/15/2025 05:52:00 AM,COLESVILLE RD,Pedestrian,Clear,Dry,Medium,"Not Suspect of Alcohol Use, Not Suspect of Drug Use",Pedestrian,Walking/Cycling on Sidewalk,None (No Improper Action),Intersection Marked Crosswalk,No,Suspected Serious Injury,None,39.01971187,-77.01319236,2025,11,5
250051222,11/14/2025 11:45:00 PM,MARYLAND AVE,Pedestrian,Clear,Dry,Medium,"Suspect of Alcohol Use, Not Suspect of Drug Use",Pedestrian,Cross/Enter at Intersection,None (No Improper Action),Intersection Unmarked Crosswalk,No,Possible Minor Injury,None,39.08611948,-77.15102817,2025,11,23
250051141,11/14/2025 12:50:00 PM,E DIAMOND AVE,Pedestrian,Clear,Dry,Daylight,"Not Suspect of Alcohol Use, Not Suspect of Drug Use",Pedestrian,Cross/Enter Not at Intersection,"In Roadway Improperly (Standing, Lying, Working, Playing)",Travel Lane Other Location,Yes,Possible Minor Injury,None,39.14191036,-77.19554811,2025,11,12
250051076,11/13/2025 08:00:00 PM,NA,Pedestrian,Clear,NA,Dark,"Unknown, Unknown",Pedestrian,Unknown,Unknown,Other,No,Possible Minor Injury,None,39.03354099,-77.04770356,2025,11,20
250050996,11/13/2025 04:15:00 PM,KNOWLES AVE,Cyclist (non-electric),Clear,Dry,Daylight,"Not Suspect of Alcohol Use, Not Suspect of Drug Use",Cyclist (non-electric),Walking/Cycling Along Roadway With Traffic (In or Adjacent to Travel Lane),None (No Improper Action),Shoulder/Roadside,No,Possible Minor Injury,Helmet,39.03349355,-77.08918804,2025,11,16
250050977,11/13/2025 02:15:00 PM,NA,Pedestrian,Clear,Dry,Daylight,"Not Suspect of Alcohol Use, Not Suspect of Drug Use",Pedestrian,Cross/Enter at Intersection,None (No Improper Action),Intersection Marked Crosswalk,No,Possible Minor Injury,None,38.98811232,-77.01231913,2025,11,14
250050976,11/13/2025 02:15:00 PM,CONNECTICUT AVE SERVICE RD,Pedestrian,Clear,Dry,Daylight,"Not Suspect of Alcohol Use, Not Suspect of Drug Use",Pedestrian,Walking/Cycling Along Roadway Against Traffic (In or Adjacent to Travel Lane),None (No Improper Action),Intersection Unmarked Crosswalk,No,Possible Minor Injury,None,39.0538365,-77.07409667,2025,11,14
250050921,11/13/2025 09:13:00 AM,FERNWOOD RD (SB/L),Cyclist (Electric),Clear,Dry,Daylight,"Not Suspect of Alcohol Use, Not Suspect of Drug Use",Cyclist (Electric),Walking/Cycling on Sidewalk,None (No Improper Action),Intersection Marked Crosswalk,No,Possible Minor Injury,"Helmet, Reflectors",39.02185302,-77.1349627,2025,11,9
250050838,11/12/2025 05:50:00 PM,GEORGIA AVE,Pedestrian,Clear,Dry,Medium,"Not Suspect of Alcohol Use, Not Suspect of Drug Use",Pedestrian,Walking/Cycling Along Roadway Against Traffic (In or Adjacent to Travel Lane),None (No Improper Action),Intersection Marked Crosswalk,No,Possible Minor Injury,None,38.99030456,-77.02654979,2025,11,17
250050828,11/12/2025 05:30:00 PM,CONGRESSIONAL LA,Pedestrian,Clear,Dry,Dark,"Unknown, Unknown, Unknown, Unknown",Pedestrian,Other,None (No Improper Action),Shoulder/Roadside,No,Possible Minor Injury,None,39.05955874,-77.1306544,2025,11,17
250050834,11/12/2025 04:10:00 PM,RILEY RD,Pedestrian,Clear,Dry,Daylight,"Unknown, Unknown",Pedestrian,Cross/Enter at Intersection,None (No Improper Action),Intersection Marked Crosswalk,No,No Apparent Injury,None,39.00969415,-77.04309288,2025,11,16
250050782,11/12/2025 02:37:00 PM,METRORAIL TRACK B1 RAIL,Cyclist (non-electric),Clear,Dry,Daylight,"Unknown, Unknown",Cyclist (non-electric),Walking/Cycling on Sidewalk,Other,Travel Lane Other Location,Yes,Possible Minor Injury,None,39.01073624,-77.04098269,2025,11,14
250050781,11/12/2025 02:21:00 PM,UNIVERSITY BLVD W,Cyclist (non-electric),Clear,Dry,Daylight,"Not Suspect of Alcohol Use, Not Suspect of Drug Use",Cyclist (non-electric),Cross/Enter Not at Intersection,Dart/Dash,Intersection Marked Crosswalk,No,Possible Minor Injury,None,39.02607318,-77.02027006,2025,11,14
250050584,11/11/2025 08:26:00 AM,LELAND ST,Scooter (electric),Clear,Dry,Daylight,"Not Suspect of Alcohol Use, Not Suspect of Drug Use",Scooter (electric),Cross/Enter at Intersection,None (No Improper Action),Intersection Marked Crosswalk,No,No Apparent Injury,Helmet,38.98008632,-77.09376028,2025,11,8
250050532,11/10/2025 07:13:00 PM,CLARKSBURG RD,Pedestrian,Clear,Dry,Medium,"Not Suspect of Alcohol Use, Not Suspect of Drug Use",Pedestrian,Cross/Enter at Intersection,None (No Improper Action),Intersection Marked Crosswalk,No,Possible Minor Injury,None,39.24360284,-77.27915507,2025,11,19
250050524,11/10/2025 06:01:00 PM,GARDINER AVE,Pedestrian,Clear,Dry,Dark,"Unknown, Unknown",Pedestrian,Cross/Enter at Intersection,None (No Improper Action),Intersection Marked Crosswalk,No,Possible Minor Injury,None,39.02453759,-77.04989253,2025,11,18
250050394,11/09/2025 06:49:00 PM,GRAND PRE RD,Pedestrian,Clear,Dry,Medium,"Unknown, Unknown",Pedestrian,Walking/Cycling on Sidewalk,None (No Improper Action),Sidewalk,No,Possible Minor Injury,None,39.08878867,-77.07539967,2025,11,18
250050340,11/09/2025 11:45:00 AM,NA,Pedestrian,Cloudy,NA,Daylight,"Not Suspect of Alcohol Use, Not Suspect of Drug Use",Pedestrian,Walking/Cycling on Sidewalk,None (No Improper Action),Intersection Unmarked Crosswalk,No,Possible Minor Injury,None,39.04193614,-77.05173799,2025,11,11
250050206,11/08/2025 11:01:00 AM,DARNESTOWN RD,Cyclist (non-electric),Clear,Dry,Daylight,"Not Suspect of Alcohol Use, Not Suspect of Drug Use",Cyclist (non-electric),Walking/Cycling Along Roadway With Traffic (In or Adjacent to Travel Lane),Unknown,Travel Lane Other Location,No,Possible Minor Injury,Helmet,39.09643099,-77.20301089,2025,11,11
250050152,11/07/2025 11:12:00 PM,GREAT SENECA HWY (SB/L),Scooter (electric),Rain,Wet,Dark,"Not Suspect of Alcohol Use, Not Suspect of Drug Use",Scooter (electric),Other,"Not Visible (Dark Clothing, No Lighting, etc.)",Travel Lane Other Location,Yes,Possible Minor Injury,None,39.16694681,-77.27007332,2025,11,23
250050147,11/07/2025 10:14:00 PM,ASPEN HILL RD,Pedestrian,Rain,Wet,Medium,"Unknown, Unknown",Pedestrian,Cross/Enter at Intersection,None (No Improper Action),Intersection Marked Crosswalk,No,Possible Minor Injury,None,39.07954158,-77.08385866,2025,11,22
250050117,11/07/2025 06:43:00 PM,INDEPENDENCE ST,Scooter (electric),Clear,Dry,Medium,"Not Suspect of Alcohol Use, Not Suspect of Drug Use",Scooter (electric),Cross/Enter at Intersection,Unknown,Intersection Marked Crosswalk,No,Possible Minor Injury,None,39.07637699,-77.08051961,2025,11,18
250049940,11/06/2025 08:48:00 PM,WALKERS CHOICE RD,Cyclist (non-electric),Clear,Dry,Medium,"Unknown, Unknown",Cyclist (non-electric),Walking/Cycling on Sidewalk,None (No Improper Action),Intersection Marked Crosswalk,No,Possible Minor Injury,None,39.16145556,-77.20215973,2025,11,20
250049915,11/06/2025 05:46:00 PM,NA,Pedestrian,Clear,Dry,Medium,"Not Suspect of Alcohol Use, Not Suspect of Drug Use",Pedestrian,Other,None (No Improper Action),Intersection Marked Crosswalk,No,Suspected Serious Injury,None,38.96469419,-77.10360327,2025,11,17
250049897,11/06/2025 04:17:00 PM,ARCOLA AVE,Pedestrian,Clear,Dry,Daylight,"Not Suspect of Alcohol Use, Not Suspect of Drug Use",Pedestrian,Cross/Enter at Intersection,None (No Improper Action),Intersection Marked Crosswalk,No,Possible Minor Injury,None,39.04712874,-77.05035061,2025,11,16
250049843,11/06/2025 12:10:00 PM,NA,Cyclist (non-electric),Clear,Dry,Daylight,"Not Suspect of Alcohol Use, Not Suspect of Drug Use",Cyclist (non-electric),Cross/Enter at Intersection,"Failure to Obey Traffic Signs, Signals, or Officer",Intersection Marked Crosswalk,Yes,Possible Minor Injury,None,39.17139911,-77.27729741,2025,11,12
250049820,11/06/2025 10:55:00 AM,OLD STAGE RD,Pedestrian,Clear,Dry,Daylight,"Not Suspect of Alcohol Use, Not Suspect of Drug Use",Pedestrian,Cross/Enter at Intersection,None (No Improper Action),Intersection Marked Crosswalk,No,Suspected Serious Injury,None,39.0493449,-77.14086883,2025,11,10
250049800,11/06/2025 08:51:00 AM,NA,Scooter (electric),Clear,NA,Daylight,"Not Suspect of Alcohol Use, Not Suspect of Drug Use",Scooter (electric),Walking/Cycling on Sidewalk,None (No Improper Action),Driveway Access,No,Possible Minor Injury,None,39.10734849,-77.15875868,2025,11,8
250049791,11/06/2025 08:00:00 AM,RAY DR,Pedestrian,Clear,Dry,Daylight,"Not Suspect of Alcohol Use, Not Suspect of Drug Use",Pedestrian,Cross/Enter at Intersection,"In Roadway Improperly (Standing, Lying, Working, Playing)",Intersection Unmarked Crosswalk,Yes,Possible Minor Injury,None,38.98546308,-77.01420933,2025,11,8
250049539,11/04/2025 02:45:00 PM,CROSSOVER,Pedestrian,Clear,Dry,Daylight,"Not Suspect of Alcohol Use, Not Suspect of Drug Use",Pedestrian,Cross/Enter at Intersection,None (No Improper Action),Intersection Marked Crosswalk,No,Possible Minor Injury,None,39.01594597,-77.00527489,2025,11,14
250049444,11/04/2025 10:20:00 AM,NA,Pedestrian,Clear,NA,Daylight,"Not Suspect of Alcohol Use, Not Suspect of Drug Use",Pedestrian,Standing,None (No Improper Action),Driveway Access,No,Possible Minor Injury,None,39.11697835,-77.20582193,2025,11,10
250049388,11/03/2025 08:50:00 PM,NA,Pedestrian,Clear,NA,Medium,"Not Suspect of Alcohol Use, Not Suspect of Drug Use",Pedestrian,Other Working,None (No Improper Action),Travel Lane Other Location,No,Possible Minor Injury,None,38.99573865,-77.03664481,2025,11,20
250049249,11/02/2025 10:15:00 PM,N STONESTREET AVE,Cyclist (non-electric),Clear,Dry,Medium,"Unknown, Unknown",Cyclist (non-electric),Cross/Enter at Intersection,None (No Improper Action),Intersection Marked Crosswalk,No,No Apparent Injury,None,39.08557216,-77.14669729,2025,11,22
250049198,11/02/2025 04:24:00 PM,TILDENWOOD DR,Pedestrian,Clear,Dry,Medium,"Not Suspect of Alcohol Use, Not Suspect of Drug Use",Pedestrian,Cross/Enter at Intersection,None (No Improper Action),Intersection Marked Crosswalk,No,Possible Minor Injury,None,39.0538787,-77.13809868,2025,11,16
250049172,11/02/2025 01:07:00 PM,HONEY HILL LA,Scooter (electric),Clear,Dry,Daylight,"Not Suspect of Alcohol Use, Not Suspect of Drug Use",Scooter (electric),Cross/Enter at Intersection,"Failure to Obey Traffic Signs, Signals, or Officer, Failure to Yield Right-Of-Way, Inattentive (Talking, Eating, etc.)",Intersection Other,Yes,Suspected Serious Injury,None,39.22381463,-77.24588989,2025,11,13
250049087,11/01/2025 06:30:00 PM,NA,"Other Pedestrian (person in a building, skater, personal conveyance, etc.)",Clear,Dry,Medium,"Not Suspect of Alcohol Use, Not Suspect of Drug Use, Unknown, Not Suspect of Drug Use","Other Pedestrian (person in a building, skater, personal conveyance, etc.)",None,None (No Improper Action),Other,No,No Apparent Injury,None,38.9871055,-77.13225617,2025,11,18
250049087,11/01/2025 06:30:00 PM,NA,"Other Pedestrian (person in a building, skater, personal conveyance, etc.)",Clear,Dry,Medium,"Not Suspect of Alcohol Use, Not Suspect of Drug Use, Unknown, Not Suspect of Drug Use","Other Pedestrian (person in a building, skater, personal conveyance, etc.)",None,None (No Improper Action),Other,No,No Apparent Injury,None,38.9871055,-77.13225617,2025,11,18
250049091,11/01/2025 06:00:00 PM,NA,Pedestrian,Clear,NA,Medium,"Unknown, Unknown",Pedestrian,Walking/Cycling on Sidewalk,None (No Improper Action),Intersection Marked Crosswalk,No,Possible Minor Injury,None,39.07988451,-77.07879294,2025,11,18
250049079,11/01/2025 05:25:00 PM,DIAMONDBACK DR,Cyclist (Electric),Clear,Dry,Daylight,"Not Suspect of Alcohol Use, Not Suspect of Drug Use",Cyclist (Electric),Cross/Enter at Intersection,None (No Improper Action),Intersection Marked Crosswalk,No,Possible Minor Injury,Helmet,39.11518823,-77.21596697,2025,11,17
250049077,11/01/2025 04:00:00 PM,JACKSON RD,Cyclist (non-electric),Clear,Dry,Daylight,"Unknown, Unknown",Cyclist (non-electric),Walking/Cycling Along Roadway With Traffic (In or Adjacent to Travel Lane),None (No Improper Action),Travel Lane Other Location,No,Possible Minor Injury,"Helmet, Reflective Wear (backpack, triangles, etc.)",39.05543367,-76.986057,2025,11,16
250049041,11/01/2025 12:54:00 PM,SENECA MEADOWS PKWY,Pedestrian,Clear,Dry,Daylight,"Not Suspect of Alcohol Use, Not Suspect of Drug Use",Pedestrian,Cross/Enter at Intersection,None (No Improper Action),Midblock Marked Crosswalk,No,Possible Minor Injury,None,39.19711333,-77.25765667,2025,11,12
250049022,11/01/2025 10:03:00 AM,MANSFIELD RD,Pedestrian,Clear,Dry,Daylight,"Unknown, Unknown",Pedestrian,Other,None (No Improper Action),Other,No,Possible Minor Injury,None,38.99651209,-77.01589103,2025,11,10
250049013,11/01/2025 08:18:00 AM,MONROE ST,Pedestrian,Clear,Dry,Medium,"Unknown, Unknown",Pedestrian,Cross/Enter at Intersection,"Failure to Obey Traffic Signs, Signals, or Officer",Intersection Marked Crosswalk,Yes,Suspected Serious Injury,None,39.08082373,-77.15005467,2025,11,8
250048675,10/30/2025 07:19:00 AM,NA,Pedestrian,Rain,Wet,Medium,"Unknown, Unknown",Pedestrian,Cross/Enter Not at Intersection,Unknown,Intersection Unmarked Crosswalk,No,Possible Minor Injury,None,39.0905276,-77.04796563,2025,10,7
250048556,10/29/2025 01:00:00 PM,COLESVILLE RD,Pedestrian,Clear,Dry,Daylight,"Not Suspect of Alcohol Use, Not Suspect of Drug Use",Pedestrian,Cross/Enter Not at Intersection,None (No Improper Action),Median/Crossing Island,Yes,Suspected Serious Injury,None,38.99369671,-77.03197929,2025,10,13
250048344,10/28/2025 06:00:00 AM,EDUCATION BLVD,Pedestrian,Clear,Dry,Medium,"Not Suspect of Alcohol Use, Not Suspect of Drug Use",Pedestrian,Cross/Enter at Intersection,None (No Improper Action),Intersection Marked Crosswalk,No,Possible Minor Injury,None,39.13604317,-77.192508,2025,10,6
250048389,10/27/2025 07:15:00 PM,ARLINGTON RD,Cyclist (non-electric),Clear,Dry,Medium,"Unknown, Unknown",Cyclist (non-electric),Walking/Cycling on Sidewalk,None (No Improper Action),Driveway Access,No,Possible Minor Injury,Unknown,38.98011882,-77.09832152,2025,10,19
250048251,10/27/2025 03:22:00 PM,NA,Pedestrian,Clear,Dry,Daylight,"Not Suspect of Alcohol Use, Not Suspect of Drug Use",Pedestrian,Cross/Enter at Intersection,None (No Improper Action),Intersection Marked Crosswalk,No,Possible Minor Injury,None,39.17610442,-77.20981042,2025,10,15
250048241,10/27/2025 02:53:00 PM,MIDDLEBROOK RD (WB/L),Pedestrian,Clear,Dry,Daylight,"Unknown, Unknown",Pedestrian,Standing,None (No Improper Action),Shoulder/Roadside,No,Suspected Serious Injury,None,39.1816672,-77.23425146,2025,10,14
250048212,10/27/2025 12:23:00 PM,NA,Pedestrian,Clear,NA,Daylight,"Not Suspect of Alcohol Use, Not Suspect of Drug Use",Pedestrian,Cross/Enter Not at Intersection,"Inattentive (Talking, Eating, etc.)",Driveway Access,No,Possible Minor Injury,None,39.05787474,-76.95592392,2025,10,12
250048200,10/27/2025 11:34:00 AM,NA,Pedestrian,Clear,NA,Daylight,"Not Suspect of Alcohol Use, Not Suspect of Drug Use",Pedestrian,Other,Unknown,Other,Yes,Possible Minor Injury,None,39.12733288,-77.16309015,2025,10,11
250048194,10/27/2025 11:10:00 AM,GEORGIA AVE,Pedestrian,Clear,Dry,Daylight,"Not Suspect of Alcohol Use, Not Suspect of Drug Use",Pedestrian,Unknown,None (No Improper Action),Intersection Marked Crosswalk,No,Possible Minor Injury,None,38.99297265,-77.02656017,2025,10,11
250048161,10/27/2025 08:06:00 AM,NA,Pedestrian,Clear,NA,Daylight,"Not Suspect of Alcohol Use, Not Suspect of Drug Use",Pedestrian,Cross/Enter Not at Intersection,"Failure to Obey Traffic Signs, Signals, or Officer",Other,Yes,Possible Minor Injury,None,39.02757946,-76.9916449,2025,10,8
250048109,10/26/2025 06:07:00 PM,NO NAME,Scooter (electric),Clear,Dry,Medium,"Not Suspect of Alcohol Use, Not Suspect of Drug Use",Scooter (electric),Cross/Enter at Intersection,Dart/Dash,Intersection Marked Crosswalk,No,Possible Minor Injury,None,39.05190768,-77.07509392,2025,10,18
250047966,10/25/2025 03:06:00 PM,NA,Pedestrian,Clear,NA,Daylight,"Not Suspect of Alcohol Use, Not Suspect of Drug Use",Pedestrian,Push/Work on Vehicle,None (No Improper Action),Driveway Access,No,Possible Minor Injury,None,39.15430219,-77.26973033,2025,10,15
250047874,10/24/2025 06:21:00 PM,NA,Scooter (electric),Cloudy,Dry,Medium,"Not Suspect of Alcohol Use, Not Suspect of Drug Use",Scooter (electric),Cross/Enter at Intersection,"Not Visible (Dark Clothing, No Lighting, etc.)",Intersection Marked Crosswalk,No,Possible Minor Injury,None,38.99376364,-77.05185327,2025,10,18
250047849,10/24/2025 04:03:00 PM,SILVER SPRING AVE,Pedestrian,Clear,Dry,Daylight,"Not Suspect of Alcohol Use, Not Suspect of Drug Use",Pedestrian,Cross/Enter at Intersection,None (No Improper Action),Intersection Unmarked Crosswalk,No,Possible Minor Injury,None,38.99157131,-77.02671856,2025,10,16
250047848,10/24/2025 03:27:00 PM,CRESTHAVEN DR,Cyclist (Electric),Clear,Dry,Daylight,"Not Suspect of Alcohol Use, Not Suspect of Drug Use",Cyclist (Electric),Walking/Cycling Along Roadway With Traffic (In or Adjacent to Travel Lane),"Failure to Obey Traffic Signs, Signals, or Officer, Improper Passing",Intersection Other,Yes,Possible Minor Injury,None,39.02579102,-76.98741144,2025,10,15
250047664,10/23/2025 03:30:00 PM,BAUER DR,Pedestrian,Clear,Dry,Daylight,"Unknown, Unknown",Pedestrian,Cross/Enter at Intersection,None (No Improper Action),Intersection Marked Crosswalk,No,Possible Minor Injury,None,39.09482915,-77.10933039,2025,10,15
250047632,10/23/2025 12:42:00 PM,FREDERICK RD,Pedestrian,Clear,Dry,Daylight,"Not Suspect of Alcohol Use, Not Suspect of Drug Use",Pedestrian,Walking/Cycling on Sidewalk,None (No Improper Action),Driveway Access,No,Possible Minor Injury,None,39.1510325,-77.20995658,2025,10,12
250047613,10/23/2025 10:35:00 AM,NA,Pedestrian,Clear,NA,Daylight,"Unknown, Unknown",Pedestrian,Standing,None (No Improper Action),Other,No,Possible Minor Injury,None,39.14967717,-77.19967817,2025,10,10
250047232,10/21/2025 08:08:00 AM,DARNESTOWN RD (WB/L),Pedestrian,Clear,Dry,Daylight,"Not Suspect of Alcohol Use, Not Suspect of Drug Use",Pedestrian,Cross/Enter at Intersection,None (No Improper Action),Intersection Marked Crosswalk,No,Possible Minor Injury,None,39.11602017,-77.24661333,2025,10,8
250047116,10/20/2025 01:25:00 PM,WAYNE AVE,Pedestrian,Clear,Dry,Daylight,"Unknown, Unknown",Pedestrian,Cross/Enter at Intersection,None (No Improper Action),Intersection Marked Crosswalk,No,No Apparent Injury,None,38.99448269,-77.02670366,2025,10,13
250047051,10/20/2025 01:21:00 AM,OAKVIEW DR,Pedestrian,Rain,Wet,Medium,"Not Suspect of Alcohol Use, Not Suspect of Drug Use",Pedestrian,Cross/Enter at Intersection,None (No Improper Action),Intersection Marked Crosswalk,No,Possible Minor Injury,None,39.01522129,-76.97693878,2025,10,1
250047017,10/19/2025 07:31:00 PM,NA,Cyclist (non-electric),Clear,Dry,Medium,"Not Suspect of Alcohol Use, Not Suspect of Drug Use",Cyclist (non-electric),Cross/Enter at Intersection,Other,Intersection Marked Crosswalk,Yes,Possible Minor Injury,None,39.08267698,-76.93067348,2025,10,19
250047018,10/19/2025 06:17:00 PM,GEORGIA AVE (SB/L),Pedestrian,Clear,Dry,Daylight,"Not Suspect of Alcohol Use, Not Suspect of Drug Use",Pedestrian,Cross/Enter at Intersection,Dart/Dash,Intersection Other,Yes,Suspected Serious Injury,None,39.02675523,-77.04670141,2025,10,18
250046984,10/19/2025 03:25:00 PM,ILFORD RD,Pedestrian,Clear,Dry,Daylight,"Not Suspect of Alcohol Use, Not Suspect of Drug Use",Pedestrian,Cross/Enter Not at Intersection,Dart/Dash,Shoulder/Roadside,Yes,Suspected Serious Injury,None,39.058411,-77.07857833,2025,10,15
250046867,10/18/2025 03:41:00 PM,FISHER AVE,Pedestrian,Clear,Dry,Daylight,"Not Suspect of Alcohol Use, Not Suspect of Drug Use",Pedestrian,Cross/Enter at Intersection,None (No Improper Action),Intersection Marked Crosswalk,No,Possible Minor Injury,None,39.14388492,-77.40847959,2025,10,15
250046867,10/18/2025 03:41:00 PM,FISHER AVE,Pedestrian,Clear,Dry,Daylight,"Not Suspect of Alcohol Use, Not Suspect of Drug Use",Pedestrian,Cross/Enter at Intersection,None (No Improper Action),Intersection Marked Crosswalk,No,Possible Minor Injury,None,39.14388492,-77.40847959,2025,10,15
250046799,10/18/2025 12:48:00 AM,NA,Pedestrian,Clear,NA,Medium,"Not Suspect of Alcohol Use, Not Suspect of Drug Use",Pedestrian,Getting Off/On Vehicle,Other,Other,Yes,Possible Minor Injury,None,39.08660539,-76.93814944,2025,10,0
250046697,10/17/2025 01:15:00 PM,MONTGOMERY VILLAGE AVE,Pedestrian,Clear,Dry,Daylight,"Not Suspect of Alcohol Use, Not Suspect of Drug Use",Pedestrian,Cross/Enter at Intersection,None (No Improper Action),Intersection Marked Crosswalk,No,Suspected Serious Injury,None,39.16152828,-77.20167673,2025,10,13
250046680,10/17/2025 12:01:00 PM,ROCKVILLE PIKE,Cyclist (Electric),Clear,Dry,Daylight,"Not Suspect of Alcohol Use, Not Suspect of Drug Use",Cyclist (Electric),Cross/Enter at Intersection,None (No Improper Action),Sidewalk,No,Possible Minor Injury,None,39.0718896,-77.13280976,2025,10,12
250046591,10/16/2025 06:00:00 PM,MONTGOMERY VILLAGE AVE (SB/L),Cyclist (Electric),Clear,Dry,Medium,"Unknown, Unknown",Cyclist (Electric),Cross/Enter at Intersection,"Not Visible (Dark Clothing, No Lighting, etc.)",Intersection Marked Crosswalk,No,Possible Minor Injury,Helmet,39.16973204,-77.20446624,2025,10,18
250046466,10/16/2025 07:40:00 AM,NA,Pedestrian,Clear,NA,Daylight,"Not Suspect of Alcohol Use, Not Suspect of Drug Use",Pedestrian,Other Working,None (No Improper Action),Other,No,Possible Minor Injury,Unknown,39.11983149,-77.1762059,2025,10,7
250046445,10/15/2025 08:50:00 PM,RIVER RD,Pedestrian,Clear,Dry,Dark,"Not Suspect of Alcohol Use, Not Suspect of Drug Use",Pedestrian,Unknown,"Not Visible (Dark Clothing, No Lighting, etc.)",Unknown,No,Suspected Serious Injury,None,38.96468655,-77.10355319,2025,10,20
250046341,10/15/2025 12:40:00 PM,BANK ST (EB/L),Pedestrian,Clear,Dry,Daylight,"Not Suspect of Alcohol Use, Not Suspect of Drug Use",Pedestrian,Cross/Enter at Intersection,None (No Improper Action),Intersection Marked Crosswalk,No,No Apparent Injury,None,39.14002761,-77.22188436,2025,10,12
250046291,10/15/2025 07:48:00 AM,MONTROSE RD,Scooter (electric),Clear,Dry,Medium,"Not Suspect of Alcohol Use, Not Suspect of Drug Use",Scooter (electric),Cross/Enter at Intersection,None (No Improper Action),Midblock Marked Crosswalk,No,Suspected Serious Injury,None,39.05509967,-77.14686633,2025,10,7
250046212,10/14/2025 04:06:00 PM,SEMINARY PL,Pedestrian,Clear,Dry,Daylight,"Not Suspect of Alcohol Use, Not Suspect of Drug Use",Pedestrian,Cross/Enter at Intersection,None (No Improper Action),Intersection Marked Crosswalk,No,Possible Minor Injury,Unknown,39.00978017,-77.04431783,2025,10,16
250046032,10/13/2025 04:47:00 PM,NA,Pedestrian,Clear,Dry,Daylight,"Not Suspect of Alcohol Use, Not Suspect of Drug Use",Pedestrian,Cross/Enter at Intersection,None (No Improper Action),Intersection Marked Crosswalk,No,Possible Minor Injury,None,39.06420372,-77.12613616,2025,10,16
250045953,10/13/2025 10:50:00 AM,NA,Pedestrian,Rain,NA,Daylight,"Not Suspect of Alcohol Use, Not Suspect of Drug Use",Pedestrian,Other,None (No Improper Action),Other,No,Possible Minor Injury,None,39.150761,-77.062383,2025,10,10
250045864,10/12/2025 03:35:00 PM,GEORGIA AVE,Scooter (electric),Clear,Dry,Daylight,"Unknown, Unknown",Scooter (electric),Cross/Enter at Intersection,None (No Improper Action),Driveway Access,No,Possible Minor Injury,None,39.0803202,-77.07435803,2025,10,15
250045852,10/12/2025 02:18:00 PM,KANSAS LA,Cyclist (Electric),Cloudy,Dry,Daylight,"Not Suspect of Alcohol Use, Not Suspect of Drug Use",Cyclist (Electric),Cross/Enter at Intersection,Unknown,Intersection Unmarked Crosswalk,Yes,Possible Minor Injury,None,38.96930991,-77.0050771,2025,10,14
250045853,10/12/2025 02:01:00 PM,VEIRS MILL RD (WB/L),Pedestrian,Clear,Dry,Daylight,"Unknown, Unknown",Pedestrian,Cross/Enter Not at Intersection,Dart/Dash,Intersection Other,Yes,Possible Minor Injury,None,39.0583535,-77.08625218,2025,10,14
250045712,10/11/2025 11:29:00 AM,NA,Occupant Of a Non-Motor Vehicle Transportation Device,Clear,NA,Daylight,"Unknown, Unknown",Occupant Of a Non-Motor Vehicle Transportation Device,Walking/Cycling on Sidewalk,None (No Improper Action),Driveway Access,No,No Apparent Injury,None,38.9816165,-77.09857629,2025,10,11
250045694,10/11/2025 07:45:00 AM,STEWART LA,Pedestrian,Clear,Dry,Daylight,"Not Suspect of Alcohol Use, Not Suspect of Drug Use",Pedestrian,Cross/Enter Not at Intersection,Other,Shoulder/Roadside,Yes,Suspected Serious Injury,None,39.04610607,-76.98632883,2025,10,7
250045597,10/10/2025 03:16:00 PM,RANDOLPH RD (WB/L),Cyclist (Electric),Clear,Dry,Daylight,"Not Suspect of Alcohol Use, Not Suspect of Drug Use",Cyclist (Electric),Walking/Cycling Along Roadway With Traffic (In or Adjacent to Travel Lane),None (No Improper Action),Travel Lane Other Location,No,Possible Minor Injury,Helmet,39.06529075,-77.03713729,2025,10,15
250045531,10/10/2025 07:59:00 AM,NA,Cyclist (non-electric),Clear,Dry,Daylight,"Not Suspect of Alcohol Use, Not Suspect of Drug Use",Cyclist (non-electric),Walking/Cycling on Sidewalk,None (No Improper Action),Intersection Unmarked Crosswalk,No,Possible Minor Injury,None,39.0189715,-77.00851861,2025,10,7
250045436,10/09/2025 04:06:00 PM,FENTON ST,Pedestrian,Clear,Dry,Daylight,"Not Suspect of Alcohol Use, Not Suspect of Drug Use",Pedestrian,Cross/Enter at Intersection,Failure to Yield Right-Of-Way,Intersection Marked Crosswalk,No,Possible Minor Injury,None,38.98566543,-77.02291417,2025,10,16
250045429,10/09/2025 03:12:00 PM,RUSSETT RD,Cyclist (non-electric),Clear,Dry,Daylight,"Not Suspect of Alcohol Use, Not Suspect of Drug Use",Cyclist (non-electric),Cross/Enter at Intersection,"Dart/Dash, Failure to Yield Right-Of-Way",Intersection Marked Crosswalk,Yes,Fatal Injury,Helmet,39.08976697,-77.10529675,2025,10,15
250045424,10/09/2025 03:01:00 PM,NA,Pedestrian,Clear,NA,Daylight,"Unknown, Unknown",Pedestrian,Standing,None (No Improper Action),Other,No,Possible Minor Injury,None,39.0595053,-77.06867229,2025,10,15
250045411,10/09/2025 02:00:00 PM,NA,Pedestrian,Clear,NA,Daylight,"Not Suspect of Alcohol Use, Not Suspect of Drug Use",Pedestrian,Walking/Cycling Along Roadway Against Traffic (In or Adjacent to Travel Lane),None (No Improper Action),Other,No,Possible Minor Injury,None,39.11298382,-76.93506472,2025,10,14
250045292,10/08/2025 06:07:00 PM,NA,Pedestrian,Clear,NA,Daylight,"Not Suspect of Alcohol Use, Not Suspect of Drug Use",Pedestrian,Other,Other,Other,No,Possible Minor Injury,None,39.04301972,-76.98315592,2025,10,18
250045224,10/08/2025 12:28:00 PM,REDLAND BLVD,Pedestrian,Clear,Dry,Daylight,"Not Suspect of Alcohol Use, Not Suspect of Drug Use",Pedestrian,Cross/Enter at Intersection,Dart/Dash,Intersection Marked Crosswalk,No,Suspected Serious Injury,None,39.11472688,-77.16721465,2025,10,12
250045123,10/07/2025 05:40:00 PM,LONGDRAFT RD (SB/L),Pedestrian,Cloudy,Dry,Daylight,"Not Suspect of Alcohol Use, Not Suspect of Drug Use, Not Suspect of Alcohol Use, Not Suspect of Drug Use, Unknown, Unknown",Pedestrian,Cross/Enter at Intersection,None (No Improper Action),Intersection Marked Crosswalk,No,No Apparent Injury,Unknown,39.14831753,-77.23781669,2025,10,17
250045037,10/07/2025 06:46:00 AM,NEW HAMPSHIRE AVE (SB/L),Unknown,Clear,Dry,Daylight,"Unknown, Unknown",Unknown,Cross/Enter at Intersection,Unknown,Intersection Marked Crosswalk,No,Possible Minor Injury,None,39.0113189,-76.9792602,2025,10,6
250045011,10/07/2025 05:32:00 AM,COLUMBIA PIKE,Pedestrian,Clear,Dry,Dark,"Not Suspect of Alcohol Use, Not Suspect of Drug Use",Pedestrian,Walking/Cycling Along Roadway With Traffic (In or Adjacent to Travel Lane),Unknown,Travel Lane Other Location,No,Suspected Serious Injury,None,39.04775317,-76.98482317,2025,10,5
250044975,10/06/2025 06:32:00 PM,ROYAL BONNET CIR (SB/L),Pedestrian,Clear,Dry,Daylight,"Not Suspect of Alcohol Use, Not Suspect of Drug Use",Pedestrian,Cross/Enter at Intersection,Dart/Dash,Intersection Unmarked Crosswalk,Yes,Possible Minor Injury,None,39.15301172,-77.19421826,2025,10,18
250044811,10/05/2025 03:34:00 PM,DARNESTOWN RD (WB/L),Cyclist (non-electric),Clear,Dry,Daylight,"Unknown, Unknown",Cyclist (non-electric),Walking/Cycling on Sidewalk,Unknown,Driveway Access,No,Possible Minor Injury,Helmet,39.1177309,-77.25183801,2025,10,15
250044767,10/05/2025 01:30:00 PM,WEST SIDE DR,"Occupant of Motor Vehicle Not in Transport, Pedestrian",Clear,Dry,Daylight,"Not Suspect of Alcohol Use, Not Suspect of Drug Use",Occupant of Motor Vehicle Not in Transport,Getting Off/On Vehicle,None (No Improper Action),NonTrafficway Area,No,Suspected Serious Injury,None,39.126516,-77.20512567,2025,10,13
250044767,10/05/2025 01:30:00 PM,WEST SIDE DR,"Occupant of Motor Vehicle Not in Transport, Pedestrian",Clear,Dry,Daylight,"Not Suspect of Alcohol Use, Not Suspect of Drug Use",Pedestrian,Getting Off/On Vehicle,None (No Improper Action),NonTrafficway Area,No,Possible Minor Injury,None,39.126516,-77.20512567,2025,10,13
250044766,10/05/2025 01:07:00 PM,WILLOW AVE,Pedestrian,Clear,Dry,Daylight,"Not Suspect of Alcohol Use, Not Suspect of Drug Use",Pedestrian,None,None (No Improper Action),OnStreet Bike Lanes,No,Possible Minor Injury,None,38.97716353,-77.01142082,2025,10,13
250044677,10/04/2025 06:06:00 PM,WOODMONT AVE,Cyclist (non-electric),Clear,Dry,Daylight,"Not Suspect of Alcohol Use, Not Suspect of Drug Use",Cyclist (non-electric),Cross/Enter at Intersection,None (No Improper Action),Intersection Marked Crosswalk,No,No Apparent Injury,None,38.98467867,-77.09671767,2025,10,18
250044656,10/04/2025 04:12:00 PM,S FREDERICK RD,Pedestrian,Clear,Dry,Daylight,"Not Suspect of Alcohol Use, Not Suspect of Drug Use",Pedestrian,Other,None (No Improper Action),Driveway Access,No,Possible Minor Injury,None,39.12841654,-77.18531625,2025,10,16
250044642,10/04/2025 01:45:00 PM,NA,Pedestrian,Clear,NA,Daylight,"Unknown, Unknown",Pedestrian,Walking/Cycling on Sidewalk,None (No Improper Action),Other,No,Possible Minor Injury,None,39.07981724,-77.07356358,2025,10,13
250044427,10/03/2025 09:30:00 AM,NA,Cyclist (non-electric),Clear,NA,Daylight,"Not Suspect of Alcohol Use, Not Suspect of Drug Use",Cyclist (non-electric),Walking/Cycling on Sidewalk,None (No Improper Action),Driveway Access,No,Possible Minor Injury,None,39.13637762,-77.19244543,2025,10,9
250044420,10/03/2025 08:11:00 AM,LOCKWOOD DR,Cyclist (Electric),Clear,Dry,Daylight,"Not Suspect of Alcohol Use, Not Suspect of Drug Use",Cyclist (Electric),Walking/Cycling Along Roadway With Traffic (In or Adjacent to Travel Lane),None (No Improper Action),Travel Lane Other Location,No,Possible Minor Injury,Helmet,39.03389917,-77.000405,2025,10,8
250044265,10/02/2025 05:49:00 AM,SHOREFIELD RD,Pedestrian,Clear,Dry,Medium,"Not Suspect of Alcohol Use, Not Suspect of Drug Use",Pedestrian,Cross/Enter at Intersection,"Not Visible (Dark Clothing, No Lighting, etc.)",Intersection Marked Crosswalk,No,Possible Minor Injury,None,39.05302299,-77.05118267,2025,10,5
250044195,10/01/2025 03:30:00 PM,NA,Pedestrian,Clear,NA,Daylight,"Unknown, Unknown",Pedestrian,Standing,None (No Improper Action),Other,No,Possible Minor Injury,None,39.04403897,-77.10532704,2025,10,15
250044143,10/01/2025 01:26:00 PM,GEORGIA AVE (SB/L),Pedestrian,Clear,Dry,Daylight,"Not Suspect of Alcohol Use, Not Suspect of Drug Use",Pedestrian,Cross/Enter at Intersection,None (No Improper Action),Midblock Marked Crosswalk,No,Possible Minor Injury,None,38.99822937,-77.03064285,2025,10,13
250044027,09/30/2025 07:12:00 PM,WATERS LANDING DR,Pedestrian,Clear,Dry,Dark,"Not Suspect of Alcohol Use, Not Suspect of Drug Use",Pedestrian,Cross/Enter at Intersection,None (No Improper Action),Intersection Marked Crosswalk,No,Possible Minor Injury,None,39.19138807,-77.28058491,2025,9,19
250043875,09/30/2025 05:31:00 PM,TULIP DR,Pedestrian,Clear,Dry,Daylight,"Not Suspect of Alcohol Use, Not Suspect of Drug Use",Pedestrian,Other,None (No Improper Action),Other,No,Possible Minor Injury,None,39.13741002,-77.18876045,2025,9,17
250043985,09/30/2025 03:42:00 PM,FALLSMEAD WAY,Cyclist (non-electric),Clear,Dry,Daylight,"Not Suspect of Alcohol Use, Not Suspect of Drug Use",Cyclist (non-electric),Walking/Cycling on Sidewalk,None (No Improper Action),Sidewalk,No,Possible Minor Injury,Helmet,39.07362533,-77.169709,2025,9,15
250044013,09/30/2025 03:26:00 PM,PINEY BRANCH RD,Pedestrian,Clear,Dry,Daylight,"Unknown, Unknown",Pedestrian,Cross/Enter at Intersection,None (No Improper Action),Intersection Marked Crosswalk,No,Possible Minor Injury,None,38.99997688,-76.99068693,2025,9,15
250043837,09/29/2025 05:26:00 PM,NA,Pedestrian,Clear,NA,Daylight,"Not Suspect of Alcohol Use, Not Suspect of Drug Use",Pedestrian,Other,Failure to Yield Right-Of-Way,Other,Yes,Possible Minor Injury,None,39.04115237,-76.98401291,2025,9,17
250043625,09/28/2025 12:21:00 PM,NA,Pedestrian,Clear,Dry,Daylight,"Not Suspect of Alcohol Use, Not Suspect of Drug Use",Pedestrian,Cross/Enter at Intersection,None (No Improper Action),Intersection Marked Crosswalk,No,Possible Minor Injury,None,39.11747399,-77.25108189,2025,9,12
250043516,09/27/2025 05:07:00 PM,GRACE CHURCH RD,Scooter (electric),Clear,Dry,Daylight,"Not Suspect of Alcohol Use, Not Suspect of Drug Use",Scooter (electric),Cross/Enter at Intersection,"Failure to Obey Traffic Signs, Signals, or Officer, Failure to Yield Right-Of-Way, Inattentive (Talking, Eating, etc.)",Shoulder/Roadside,Yes,Possible Minor Injury,None,39.00408276,-77.04105905,2025,9,17
250043506,09/27/2025 04:01:00 PM,ROCKVILLE PIKE (SB/L),Cyclist (Electric),Cloudy,Dry,Daylight,"Not Suspect of Alcohol Use, Not Suspect of Drug Use",Cyclist (Electric),Walking/Cycling Along Roadway With Traffic (In or Adjacent to Travel Lane),None (No Improper Action),Travel Lane Other Location,Yes,Suspected Serious Injury,Helmet,39.04685383,-77.11290883,2025,9,16
250043379,09/26/2025 05:19:00 PM,NA,Cyclist (Electric),Clear,Dry,Daylight,"Not Suspect of Alcohol Use, Not Suspect of Drug Use",Cyclist (Electric),Cross/Enter at Intersection,Failure to Yield Right-Of-Way,Intersection Marked Crosswalk,No,Possible Minor Injury,Helmet,39.05575183,-77.14964666,2025,9,17
250043264,09/26/2025 07:54:00 AM,WIMS RD,Pedestrian,Clear,Dry,Daylight,"Not Suspect of Alcohol Use, Not Suspect of Drug Use",Pedestrian,Cross/Enter at Intersection,None (No Improper Action),Intersection Marked Crosswalk,No,Possible Minor Injury,None,39.22618536,-77.2640231,2025,9,7
250043429,09/25/2025 10:00:00 PM,NA,Cyclist (non-electric),Clear,NA,Medium,"Unknown, Unknown",Cyclist (non-electric),Unknown,Unknown,Other,No,Possible Minor Injury,Unknown,38.99664585,-77.02309982,2025,9,22
250043228,09/25/2025 09:06:00 PM,NA,Pedestrian,Clear,NA,Dark,"Unknown, Unknown",Pedestrian,Walking/Cycling Along Roadway With Traffic (In or Adjacent to Travel Lane),None (No Improper Action),OffStreet Trails or Sidepaths,No,Possible Minor Injury,None,39.15253251,-77.06325866,2025,9,21
250043232,09/25/2025 06:40:00 PM,TRENTWORTH WAY,Cyclist (non-electric),Clear,Dry,Daylight,"Unknown, Unknown",Cyclist (non-electric),Standing,Unknown,Sidewalk,No,Possible Minor Injury,Unknown,39.22120867,-77.26481017,2025,9,18
250043185,09/25/2025 03:56:00 PM,NA,Cyclist (non-electric),Cloudy,Dry,Daylight,"Not Suspect of Alcohol Use, Not Suspect of Drug Use",Cyclist (non-electric),Walking/Cycling Along Roadway With Traffic (In or Adjacent to Travel Lane),Unknown,Intersection Marked Crosswalk,No,Possible Minor Injury,None,39.04333806,-77.11336977,2025,9,15
250043099,09/25/2025 07:30:00 AM,LANARK WAY,Pedestrian,Rain,Wet,Medium,"Not Suspect of Alcohol Use, Not Suspect of Drug Use",Pedestrian,Cross/Enter at Intersection,Unknown,Intersection Marked Crosswalk,No,Possible Minor Injury,None,39.01854526,-77.01425544,2025,9,7
250042967,09/24/2025 02:06:00 PM,HALPINE RD (EB/L),Pedestrian,Cloudy,Dry,Daylight,"Not Suspect of Alcohol Use, Not Suspect of Drug Use",Pedestrian,None,None (No Improper Action),Intersection Marked Crosswalk,No,Possible Minor Injury,None,39.0617344,-77.12424583,2025,9,14
250042930,09/24/2025 10:19:00 AM,NA,Cyclist (non-electric),Cloudy,Wet,Daylight,"Not Suspect of Alcohol Use, Not Suspect of Drug Use",Cyclist (non-electric),Cross/Enter at Intersection,None (No Improper Action),Intersection Marked Crosswalk,No,Possible Minor Injury,"Helmet, Reflective Wear (backpack, triangles, etc.)",38.96460737,-77.13603942,2025,9,10
250042961,09/24/2025 08:30:00 AM,GERMANTOWN RD,Pedestrian,Cloudy,Dry,Daylight,"Not Suspect of Alcohol Use, Not Suspect of Drug Use",Pedestrian,Other,Entering/Exiting Parked/Standing Vehicle,Travel Lane Other Location,Yes,Possible Minor Injury,None,39.18085012,-77.26272257,2025,9,8
250042860,09/23/2025 07:27:00 PM,VEIRS MILL RD,Pedestrian,Clear,Dry,Medium,"Unknown, Unknown",Pedestrian,Cross/Enter Not at Intersection,Unknown,Travel Lane Other Location,No,Fatal Injury,Unknown,39.03945312,-77.05452246,2025,9,19
250042607,09/22/2025 10:30:00 AM,FOREST GLEN RD,Cyclist (Electric),Clear,Dry,Daylight,"Not Suspect of Alcohol Use, Not Suspect of Drug Use",Cyclist (Electric),Walking/Cycling Along Roadway With Traffic (In or Adjacent to Travel Lane),Improper Passing,Shared Lane Markings),Yes,Possible Minor Injury,Helmet,39.01467739,-77.05474731,2025,9,10
250042552,09/21/2025 09:14:00 PM,UNIVERSITY BLVD W (WB/L),Pedestrian,Clear,Dry,Medium,"Not Suspect of Alcohol Use, Not Suspect of Drug Use",Pedestrian,Cross/Enter at Intersection,Unknown,Intersection Other,No,Fatal Injury,None,39.0353116,-77.06818582,2025,9,21
250042143,09/19/2025 07:45:00 AM,NO NAME,Pedestrian,Clear,Dry,Daylight,"Not Suspect of Alcohol Use, Not Suspect of Drug Use",Pedestrian,Cross/Enter Not at Intersection,Failure to Yield Right-Of-Way,Travel Lane Other Location,Yes,Possible Minor Injury,None,38.99952445,-77.09682509,2025,9,7
250042147,09/19/2025 07:40:00 AM,NA,Pedestrian,Clear,NA,Daylight,"Not Suspect of Alcohol Use, Not Suspect of Drug Use",Pedestrian,Other,None (No Improper Action),Other,No,Possible Minor Injury,None,39.08867233,-77.11833723,2025,9,7
250042142,09/19/2025 07:20:00 AM,CHELTENHAM DR,Pedestrian,Clear,Dry,Daylight,"Not Suspect of Alcohol Use, Not Suspect of Drug Use",Pedestrian,Cross/Enter at Intersection,None (No Improper Action),Intersection Unmarked Crosswalk,No,Suspected Serious Injury,None,38.98857218,-77.09170852,2025,9,7
250042096,09/18/2025 07:56:00 PM,DUFIEF MILL RD,Pedestrian,Clear,Dry,Dark,"Not Suspect of Alcohol Use, Not Suspect of Drug Use",Pedestrian,Cross/Enter Not at Intersection,"Not Visible (Dark Clothing, No Lighting, etc.)",Intersection Other,No,Suspected Serious Injury,None,39.09362389,-77.23311606,2025,9,19
250042112,09/18/2025 07:00:00 PM,N HORNERS LA,Scooter (electric),Clear,Dry,Medium,"Not Suspect of Alcohol Use, Not Suspect of Drug Use",Scooter (electric),Unknown,Unknown,Intersection Marked Crosswalk,No,Possible Minor Injury,None,39.09093304,-77.14346222,2025,9,19
250042043,09/18/2025 03:25:00 PM,N WASHINGTON ST,Cyclist (non-electric),Clear,Dry,Daylight,"Not Suspect of Alcohol Use, Not Suspect of Drug Use",Cyclist (non-electric),Walking/Cycling Along Roadway With Traffic (In or Adjacent to Travel Lane),Improper Turn/Merge),Travel Lane Other Location,Yes,Possible Minor Injury,Helmet,39.0902574,-77.15362682,2025,9,15
250041847,09/17/2025 03:29:00 PM,NA,Pedestrian,Cloudy,Dry,Daylight,"Not Suspect of Alcohol Use, Not Suspect of Drug Use",Pedestrian,Walking/Cycling on Sidewalk,None (No Improper Action),Intersection Marked Crosswalk,No,No Apparent Injury,None,39.06308408,-77.12489274,2025,9,15
250041832,09/17/2025 12:28:00 PM,N CAMPUS DR,Pedestrian,Cloudy,Dry,Daylight,"Not Suspect of Alcohol Use, Not Suspect of Drug Use",Pedestrian,Cross/Enter Not at Intersection,None (No Improper Action),Travel Lane Other Location,No,No Apparent Injury,None,39.09948456,-77.15952203,2025,9,12
250041683,09/16/2025 04:20:00 PM,NA,Pedestrian,Rain,NA,Daylight,"Not Suspect of Alcohol Use, Not Suspect of Drug Use",Pedestrian,Other,None (No Improper Action),Other,No,Possible Minor Injury,None,39.09194015,-77.04735531,2025,9,16
250041506,09/15/2025 05:33:00 PM,NA,Pedestrian,Clear,Dry,Daylight,"Not Suspect of Alcohol Use, Not Suspect of Drug Use",Pedestrian,Cross/Enter Not at Intersection,Failure to Yield Right-Of-Way,Intersection Other,Yes,Possible Minor Injury,None,38.99817733,-77.00313533,2025,9,17
250041620,09/15/2025 03:40:00 PM,ROOSEVELT ST,Cyclist (non-electric),Clear,Dry,Daylight,"Not Suspect of Alcohol Use, Not Suspect of Drug Use",Cyclist (non-electric),Walking/Cycling on Sidewalk,None (No Improper Action),Intersection Other,No,Possible Minor Injury,Unknown,38.99585387,-77.10877253,2025,9,15
250041127,09/13/2025 10:19:00 AM,13TH ST,Pedestrian,Clear,Dry,Daylight,"Not Suspect of Alcohol Use, Not Suspect of Drug Use",Pedestrian,Cross/Enter at Intersection,None (No Improper Action),Intersection Marked Crosswalk,No,Possible Minor Injury,None,38.98736426,-77.02679136,2025,9,10
250040955,09/12/2025 08:46:00 AM,OBSERVATION DR,Pedestrian,Clear,Wet,Daylight,"Unknown, Unknown",Pedestrian,Cross/Enter at Intersection,None (No Improper Action),Intersection Marked Crosswalk,No,Possible Minor Injury,None,39.18743818,-77.24876419,2025,9,8
250040784,09/11/2025 06:56:00 AM,NA,Pedestrian,Cloudy,NA,Medium,"Unknown, Unknown",Pedestrian,Other,None (No Improper Action),Other,No,Possible Minor Injury,None,39.1102339,-76.99575384,2025,9,6
250040689,09/10/2025 03:30:00 PM,COLUMBIA PIKE,Pedestrian,Clear,Dry,Daylight,"Not Suspect of Alcohol Use, Not Suspect of Drug Use",Pedestrian,None,None (No Improper Action),Intersection Marked Crosswalk,No,Possible Minor Injury,None,39.07320197,-76.95565145,2025,9,15
250040664,09/10/2025 01:30:00 PM,KENSINGTON BLVD,Pedestrian,Rain,Wet,Daylight,"Not Suspect of Alcohol Use, Not Suspect of Drug Use",Pedestrian,Cross/Enter at Intersection,None (No Improper Action),Intersection Marked Crosswalk,No,Possible Minor Injury,None,39.04172642,-77.05317159,2025,9,13
250040613,09/10/2025 08:52:00 AM,MOHICAN RD,Pedestrian,Rain,Wet,Daylight,"Not Suspect of Alcohol Use, Not Suspect of Drug Use",Pedestrian,Cross/Enter Not at Intersection,Dart/Dash,Travel Lane Other Location,Yes,Suspected Serious Injury,None,38.96097698,-77.13300019,2025,9,8
250040524,09/09/2025 05:15:00 PM,NA,Cyclist (non-electric),Clear,Dry,Daylight,"Not Suspect of Alcohol Use, Not Suspect of Drug Use",Cyclist (non-electric),Walking/Cycling Along Roadway With Traffic (In or Adjacent to Travel Lane),None (No Improper Action),OnStreet Buffered Bike Lanes,No,Possible Minor Injury,Helmet,39.01588066,-77.03820376,2025,9,17
250040503,09/09/2025 03:00:00 PM,MARINELLI RD (EB/L),Pedestrian,Clear,Dry,Daylight,"Not Suspect of Alcohol Use, Not Suspect of Drug Use",Pedestrian,Cross/Enter at Intersection,None (No Improper Action),Intersection Marked Crosswalk,No,Possible Minor Injury,None,39.04702869,-77.11287836,2025,9,15
250040480,09/09/2025 01:58:00 PM,CRABB AVE,Cyclist (non-electric),Clear,Dry,Daylight,"Not Suspect of Alcohol Use, Not Suspect of Drug Use",Cyclist (non-electric),Cross/Enter at Intersection,Dart/Dash,Intersection Marked Crosswalk,Yes,Possible Minor Injury,None,39.08875226,-77.143444830000007,2025,9,13
250121790,09/09/2025 01:10:00 PM,QUINCE ORCHARD RD,Cyclist (non-electric),Clear,Dry,Daylight,"Not Suspect of Alcohol Use, Not Suspect of Drug Use",Cyclist (non-electric),Walking/Cycling Along Roadway With Traffic (In or Adjacent to Travel Lane),None (No Improper Action),Travel Lane Other Location,No,Possible Minor Injury,"Helmet, Protective Pads (elbows, knees, shins, etc.), Reflectors",39.09149124,-77.24870112,2025,9,13
250040411,09/09/2025 09:00:00 AM,OLNEY SANDY SPRING RD,Pedestrian,Clear,Dry,Daylight,"Not Suspect of Alcohol Use, Not Suspect of Drug Use",Pedestrian,Walking/Cycling Along Roadway With Traffic (In or Adjacent to Travel Lane),None (No Improper Action),Shoulder/Roadside,No,Possible Minor Injury,None,39.14627615,-77.04020721,2025,9,9
250040443,09/08/2025 07:15:00 PM,FORT SUMNER DR,Cyclist (non-electric),Clear,Dry,Daylight,"Not Suspect of Alcohol Use, Not Suspect of Drug Use",Cyclist (non-electric),Walking/Cycling Along Roadway With Traffic (In or Adjacent to Travel Lane),None (No Improper Action),Intersection Other,No,Possible Minor Injury,Helmet,38.95532229,-77.11316122,2025,9,19
250040332,09/08/2025 05:16:00 PM,NA,Pedestrian,Clear,NA,Daylight,"Not Suspect of Alcohol Use, Not Suspect of Drug Use",Pedestrian,Cross/Enter Not at Intersection,Unknown,Travel Lane Other Location,No,Suspected Serious Injury,None,39.11502444,-77.21734579,2025,9,17
250040301,09/08/2025 03:07:00 PM,NA,Cyclist (non-electric),Clear,NA,Daylight,"Not Suspect of Alcohol Use, Not Suspect of Drug Use",Cyclist (non-electric),Walking/Cycling on Sidewalk,None (No Improper Action),Sidewalk,No,Possible Minor Injury,None,39.08439812,-77.14907229,2025,9,15
250040328,09/08/2025 02:35:00 PM,SLIGO CREEK PKWY,Cyclist (non-electric),Clear,Dry,Daylight,"Not Suspect of Alcohol Use, Not Suspect of Drug Use",Cyclist (non-electric),Cross/Enter at Intersection,None (No Improper Action),Intersection Marked Crosswalk,No,Possible Minor Injury,Helmet,39.00768624,-77.02008906,2025,9,14
250040171,09/07/2025 06:53:00 PM,CHESTERTOWN ST,Pedestrian,Clear,Dry,Daylight,"Not Suspect of Alcohol Use, Not Suspect of Drug Use",Pedestrian,Other,Unknown,Travel Lane Other Location,No,Suspected Serious Injury,None,39.12309412,-77.24126533,2025,9,18
250040138,09/07/2025 02:00:00 PM,JONES MILL RD,Cyclist (non-electric),Clear,Dry,Daylight,"Not Suspect of Alcohol Use, Not Suspect of Drug Use",Cyclist (non-electric),Walking/Cycling Along Roadway With Traffic (In or Adjacent to Travel Lane),None (No Improper Action),Shoulder/Roadside,No,Possible Minor Injury,"Helmet, Protective Pads (elbows, knees, shins, etc.)",38.99735709,-77.06595076,2025,9,14
250040053,09/06/2025 07:06:00 PM,NA,Pedestrian,Clear,NA,Daylight,"Not Suspect of Alcohol Use, Not Suspect of Drug Use",Pedestrian,None,None (No Improper Action),Shoulder/Roadside,No,Possible Minor Injury,None,39.05832948,-77.12230564,2025,9,19
250039850,09/05/2025 03:32:00 PM,NA,Pedestrian,Clear,NA,Daylight,"Not Suspect of Alcohol Use, Not Suspect of Drug Use",Pedestrian,Other,None (No Improper Action),NonTrafficway Area,Yes,Possible Minor Injury,None,39.11883892,-77.21382815,2025,9,15
250039789,09/05/2025 11:40:00 AM,NA,Pedestrian,Clear,NA,Daylight,"Unknown, Unknown",Pedestrian,Cross/Enter at Intersection,None (No Improper Action),Driveway Access,No,Possible Minor Injury,None,39.03179533,-77.00402059,2025,9,11
250039778,09/05/2025 09:15:00 AM,PIERCE DR,Pedestrian,Clear,Dry,Daylight,"Unknown, Unknown",Pedestrian,Cross/Enter at Intersection,None (No Improper Action),Intersection Marked Crosswalk,No,Possible Minor Injury,None,39.02012244,-77.01058555,2025,9,9
250039588,09/04/2025 07:52:00 AM,NA,Pedestrian,Clear,Dry,Daylight,"Not Suspect of Alcohol Use, Not Suspect of Drug Use",Pedestrian,Cross/Enter at Intersection,Dart/Dash,Intersection Marked Crosswalk,No,Possible Minor Injury,None,39.03315271,-77.12136953,2025,9,7
250039545,09/03/2025 08:43:00 PM,NA,Cyclist (non-electric),Clear,NA,Medium,"Not Suspect of Alcohol Use, Not Suspect of Drug Use",Cyclist (non-electric),None,None (No Improper Action),Other,No,Possible Minor Injury,None,39.05584913,-77.04983793,2025,9,20
250039458,09/03/2025 01:55:00 PM,CEDAR ST,Pedestrian,Clear,Dry,Daylight,"Unknown, Unknown",Pedestrian,Standing,None (No Improper Action),Travel Lane Other Location,No,Possible Minor Injury,None,38.99720129,-77.02182264,2025,9,13
250039453,09/03/2025 01:17:00 PM,VEIRS MILL RD,Scooter (electric),Clear,Dry,Daylight,"Not Suspect of Alcohol Use, Not Suspect of Drug Use",Scooter (electric),Cross/Enter at Intersection,"Failure to Obey Traffic Signs, Signals, or Officer",Intersection Marked Crosswalk,Yes,Possible Minor Injury,None,39.05139017,-77.07480508,2025,9,13
250039420,09/03/2025 09:55:00 AM,LONE OAK DR,Cyclist (non-electric),Clear,Dry,Daylight,"Not Suspect of Alcohol Use, Not Suspect of Drug Use",Cyclist (non-electric),Walking/Cycling Along Roadway With Traffic (In or Adjacent to Travel Lane),None (No Improper Action),OnStreet Bike Lanes,No,Possible Minor Injury,"Helmet, Protective Pads (elbows, knees, shins, etc.)",39.02078976,-77.12238712,2025,9,9
250039331,09/02/2025 05:30:00 PM,NEW HAMPSHIRE AVE,Cyclist (non-electric),Clear,Dry,Daylight,"Not Suspect of Alcohol Use, Not Suspect of Drug Use",Cyclist (non-electric),Cross/Enter at Intersection,None (No Improper Action),Intersection Marked Crosswalk,No,No Apparent Injury,None,39.1085623,-76.99782201,2025,9,17
250039204,09/02/2025 07:44:00 AM,NA,Pedestrian,Clear,Dry,Daylight,"Not Suspect of Alcohol Use, Not Suspect of Drug Use",Pedestrian,Cross/Enter at Intersection,Dart/Dash,Intersection Marked Crosswalk,No,Possible Minor Injury,None,39.04123045,-76.98549347,2025,9,7
250039196,09/02/2025 05:02:00 AM,RAMP 4 FR IS 270 NB TO WATKINS MILL RD,Cyclist (non-electric),Clear,Dry,Dark,"Not Suspect of Alcohol Use, Not Suspect of Drug Use",Cyclist (non-electric),Walking/Cycling on Sidewalk,None (No Improper Action),Intersection Marked Crosswalk,No,No Apparent Injury,Unknown,39.15671006,-77.22465824,2025,9,5
250038977,08/31/2025 12:25:00 PM,NA,Pedestrian,Clear,NA,Daylight,"Not Suspect of Alcohol Use, Not Suspect of Drug Use",Pedestrian,Other,None (No Improper Action),OffStreet Trails or Sidepaths,No,Suspected Serious Injury,None,39.16472295,-77.27516836,2025,8,12
250038879,08/30/2025 04:55:00 PM,NA,Pedestrian,Clear,NA,Daylight,"Not Suspect of Alcohol Use, Not Suspect of Drug Use",Pedestrian,Walking/Cycling on Sidewalk,None (No Improper Action),Sidewalk,No,Possible Minor Injury,None,39.0271419,-77.01138092,2025,8,16
250038875,08/30/2025 04:23:00 PM,RIVER RD,Cyclist (non-electric),Clear,Dry,Daylight,"Not Suspect of Alcohol Use, Not Suspect of Drug Use",Cyclist (non-electric),Walking/Cycling Along Roadway With Traffic (In or Adjacent to Travel Lane),None (No Improper Action),Travel Lane Other Location,No,Possible Minor Injury,"Helmet, Reflectors",39.07882979,-77.32759602,2025,8,16
250038771,08/29/2025 07:28:00 PM,NA,Pedestrian,Clear,NA,Daylight,"Not Suspect of Alcohol Use, Not Suspect of Drug Use",Pedestrian,Other,"Inattentive (Talking, Eating, etc.)",Travel Lane Other Location,Yes,Possible Minor Injury,None,39.11658561,-77.25398011,2025,8,19
250038544,08/28/2025 05:29:00 PM,KENDALL ST,Cyclist (non-electric),Clear,Dry,Daylight,"Not Suspect of Alcohol Use, Not Suspect of Drug Use",Cyclist (non-electric),Walking/Cycling on Sidewalk,"Inattentive (Talking, Eating, etc.)",Intersection Other,Yes,No Apparent Injury,None,39.05943829,-77.06032409,2025,8,17
250038671,08/28/2025 03:55:00 PM,MELINDA LA,Pedestrian,Clear,Dry,Daylight,"Not Suspect of Alcohol Use, Not Suspect of Drug Use",Pedestrian,Cross/Enter Not at Intersection,Dart/Dash,Other,No,No Apparent Injury,None,39.09462457,-77.09825856,2025,8,15
250038512,08/28/2025 03:06:00 PM,BOYD AVE,Cyclist (Electric),Clear,Dry,Daylight,"Not Suspect of Alcohol Use, Not Suspect of Drug Use",Cyclist (Electric),Cross/Enter at Intersection,None (No Improper Action),Intersection Marked Crosswalk,No,Possible Minor Injury,None,38.98057787,-77.00387256,2025,8,15
250038448,08/28/2025 08:38:00 AM,W MONTGOMERY AVE,Pedestrian,Clear,Dry,Daylight,"Not Suspect of Alcohol Use, Not Suspect of Drug Use, Not Suspect of Alcohol Use, Not Suspect of Drug Use",Pedestrian,Standing,None (No Improper Action),Sidewalk,No,Possible Minor Injury,None,39.08414069,-77.15481496,2025,8,8
250038448,08/28/2025 08:38:00 AM,W MONTGOMERY AVE,Pedestrian,Clear,Dry,Daylight,"Not Suspect of Alcohol Use, Not Suspect of Drug Use, Not Suspect of Alcohol Use, Not Suspect of Drug Use",Pedestrian,Standing,None (No Improper Action),Sidewalk,No,Possible Minor Injury,None,39.08414069,-77.15481496,2025,8,8
250038432,08/28/2025 04:21:00 AM,FENTON ST,Scooter (electric),Clear,Dry,Medium,"Unknown, Unknown",Scooter (electric),Cross/Enter at Intersection,None (No Improper Action),Intersection Marked Crosswalk,No,Possible Minor Injury,Helmet,38.98267528,-77.02094095,2025,8,4
25003831,08/27/2025 05:02:00 PM,GEORGIA AVE (SB/L),Pedestrian,Clear,Dry,Daylight,"Not Suspect of Alcohol Use, Not Suspect of Drug Use",Pedestrian,Cross/Enter Not at Intersection,Dart/Dash,Travel Lane Other Location,Yes,Possible Minor Injury,None,39.02701719,-77.04685988,2025,8,17
250038291,08/27/2025 08:17:00 AM,RAMP 8 FR IS 270Y SB TO DEMOCRACY BLVD,Pedestrian,Clear,Dry,Daylight,"Unknown, Unknown",Pedestrian,Cross/Enter at Intersection,Dart/Dash,Intersection Marked Crosswalk,Yes,Possible Minor Injury,None,39.02199223,-77.1447585,2025,8,8
250038259,08/26/2025 10:16:00 PM,SWEETBRIAR PKWY,Unknown,Clear,Dry,Medium,"Not Suspect of Alcohol Use, Not Suspect of Drug Use, Not Suspect of Alcohol Use, Not Suspect of Drug Use",Unknown,None,None (No Improper Action),Other,No,No Apparent Injury,None,39.02396249,-76.97292481,2025,8,22
250038145,08/26/2025 12:44:00 PM,NA,Pedestrian,Clear,NA,Daylight,"Not Suspect of Alcohol Use, Not Suspect of Drug Use",Pedestrian,Cross/Enter Not at Intersection,None (No Improper Action),Driveway Access,No,Possible Minor Injury,None,39.14887541,-77.22342038,2025,8,12
250037984,08/25/2025 02:24:00 PM,NA,Cyclist (Electric),Clear,Dry,Daylight,"Not Suspect of Alcohol Use, Not Suspect of Drug Use",Cyclist (Electric),Other,None (No Improper Action),Intersection Other,No,Possible Minor Injury,None,39.08322937,-77.15293368,2025,8,14
250037791,08/23/2025 09:45:00 PM,FREDERICK RD (SB/L),Pedestrian,Clear,Dry,Dark,"Not Suspect of Alcohol Use, Not Suspect of Drug Use",Pedestrian,Cross/Enter at Intersection,None (No Improper Action),Intersection Other,No,Suspected Serious Injury,None,39.12290102,-77.17826828,2025,8,21
250037735,08/23/2025 02:48:00 PM,NA,Pedestrian,Clear,NA,Daylight,"Unknown, Unknown",Pedestrian,None,None (No Improper Action),NonTrafficway Area,No,No Apparent Injury,None,39.08271911,-76.94718759,2025,8,14
250037735,08/23/2025 02:48:00 PM,NA,Pedestrian,Clear,NA,Daylight,"Unknown, Unknown",Pedestrian,Other,None (No Improper Action),NonTrafficway Area,No,No Apparent Injury,None,39.08271911,-76.94718759,2025,8,14
250037735,08/23/2025 02:48:00 PM,NA,Pedestrian,Clear,NA,Daylight,"Unknown, Unknown",Pedestrian,Other,None (No Improper Action),Other,No,No Apparent Injury,None,39.08271911,-76.94718759,2025,8,14
250037708,08/23/2025 11:50:00 AM,ROCKVILLE PIKE (SB/L),Pedestrian,Clear,Dry,Daylight,"Not Suspect of Alcohol Use, Not Suspect of Drug Use",Pedestrian,Walking/Cycling on Sidewalk,None (No Improper Action),Sidewalk,No,Possible Minor Injury,None,39.05846583,-77.12126533,2025,8,11
250037697,08/23/2025 10:28:00 AM,S GLEN RD,Cyclist (non-electric),Clear,Dry,Daylight,"Not Suspect of Alcohol Use, Not Suspect of Drug Use",Cyclist (non-electric),Walking/Cycling Along Roadway With Traffic (In or Adjacent to Travel Lane),None (No Improper Action),Travel Lane Other Location,No,Possible Minor Injury,Helmet,39.04591437,-77.21718449,2025,8,10
250037328,08/21/2025 08:50:00 AM,NA,Pedestrian,Rain,Wet,Daylight,"Not Suspect of Alcohol Use, Not Suspect of Drug Use",Pedestrian,Walking/Cycling Along Roadway Against Traffic (In or Adjacent to Travel Lane),None (No Improper Action),Intersection Marked Crosswalk,No,Possible Minor Injury,None,39.09073675,-77.11498471,2025,8,8
250037220,08/20/2025 02:26:00 PM,ATLANTIC AVE (NB/L),Pedestrian,Clear,Dry,Daylight,"Not Suspect of Alcohol Use, Not Suspect of Drug Use",Pedestrian,Cross/Enter at Intersection,"Dart/Dash, Failure to Obey Traffic Signs, Signals, or Officer, Failure to Yield Right-Of-Way",Intersection Marked Crosswalk,Yes,Suspected Serious Injury,None,39.07500327,-77.11547905,2025,8,14
250037215,08/20/2025 02:20:00 PM,ASPEN HILL RD,Cyclist (Electric),Clear,Dry,Daylight,"Not Suspect of Alcohol Use, Not Suspect of Drug Use",Cyclist (Electric),Cross/Enter at Intersection,Other,Intersection Marked Crosswalk,Yes,Possible Minor Injury,None,39.08021635,-77.08034069,2025,8,14
250037163,08/20/2025 07:34:00 AM,FREDERICK RD (SB/L),Pedestrian,Rain,Wet,Daylight,"Not Suspect of Alcohol Use, Not Suspect of Drug Use",Pedestrian,Cross/Enter Not at Intersection,Dart/Dash,Travel Lane Other Location,No,Fatal Injury,None,39.20404173,-77.24598275,2025,8,7
25001788,08/19/2025 07:44:00 PM,WESTLAKE DR (SB/L),Scooter (electric),Clear,Dry,Medium,"Not Suspect of Alcohol Use, Not Suspect of Drug Use",Scooter (electric),Cross/Enter at Intersection,"Dart/Dash, Improper Passing, Improper Turn/Merge), Not Visible (Dark Clothing, No Lighting, etc.), Wrong-Way Riding or Walking",Intersection Unmarked Crosswalk,No,Possible Minor Injury,None,39.02912907,-77.14728814,2025,8,19
250037081,08/19/2025 04:22:00 PM,NA,Pedestrian,Clear,NA,Daylight,"Not Suspect of Alcohol Use, Not Suspect of Drug Use",Pedestrian,None,None (No Improper Action),Travel Lane Other Location,No,Possible Minor Injury,"Reflective Wear (backpack, triangles, etc.)",39.05773333,-77.11644692,2025,8,16
250037004,08/19/2025 09:50:00 AM,GRAND PRE RD,Pedestrian,Rain,Wet,Daylight,"Not Suspect of Alcohol Use, Not Suspect of Drug Use",Pedestrian,Cross/Enter Not at Intersection,Dart/Dash,Intersection Unmarked Crosswalk,No,Possible Minor Injury,None,39.09273383,-77.07647,2025,8,9
250036983,08/19/2025 06:23:00 AM,NA,Cyclist (Electric),Cloudy,Dry,Daylight,"Not Suspect of Alcohol Use, Not Suspect of Drug Use",Cyclist (Electric),Cross/Enter at Intersection,None (No Improper Action),Intersection Marked Crosswalk,No,Suspected Serious Injury,None,39.15388367,-77.21396733,2025,8,6
250036981,08/18/2025 03:24:00 AM,COLUMBIA PIKE (SB/L),Pedestrian,Clear,Dry,Medium,"Not Suspect of Alcohol Use, Not Suspect of Drug Use",Pedestrian,Walking/Cycling Along Roadway With Traffic (In or Adjacent to Travel Lane),"In Roadway Improperly (Standing, Lying, Working, Playing)",Travel Lane Other Location,Yes,Suspected Serious Injury,None,39.08985772,-76.94265212,2025,8,3
250036639,08/16/2025 06:13:00 PM,NA,Pedestrian,Clear,NA,Daylight,"Not Suspect of Alcohol Use, Not Suspect of Drug Use",Pedestrian,Walking/Cycling Along Roadway Against Traffic (In or Adjacent to Travel Lane),None (No Improper Action),Other,No,Suspected Serious Injury,None,39.1764974,-77.15032987,2025,8,18
250036611,08/16/2025 03:25:00 PM,NA,Cyclist (non-electric),Clear,Dry,Daylight,"Not Suspect of Alcohol Use, Not Suspect of Drug Use",Cyclist (non-electric),None,None (No Improper Action),Intersection Marked Crosswalk,No,Possible Minor Injury,Helmet,39.12544511,-77.23388974,2025,8,15
250036583,08/16/2025 12:03:00 PM,NA,Cyclist (non-electric),Clear,NA,Daylight,"Unknown, Unknown",Cyclist (non-electric),Cross/Enter at Intersection,None (No Improper Action),Intersection Marked Crosswalk,No,Possible Minor Injury,Helmet,39.01901441,-77.01364108,2025,8,12
250036391,08/15/2025 12:47:00 AM,GEORGIA AVE,Pedestrian,Clear,Dry,Medium,"Unknown, Unknown",Pedestrian,Cross/Enter Not at Intersection,Other,Travel Lane Other Location,Yes,Suspected Serious Injury,None,39.06106726,-77.05213999,2025,8,0
250036372,08/14/2025 08:19:00 PM,RETAIL PL,Pedestrian,Clear,Dry,Medium,"Not Suspect of Alcohol Use, Not Suspect of Drug Use",Pedestrian,Cross/Enter at Intersection,Unknown,Intersection Marked Crosswalk,Yes,Possible Minor Injury,None,39.17450002,-77.20509292,2025,8,20
250036162,08/13/2025 03:56:00 PM,NA,Scooter (electric),Cloudy,NA,Daylight,"Unknown, Unknown",Scooter (electric),Walking/Cycling on Sidewalk,None (No Improper Action),Sidewalk,Yes,Possible Minor Injury,None,38.99581518,-77.0287247,2025,8,15
250035978,08/12/2025 04:25:00 PM,SILVER SPRING AVE,Scooter (electric),Clear,Dry,Daylight,"Not Suspect of Alcohol Use, Not Suspect of Drug Use",Scooter (electric),Walking/Cycling Along Roadway With Traffic (In or Adjacent to Travel Lane),None (No Improper Action),Travel Lane Other Location,No,No Apparent Injury,None,38.99171262,-77.02519531,2025,8,16
250035963,08/12/2025 03:46:00 PM,NA,Pedestrian,Clear,NA,Daylight,"Not Suspect of Alcohol Use, Not Suspect of Drug Use",Pedestrian,Standing,None (No Improper Action),Sidewalk,No,Possible Minor Injury,None,39.20390465,-77.23508737,2025,8,15
250035892,08/12/2025 10:48:00 AM,WISTERIA DR,Cyclist (non-electric),Clear,Dry,Daylight,"Not Suspect of Alcohol Use, Not Suspect of Drug Use",Cyclist (non-electric),Walking/Cycling on Sidewalk,None (No Improper Action),Intersection Marked Crosswalk,No,Possible Minor Injury,None,39.17647867,-77.26931207,2025,8,10
250035523,08/09/2025 04:58:00 PM,NA,Scooter (electric),Clear,Dry,Daylight,"Unknown, Unknown",Scooter (electric),Cross/Enter at Intersection,None (No Improper Action),Intersection Marked Crosswalk,No,Possible Minor Injury,None,39.05500474,-77.11840446,2025,8,16
250035523,08/09/2025 04:58:00 PM,NA,Scooter (electric),Clear,Dry,Daylight,"Unknown, Unknown",Scooter (electric),Cross/Enter at Intersection,None (No Improper Action),Intersection Marked Crosswalk,No,No Apparent Injury,None,39.05500474,-77.11840446,2025,8,16
250035406,08/08/2025 08:50:00 PM,GRANDVIEW AVE,Cyclist (non-electric),Clear,Dry,Dark,"Unknown, Unknown",Cyclist (non-electric),Cross/Enter at Intersection,"Failure to Obey Traffic Signs, Signals, or Officer",Intersection Other,Yes,No Apparent Injury,None,39.0495395,-77.05296483,2025,8,20
250035270,08/07/2025 08:45:00 PM,REEDIE DR,Pedestrian,Clear,Dry,Medium,"Not Suspect of Alcohol Use, Not Suspect of Drug Use",Pedestrian,Cross/Enter at Intersection,Unknown,Intersection Marked Crosswalk,No,Possible Minor Injury,None,39.03859966,-77.05071892,2025,8,20
250035185,08/07/2025 03:58:00 PM,ALLEY,Pedestrian,Clear,Dry,Daylight,"Not Suspect of Alcohol Use, Not Suspect of Drug Use",Pedestrian,Cross/Enter Not at Intersection,Dart/Dash,Travel Lane Other Location,Yes,Possible Minor Injury,None,38.99689433,-77.02804904,2025,8,15
250035161,08/07/2025 02:11:00 PM,KARA LA,Cyclist (non-electric),Clear,Dry,Daylight,"Not Suspect of Alcohol Use, Not Suspect of Drug Use",Cyclist (non-electric),Cross/Enter at Intersection,None (No Improper Action),Intersection Unmarked Crosswalk,No,Fatal Injury,Helmet,39.07554986,-77.00037267,2025,8,14
250035051,08/06/2025 06:16:00 PM,ROCKVILLE PIKE,Pedestrian,Clear,Dry,Daylight,"Not Suspect of Alcohol Use, Not Suspect of Drug Use",Pedestrian,Cross/Enter at Intersection,None (No Improper Action),Intersection Marked Crosswalk,No,Possible Minor Injury,None,39.05813909,-77.12068699,2025,8,18
250034705,08/04/2025 04:45:00 PM,S FREDERICK RD,Cyclist (Electric),Clear,Dry,Daylight,"Not Suspect of Alcohol Use, Not Suspect of Drug Use",Cyclist (Electric),Walking/Cycling on Sidewalk,None (No Improper Action),Driveway Access,No,Possible Minor Injury,None,39.12865468,-77.18565936,2025,8,16
250034702,08/04/2025 04:44:00 PM,TUCKERMAN LA (EB/L),Cyclist (non-electric),Clear,Dry,Daylight,"Not Suspect of Alcohol Use, Not Suspect of Drug Use",Cyclist (non-electric),Cross/Enter Not at Intersection,None (No Improper Action),Midblock Marked Crosswalk,No,Possible Minor Injury,Helmet,39.03072171,-77.10383012,2025,8,16
250034676,08/04/2025 02:58:00 PM,NEBEL ST,Pedestrian,Clear,Dry,Daylight,"Not Suspect of Alcohol Use, Not Suspect of Drug Use",Pedestrian,Standing,None (No Improper Action),Other,No,Possible Minor Injury,Other,39.0495185,-77.10728917,2025,8,14
250034389,08/02/2025 09:30:00 AM,LOGAN DR,Cyclist (non-electric),Clear,Dry,Daylight,"Not Suspect of Alcohol Use, Not Suspect of Drug Use",Cyclist (non-electric),None,None (No Improper Action),Travel Lane Other Location,No,Suspected Serious Injury,Unknown,39.00841004,-77.20069514,2025,8,9
250034283,08/01/2025 02:35:00 PM,EAST WEST HWY,Cyclist (Electric),Cloudy,Dry,Daylight,"Not Suspect of Alcohol Use, Not Suspect of Drug Use",Cyclist (Electric),Walking/Cycling Along Roadway With Traffic (In or Adjacent to Travel Lane),None (No Improper Action),Shoulder/Roadside,No,Possible Minor Injury,None,38.98704833,-77.08403,2025,8,14
250034254,08/01/2025 12:30:00 PM,SERPENTINE WAY,Cyclist (Electric),Clear,Dry,Daylight,"Not Suspect of Alcohol Use, Not Suspect of Drug Use",Cyclist (Electric),Other,"Failure to Yield Right-Of-Way, Improper Turn/Merge)",Other,Yes,No Apparent Injury,None,39.06742567,-76.96954062,2025,8,12
250034392,08/01/2025 09:11:00 AM,HOWARD CHAPEL RD,Cyclist (non-electric),Clear,Dry,Daylight,"Not Suspect of Alcohol Use, Not Suspect of Drug Use",Cyclist (non-electric),Walking/Cycling Along Roadway With Traffic (In or Adjacent to Travel Lane),Improper Turn/Merge),Shoulder/Roadside,No,Suspected Serious Injury,"Helmet, Reflectors",39.22375411,-77.07725625,2025,8,9
250034202,08/01/2025 07:30:00 AM,NA,Pedestrian,Cloudy,Wet,Daylight,"Not Suspect of Alcohol Use, Not Suspect of Drug Use",Pedestrian,Cross/Enter at Intersection,None (No Improper Action),Intersection Marked Crosswalk,No,Possible Minor Injury,None,38.98794589,-77.09950925,2025,8,7
250034153,07/31/2025 05:21:00 PM,TREETOP DR,Pedestrian,Rain,Wet,Daylight,"Not Suspect of Alcohol Use, Not Suspect of Drug Use",Pedestrian,Cross/Enter at Intersection,Unknown,Intersection Marked Crosswalk,No,Possible Minor Injury,None,39.05884094,-76.96935377,2025,7,17
250034138,07/31/2025 03:22:00 PM,W KERSEY LA,Cyclist (non-electric),Rain,Wet,Daylight,"Not Suspect of Alcohol Use, Not Suspect of Drug Use",Cyclist (non-electric),Cross/Enter at Intersection,None (No Improper Action),Intersection Marked Crosswalk,No,Possible Minor Injury,Helmet,39.06647462,-77.17413855,2025,7,15
250034131,07/31/2025 02:50:00 PM,NA,Pedestrian,Rain,NA,Daylight,"Not Suspect of Alcohol Use, Not Suspect of Drug Use",Pedestrian,None,None (No Improper Action),Other,No,Possible Minor Injury,None,39.02586154,-77.10237375,2025,7,14
250034085,07/31/2025 10:04:00 AM,RIDGE RD,Cyclist (non-electric),Cloudy,Dry,Daylight,"Not Suspect of Alcohol Use, Not Suspect of Drug Use",Cyclist (non-electric),Cross/Enter at Intersection,None (No Improper Action),Intersection Marked Crosswalk,No,Possible Minor Injury,None,39.20194144,-77.25339824,2025,7,10
250033979,07/30/2025 03:10:00 PM,NA,Pedestrian,Clear,NA,Daylight,"Not Suspect of Alcohol Use, Not Suspect of Drug Use",Pedestrian,Other,Unknown,Other,No,Possible Minor Injury,None,39.0396768,-77.158239,2025,7,15
250033950,07/30/2025 12:58:00 PM,GEORGIA AVE (SB/L),Cyclist (non-electric),Clear,Dry,Daylight,"Not Suspect of Alcohol Use, Not Suspect of Drug Use",Cyclist (non-electric),Walking/Cycling Along Roadway With Traffic (In or Adjacent to Travel Lane),Other,Intersection Other,No,Possible Minor Injury,Helmet,39.12615506,-77.07252597,2025,7,12
250033929,07/30/2025 11:27:00 AM,FREDERICK RD,Scooter (electric),Clear,Dry,Daylight,"Not Suspect of Alcohol Use, Not Suspect of Drug Use",Scooter (electric),Walking/Cycling Along Roadway With Traffic (In or Adjacent to Travel Lane),Other,Travel Lane Other Location,Yes,Possible Minor Injury,None,39.10778468,-77.15898545,2025,7,11
250033906,07/30/2025 09:50:00 AM,NA,Pedestrian,Clear,NA,Daylight,"Not Suspect of Alcohol Use, Not Suspect of Drug Use",Pedestrian,Cross/Enter at Intersection,None (No Improper Action),Intersection Marked Crosswalk,No,Possible Minor Injury,None,39.1280205,-77.20596567,2025,7,9
250033835,07/29/2025 06:30:00 PM,NA,Pedestrian,Clear,Dry,Daylight,"Not Suspect of Alcohol Use, Not Suspect of Drug Use",Pedestrian,Cross/Enter Not at Intersection,"In Roadway Improperly (Standing, Lying, Working, Playing)",Travel Lane Other Location,Yes,Possible Minor Injury,None,39.11986319,-77.16505189,2025,7,18
250033739,07/29/2025 12:20:00 PM,RIDGE RD (SB/L),Occupant Of a Non-Motor Vehicle Transportation Device,Clear,Dry,Daylight,"Not Suspect of Alcohol Use, Not Suspect of Drug Use",Occupant Of a Non-Motor Vehicle Transportation Device,Walking/Cycling on Sidewalk,None (No Improper Action),Driveway Access,No,No Apparent Injury,None,39.2865527,-77.20846614,2025,7,12
250033551,07/29/2025 10:26:00 AM,NA,Pedestrian,Clear,NA,Daylight,"Unknown, Unknown",Pedestrian,Standing,None (No Improper Action),Other,No,Possible Minor Injury,None,39.08525203,-77.07805725,2025,7,10
250033704,07/29/2025 09:45:00 AM,MACARTHUR BLVD,Cyclist (non-electric),Clear,Dry,Daylight,"Not Suspect of Alcohol Use, Not Suspect of Drug Use",Cyclist (non-electric),Cross/Enter at Intersection,Failure to Yield Right-Of-Way,Intersection Marked Crosswalk,Yes,Possible Minor Injury,Helmet,38.97280562,-77.1525608,2025,7,9
250033468,07/27/2025 05:16:00 PM,BLUHILL RD,Cyclist (Electric),Rain,Wet,Daylight,"Not Suspect of Alcohol Use, Not Suspect of Drug Use",Cyclist (Electric),Cross/Enter at Intersection,None (No Improper Action),Intersection Marked Crosswalk,No,Possible Minor Injury,Helmet,39.05911733,-77.0648725,2025,7,17
250033379,07/26/2025 08:56:00 PM,NA,Scooter (electric),Clear,Dry,Dark,"Not Suspect of Alcohol Use, Not Suspect of Drug Use",Scooter (electric),Unknown,Unknown,Intersection Marked Crosswalk,No,Suspected Serious Injury,None,38.99546615,-77.04233931,2025,7,20
250033242,07/25/2025 07:40:00 PM,NA,Pedestrian,Clear,NA,Daylight,"Unknown, Unknown",Pedestrian,None,None (No Improper Action),Driveway Access,No,No Apparent Injury,None,39.2931775,-77.20495534,2025,7,19
250033178,07/25/2025 02:03:00 PM,HARRIS AVE,Cyclist (non-electric),Clear,Dry,Daylight,"Unknown, Unknown",Cyclist (non-electric),Walking/Cycling Along Roadway With Traffic (In or Adjacent to Travel Lane),None (No Improper Action),Intersection Other,No,Possible Minor Injury,Unknown,39.05057131,-77.05674422,2025,7,14
250033171,07/25/2025 01:27:00 PM,SECOND AVE (NB/L),Pedestrian,Clear,Dry,Daylight,"Not Suspect of Alcohol Use, Not Suspect of Drug Use",Pedestrian,Cross/Enter at Intersection,None (No Improper Action),Intersection Marked Crosswalk,No,Possible Minor Injury,None,38.99486117,-77.03063183,2025,7,13
250033093,07/24/2025 11:11:00 PM,COLUMBIA PIKE,Pedestrian,Clear,Dry,Medium,"Unknown, Unknown",Pedestrian,Cross/Enter at Intersection,None (No Improper Action),Intersection Marked Crosswalk,No,Possible Minor Injury,None,39.05790487,-76.9683369,2025,7,23
250033064,07/24/2025 06:37:00 PM,DIAMONDBACK DR,Unknown Type Of Non-Motorist,Clear,Dry,Daylight,"Not Suspect of Alcohol Use, Not Suspect of Drug Use",Unknown Type Of Non-Motorist,Standing,None (No Improper Action),Unknown,No,Possible Minor Injury,None,39.11308741,-77.20743699,2025,7,18
250033040,07/24/2025 04:12:00 PM,NA,Cyclist (Electric),Clear,NA,Daylight,"Unknown, Unknown",Cyclist (Electric),Walking/Cycling on Sidewalk,None (No Improper Action),Sidewalk,No,No Apparent Injury,None,39.02327833,-76.9779736,2025,7,16
250033014,07/24/2025 01:43:00 PM,NA,Pedestrian,Clear,NA,Daylight,"Not Suspect of Alcohol Use, Not Suspect of Drug Use",Pedestrian,Other,None (No Improper Action),Other,No,Possible Minor Injury,None,39.02362743,-77.14408679,2025,7,13
250033015,07/24/2025 01:30:00 PM,UNIVERSITY BLVD W,Cyclist (non-electric),Clear,Dry,Daylight,"Not Suspect of Alcohol Use, Not Suspect of Drug Use",Cyclist (non-electric),Walking/Cycling Along Roadway With Traffic (In or Adjacent to Travel Lane),Failure to Yield Right-Of-Way,Intersection Marked Crosswalk,Yes,Possible Minor Injury,None,39.04145897,-77.05153178,2025,7,13
250032981,07/24/2025 11:20:00 AM,COLESVILLE RD,Pedestrian,Clear,Dry,Daylight,"Not Suspect of Alcohol Use, Not Suspect of Drug Use",Pedestrian,Cross/Enter at Intersection,None (No Improper Action),Intersection Marked Crosswalk,No,Possible Minor Injury,None,38.99591567,-77.02819433,2025,7,11
250032928,07/23/2025 09:35:00 PM,WOODMONT AVE,Pedestrian,Clear,Dry,Medium,"Not Suspect of Alcohol Use, Not Suspect of Drug Use",Pedestrian,Standing,"In Roadway Improperly (Standing, Lying, Working, Playing)",Other,No,Suspected Serious Injury,None,38.98407173,-77.09624639,2025,7,21
250032875,07/23/2025 03:02:00 PM,NA,Pedestrian,Clear,Dry,Daylight,"Not Suspect of Alcohol Use, Not Suspect of Drug Use, Not Suspect of Alcohol Use, Not Suspect of Drug Use",Pedestrian,Standing,None (No Improper Action),Sidewalk,No,Possible Minor Injury,None,38.99817821,-77.00371955,2025,7,15
250032875,07/23/2025 03:02:00 PM,NA,Pedestrian,Clear,Dry,Daylight,"Not Suspect of Alcohol Use, Not Suspect of Drug Use, Not Suspect of Alcohol Use, Not Suspect of Drug Use",Pedestrian,Standing,None (No Improper Action),Sidewalk,No,Possible Minor Injury,None,38.99817821,-77.00371955,2025,7,15
250032542,07/21/2025 05:14:00 PM,GEORGIA AVE (SB/L),Cyclist (non-electric),Clear,Dry,Daylight,"Not Suspect of Alcohol Use, Not Suspect of Drug Use",Cyclist (non-electric),Cross/Enter at Intersection,None (No Improper Action),Intersection Marked Crosswalk,No,No Apparent Injury,None,39.08761658,-77.0797224,2025,7,17
250032316,07/19/2025 09:15:00 PM,WASHINGTON GROVE LA,Pedestrian,Clear,Dry,Medium,"Unknown, Unknown",Pedestrian,Cross/Enter at Intersection,None (No Improper Action),Intersection Marked Crosswalk,No,Possible Minor Injury,None,39.14392255,-77.17326456,2025,7,21
250032308,07/19/2025 09:00:00 PM,FREDERICK RD (SB/L),Pedestrian,Clear,Dry,Medium,"Not Suspect of Alcohol Use, Not Suspect of Drug Use",Pedestrian,Cross/Enter at Intersection,None (No Improper Action),Intersection Marked Crosswalk,No,Possible Minor Injury,None,39.19208084,-77.24268448,2025,7,21
250032304,07/19/2025 08:44:00 PM,HUNGERFORD DR (SB/L),Pedestrian,Clear,Wet,Medium,"Not Suspect of Alcohol Use, Not Suspect of Drug Use",Pedestrian,None,Failure to Yield Right-Of-Way,Shoulder/Roadside,Yes,Possible Minor Injury,None,39.09408637,-77.15340161,2025,7,20
250032290,07/19/2025 05:58:00 PM,NA,Pedestrian,Rain,NA,Daylight,"Unknown, Unknown",Pedestrian,Cross/Enter Not at Intersection,Unknown,Travel Lane Other Location,No,Possible Minor Injury,None,38.98892033,-76.9892315,2025,7,17
250032210,07/18/2025 10:34:00 PM,TECH RD,Pedestrian,Clear,Dry,Medium,"Not Suspect of Alcohol Use, Not Suspect of Drug Use",Pedestrian,Cross/Enter at Intersection,Dart/Dash,Intersection Marked Crosswalk,Yes,Fatal Injury,None,39.05785436,-76.9683232,2025,7,22
250032017,07/17/2025 11:24:00 PM,NA,Pedestrian,Clear,Dry,Medium,"Not Suspect of Alcohol Use, Not Suspect of Drug Use",Pedestrian,Cross/Enter at Intersection,None (No Improper Action),Intersection Unmarked Crosswalk,No,Possible Minor Injury,Unknown,39.04162735,-76.98591085,2025,7,23
250031836,07/16/2025 09:52:00 PM,UNIVERSITY BLVD E,Pedestrian,Rain,Wet,Medium,"Not Suspect of Alcohol Use, Not Suspect of Drug Use",Pedestrian,Cross/Enter at Intersection,None (No Improper Action),Intersection Marked Crosswalk,No,Possible Minor Injury,None,39.01204766,-77.00263386,2025,7,21
250031783,07/16/2025 04:20:00 PM,BONIFANT RD,Cyclist (non-electric),Clear,Dry,Daylight,"Not Suspect of Alcohol Use, Not Suspect of Drug Use",Cyclist (non-electric),Walking/Cycling Along Roadway With Traffic (In or Adjacent to Travel Lane),None (No Improper Action),Shoulder/Roadside,No,Possible Minor Injury,None,39.09349827,-77.0358374,2025,7,16
250031694,07/16/2025 10:40:00 AM,CONNECTICUT AVE,Pedestrian,Clear,Dry,Daylight,"Not Suspect of Alcohol Use, Not Suspect of Drug Use",Pedestrian,Walking/Cycling on Sidewalk,None (No Improper Action),Driveway Access,No,Fatal Injury,None,39.03025138,-77.07558069,2025,7,10
250031691,07/16/2025 10:23:00 AM,OLNEY SANDY SPRING RD,Cyclist (non-electric),Clear,Dry,Daylight,"Not Suspect of Alcohol Use, Not Suspect of Drug Use",Cyclist (non-electric),Other,"Improper Passing, Improper Turn/Merge), Other",Travel Lane Other Location,Yes,No Apparent Injury,"Helmet, Other, Reflectors",39.14604634,-77.04999823,2025,7,10
250031478,07/15/2025 08:00:00 AM,NA,Pedestrian,Clear,NA,Daylight,"Not Suspect of Alcohol Use, Not Suspect of Drug Use",Pedestrian,Standing,Other,Driveway Access,Yes,Possible Minor Injury,None,39.16127691,-77.16340414,2025,7,8
250031315,07/14/2025 09:43:00 AM,KEY WEST AVE (WB/L),Cyclist (non-electric),Clear,Dry,Daylight,"Not Suspect of Alcohol Use, Not Suspect of Drug Use",Cyclist (non-electric),Walking/Cycling on Sidewalk,None (No Improper Action),Driveway Access,Yes,Possible Minor Injury,Helmet,39.10562749,-77.1990546,2025,7,9
250031122,07/12/2025 08:02:00 PM,GLENSTONE BLDG 6 7 8 ENT,Cyclist (Electric),Clear,Dry,Daylight,"Not Suspect of Alcohol Use, Not Suspect of Drug Use",Cyclist (Electric),Walking/Cycling Along Roadway With Traffic (In or Adjacent to Travel Lane),None (No Improper Action),Travel Lane Other Location,No,Possible Minor Injury,Helmet,39.06304122,-77.25090093,2025,7,20
250031067,07/12/2025 02:00:00 PM,NA,Cyclist (non-electric),Cloudy,Dry,Daylight,"Not Suspect of Alcohol Use, Not Suspect of Drug Use",Cyclist (non-electric),Cross/Enter at Intersection,None (No Improper Action),Intersection Marked Crosswalk,No,Possible Minor Injury,None,39.0394784,-76.99073258,2025,7,14
250030983,07/11/2025 10:15:00 PM,NEW HAMPSHIRE AVE SER RD,Pedestrian,Clear,Dry,Medium,"Unknown, Unknown",Pedestrian,Getting Off/On Vehicle,Other,OffStreet Trails or Sidepaths,No,No Apparent Injury,None,39.01174409,-76.97866377,2025,7,22
250030925,07/11/2025 04:20:00 PM,NA,Pedestrian,Clear,Dry,Daylight,"Unknown, Unknown",Pedestrian,Cross/Enter at Intersection,Failure to Yield Right-Of-Way,Intersection Marked Crosswalk,No,Possible Minor Injury,None,38.98759107,-77.02679645,2025,7,16
250030829,07/10/2025 11:27:00 PM,NA,Pedestrian,Clear,NA,Medium,NA,Pedestrian,Walking/Cycling on Sidewalk,Unknown,Sidewalk,No,Possible Minor Injury,None,39.17341239,-77.20404577,2025,7,23
250030808,07/10/2025 09:16:00 PM,NA,Pedestrian,Clear,Dry,Medium,"Not Suspect of Alcohol Use, Not Suspect of Drug Use",Pedestrian,Getting Off/On Vehicle,"In Roadway Improperly (Standing, Lying, Working, Playing)",Other,Yes,Possible Minor Injury,None,39.22978775,-77.26801688,2025,7,21
250030600,07/09/2025 06:39:00 PM,NA,Pedestrian,Rain,NA,Daylight,"Not Suspect of Alcohol Use, Not Suspect of Drug Use",Pedestrian,Cross/Enter at Intersection,Unknown,Intersection Marked Crosswalk,No,Possible Minor Injury,None,39.02079749,-76.97548898,2025,7,18
250030375,07/08/2025 12:40:00 PM,NA,Pedestrian,Clear,NA,Daylight,"Unknown, Unknown",Pedestrian,None,None (No Improper Action),Other,No,Possible Minor Injury,None,39.20161376,-77.24961592,2025,7,12
250030192,07/07/2025 11:39:00 AM,NA,Pedestrian,Clear,Dry,Daylight,"Not Suspect of Alcohol Use, Not Suspect of Drug Use",Pedestrian,Walking/Cycling on Sidewalk,None (No Improper Action),Sidewalk,No,Fatal Injury,None,39.14144708,-77.13803748,2025,7,11
250030119,07/06/2025 09:36:00 PM,VEIRS MILL RD (WB/L),Pedestrian,Clear,Dry,Medium,"Not Suspect of Alcohol Use, Not Suspect of Drug Use",Pedestrian,Cross/Enter Not at Intersection,Failure to Yield Right-Of-Way,Travel Lane Other Location,Yes,Fatal Injury,None,39.04183488,-77.05875871,2025,7,21
250030033,07/06/2025 11:36:00 AM,NA,Pedestrian,Clear,NA,Daylight,"Not Suspect of Alcohol Use, Not Suspect of Drug Use",Pedestrian,Standing,None (No Improper Action),Other,No,Possible Minor Injury,None,39.06436898,-76.96644317,2025,7,11
250030007,07/06/2025 06:59:00 AM,RAMP 7 FR US 29 WB TO MD 650 SB,Cyclist (non-electric),Clear,Dry,Daylight,"Not Suspect of Alcohol Use, Not Suspect of Drug Use",Cyclist (non-electric),Cross/Enter at Intersection,None (No Improper Action),Intersection Marked Crosswalk,No,Suspected Serious Injury,Helmet,39.04416004,-76.99242322,2025,7,6
250029851,07/04/2025 10:50:00 PM,ROCKVILLE PIKE,Scooter (electric),Clear,Dry,Dark,"Not Suspect of Alcohol Use, Not Suspect of Drug Use",Scooter (electric),Walking/Cycling Along Roadway With Traffic (In or Adjacent to Travel Lane),None (No Improper Action),Other,No,Possible Minor Injury,"Helmet, Lighting, Protective Pads (elbows, knees, shins, etc.)",39.02278767,-77.10275583,2025,7,22
250029827,07/04/2025 07:59:00 PM,GEORGIA AVE,Pedestrian,Clear,Dry,Daylight,"Unknown, Unknown",Pedestrian,Cross/Enter at Intersection,None (No Improper Action),Intersection Marked Crosswalk,No,Possible Minor Injury,None,39.07767731,-77.07088914,2025,7,19
25001318,07/03/2025 10:20:00 AM,NA,Pedestrian,Clear,Dry,Daylight,"Not Suspect of Alcohol Use, Not Suspect of Drug Use",Pedestrian,Cross/Enter Not at Intersection,"Dart/Dash, Failure to Obey Traffic Signs, Signals, or Officer",Midblock Marked Crosswalk,No,Possible Minor Injury,None,38.9734963,-77.10115123,2025,7,10
250029428,07/02/2025 02:19:00 PM,FENTON ST,Pedestrian,Clear,Dry,Daylight,"Not Suspect of Alcohol Use, Not Suspect of Drug Use",Pedestrian,Cross/Enter Not at Intersection,"In Roadway Improperly (Standing, Lying, Working, Playing)",Travel Lane Other Location,No,Possible Minor Injury,None,38.99191198,-77.02409793,2025,7,14
250029362,07/02/2025 08:00:00 AM,NA,Pedestrian,Cloudy,NA,Daylight,"Not Suspect of Alcohol Use, Not Suspect of Drug Use",Pedestrian,None,None (No Improper Action),NonTrafficway Area,No,Possible Minor Injury,None,39.20260479,-77.24906207,2025,7,8
250029254,07/01/2025 12:27:00 PM,FENTON ST,Pedestrian,Clear,Dry,Daylight,"Not Suspect of Alcohol Use, Not Suspect of Drug Use",Pedestrian,Cross/Enter at Intersection,Unknown,Intersection Marked Crosswalk,No,Possible Minor Injury,None,38.98885233,-77.023994,2025,7,12
250029139,06/30/2025 05:17:00 PM,NA,Pedestrian,Cloudy,Dry,Daylight,"Not Suspect of Alcohol Use, Not Suspect of Drug Use",Pedestrian,Cross/Enter Not at Intersection,Dart/Dash,Shared Lane Markings),Yes,Possible Minor Injury,None,39.0608502,-77.13035406,2025,6,17
250030230,06/30/2025 04:10:00 PM,UNIVERSITY BLVD W (WB/L),Cyclist (non-electric),Clear,Dry,Daylight,"Unknown, Unknown",Cyclist (non-electric),Cross/Enter at Intersection,None (No Improper Action),Intersection Marked Crosswalk,No,No Apparent Injury,Helmet,39.03661471,-77.03049065,2025,6,16
250029046,06/30/2025 08:40:00 AM,HENDERSON CORNER RD,Pedestrian,Clear,Dry,Daylight,"Not Suspect of Alcohol Use, Not Suspect of Drug Use",Pedestrian,Cross/Enter at Intersection,None (No Improper Action),Intersection Marked Crosswalk,No,Possible Minor Injury,None,39.203466830000004,-77.24442317,2025,6,8
250028837,06/28/2025 02:41:00 PM,CAPEHART DR,Cyclist (non-electric),Clear,Dry,Daylight,"Not Suspect of Alcohol Use, Not Suspect of Drug Use",Cyclist (non-electric),Walking/Cycling Along Roadway Against Traffic (In or Adjacent to Travel Lane),Other,Travel Lane Other Location,Yes,Possible Minor Injury,Unknown,39.16776863,-77.21789662,2025,6,14
250028765,06/27/2025 09:37:00 PM,WOOTTON PKWY (EB/L),Pedestrian,Rain,Wet,Dark,"Unknown, Unknown",Pedestrian,Cross/Enter Not at Intersection,"In Roadway Improperly (Standing, Lying, Working, Playing)",Travel Lane Other Location,Yes,Possible Minor Injury,None,39.0690078,-77.16899209,2025,6,21
250028717,06/27/2025 04:43:00 PM,NA,Scooter (electric),Clear,Dry,Daylight,"Not Suspect of Alcohol Use, Not Suspect of Drug Use",Scooter (electric),Other,None (No Improper Action),Driveway Access,No,No Apparent Injury,Unknown,38.99258765,-76.9929002,2025,6,16
250028695,06/27/2025 03:09:00 PM,W WATKINS MILL RD,Scooter (electric),Cloudy,Dry,Daylight,"Not Suspect of Alcohol Use, Not Suspect of Drug Use",Scooter (electric),Cross/Enter at Intersection,"Failure to Obey Traffic Signs, Signals, or Officer",Intersection Marked Crosswalk,Yes,Possible Minor Injury,None,39.15916637,-77.21933489,2025,6,15
250028502,06/26/2025 12:38:00 PM,W CEDAR LA,Cyclist (non-electric),Clear,Dry,Daylight,"Not Suspect of Alcohol Use, Not Suspect of Drug Use",Cyclist (non-electric),Cross/Enter at Intersection,None (No Improper Action),Intersection Marked Crosswalk,No,Possible Minor Injury,None,39.00454138,-77.11057708,2025,6,12
250028444,06/26/2025 07:28:00 AM,TOWER OAKS BLVD,Cyclist (non-electric),Clear,Dry,Daylight,"Not Suspect of Alcohol Use, Not Suspect of Drug Use",Cyclist (non-electric),Walking/Cycling Along Roadway With Traffic (In or Adjacent to Travel Lane),None (No Improper Action),OnStreet Buffered Bike Lanes,No,Possible Minor Injury,Helmet,39.0568583,-77.1503252,2025,6,7
250028402,06/25/2025 09:14:00 PM,NA,Pedestrian,Clear,Dry,Medium,"Not Suspect of Alcohol Use, Not Suspect of Drug Use",Pedestrian,Cross/Enter at Intersection,Unknown,Intersection Marked Crosswalk,No,Possible Minor Injury,None,39.11550679,-77.16624081,2025,6,21
250028348,06/25/2025 02:30:00 PM,NA,Cyclist (non-electric),Clear,NA,Daylight,"Not Suspect of Alcohol Use, Not Suspect of Drug Use",Cyclist (non-electric),Walking/Cycling Along Roadway With Traffic (In or Adjacent to Travel Lane),Unknown,Unknown,Yes,Possible Minor Injury,Unknown,39.03323854,-77.04179831,2025,6,14
250028327,06/25/2025 12:40:00 PM,MACDUFF AVE,Pedestrian,Clear,Dry,Daylight,"Not Suspect of Alcohol Use, Not Suspect of Drug Use",Pedestrian,Other Working,"In Roadway Improperly (Standing, Lying, Working, Playing)",Travel Lane Other Location,Yes,Possible Minor Injury,None,39.1422912,-77.0888234,2025,6,12
250027971,06/23/2025 04:11:00 PM,CINNABAR DR,Pedestrian,Clear,Dry,Daylight,"Not Suspect of Alcohol Use, Not Suspect of Drug Use",Pedestrian,Cross/Enter Not at Intersection,Dart/Dash,Travel Lane Other Location,Yes,No Apparent Injury,None,39.18849316,-77.15759436,2025,6,16
250027938,06/23/2025 12:58:00 PM,16TH ST (SB/L),Cyclist (Electric),Clear,Dry,Daylight,"Not Suspect of Alcohol Use, Not Suspect of Drug Use",Cyclist (Electric),Walking/Cycling Along Roadway With Traffic (In or Adjacent to Travel Lane),"Failure to Obey Traffic Signs, Signals, or Officer",Unknown,No,Possible Minor Injury,Helmet,38.99464637,-77.03635113,2025,6,12
250027921,06/23/2025 10:20:00 AM,DIXON AVE,Scooter (electric),Clear,Dry,Daylight,"Unknown, Unknown",Scooter (electric),Cross/Enter at Intersection,None (No Improper Action),Intersection Marked Crosswalk,No,Possible Minor Injury,Helmet,38.99434464,-77.0279865,2025,6,10
250027552,06/20/2025 05:36:00 PM,DARCY FOREST DR,Pedestrian,Clear,Dry,Daylight,"Not Suspect of Alcohol Use, Not Suspect of Drug Use",Pedestrian,Cross/Enter at Intersection,None (No Improper Action),Intersection Marked Crosswalk,No,Possible Minor Injury,None,39.01538301,-77.04741672,2025,6,17
250027526,06/20/2025 04:03:00 PM,RAMP 7 FR RANDOLPH RD WB TO MD 97 SB,Pedestrian,Clear,Dry,Daylight,"Not Suspect of Alcohol Use, Not Suspect of Drug Use",Pedestrian,Cross/Enter at Intersection,None (No Improper Action),Intersection Marked Crosswalk,No,Possible Minor Injury,None,39.05842167,-77.04959783,2025,6,16
250027484,06/20/2025 12:18:00 PM,WAYNE AVE,Pedestrian,Clear,Dry,Daylight,"Not Suspect of Alcohol Use, Not Suspect of Drug Use",Pedestrian,Cross/Enter at Intersection,None (No Improper Action),Intersection Marked Crosswalk,No,Possible Minor Injury,None,38.99446385,-77.02660766,2025,6,12
250027409,06/19/2025 09:11:00 PM,PINEY BRANCH RD,Pedestrian,Clear,Wet,Medium,"Unknown, Unknown",Pedestrian,Cross/Enter at Intersection,Unknown,Intersection Marked Crosswalk,No,Possible Minor Injury,None,38.98314894,-77.01551686,2025,6,21
250027376,06/19/2025 05:11:00 PM,KISS AND RIDE TWINBROOK LOT,Pedestrian,Clear,Wet,Daylight,"Unknown, Unknown",Pedestrian,Cross/Enter at Intersection,None (No Improper Action),Intersection Marked Crosswalk,No,Possible Minor Injury,None,39.06111396,-77.12100136,2025,6,17
250027478,06/19/2025 01:00:00 PM,NA,Pedestrian,Clear,NA,Daylight,"Unknown, Unknown",Pedestrian,Standing,None (No Improper Action),Other,No,Possible Minor Injury,None,39.05467611,-76.95587864,2025,6,13
250027478,06/19/2025 01:00:00 PM,NA,Pedestrian,Clear,NA,Daylight,"Unknown, Unknown",Pedestrian,None,None (No Improper Action),Other,No,Possible Minor Injury,None,39.05467611,-76.95587864,2025,6,13
250027201,06/18/2025 01:55:00 PM,NA,Pedestrian,Rain,NA,Daylight,"Not Suspect of Alcohol Use, Not Suspect of Drug Use",Pedestrian,Other,"Failure to Obey Traffic Signs, Signals, or Officer, Failure to Yield Right-Of-Way",Other,No,Possible Minor Injury,None,39.05726706,-77.12255051,2025,6,13
250027100,06/18/2025 12:54:00 AM,FREDERICK RD,Pedestrian,Cloudy,Dry,Medium,"Suspect of Alcohol Use, Unknown",Pedestrian,Standing,"In Roadway Improperly (Standing, Lying, Working, Playing)",Travel Lane Other Location,No,Fatal Injury,None,39.1127206,-77.16205086,2025,6,0
250026884,06/16/2025 04:17:00 PM,NO NAME,Pedestrian,Rain,Wet,Daylight,"Not Suspect of Alcohol Use, Not Suspect of Drug Use",Pedestrian,Cross/Enter at Intersection,Dart/Dash,Intersection Marked Crosswalk,Yes,Possible Minor Injury,None,38.993744,-77.05184567,2025,6,16
250026786,06/16/2025 09:01:00 AM,THE HILLS PLAZA,Pedestrian,Cloudy,Wet,Daylight,"Not Suspect of Alcohol Use, Not Suspect of Drug Use",Pedestrian,Cross/Enter at Intersection,None (No Improper Action),Intersection Marked Crosswalk,No,Possible Minor Injury,None,38.96332483,-77.08817482,2025,6,9
250026708,06/15/2025 03:28:00 PM,COUNTRY SQUIRE WAY,Scooter (electric),Clear,Dry,Daylight,"Not Suspect of Alcohol Use, Not Suspect of Drug Use",Scooter (electric),Cross/Enter at Intersection,"Failure to Yield Right-Of-Way, None (No Improper Action)",Intersection Unmarked Crosswalk,No,Possible Minor Injury,None,39.22888005,-77.24959561,2025,6,15
250026708,06/15/2025 03:28:00 PM,COUNTRY SQUIRE WAY,Scooter (electric),Clear,Dry,Daylight,"Not Suspect of Alcohol Use, Not Suspect of Drug Use",Scooter (electric),Cross/Enter at Intersection,"Failure to Yield Right-Of-Way, None (No Improper Action)",Intersection Unmarked Crosswalk,Yes,Possible Minor Injury,None,39.22888005,-77.24959561,2025,6,15
250026687,06/15/2025 11:00:00 AM,MIDDLEBROOK RD,Cyclist (non-electric),Clear,Dry,Daylight,"Not Suspect of Alcohol Use, Not Suspect of Drug Use",Cyclist (non-electric),Cross/Enter at Intersection,None (No Improper Action),Intersection Marked Crosswalk,No,Possible Minor Injury,None,39.17882657,-77.26751501,2025,6,11
250027815,06/13/2025 07:50:00 PM,UNIVERSITY BLVD W,Pedestrian,Clear,Dry,Daylight,"Unknown, Unknown",Pedestrian,Cross/Enter at Intersection,None (No Improper Action),Intersection Marked Crosswalk,No,Possible Minor Injury,None,39.03679314,-77.06147663,2025,6,19
250026441,06/13/2025 03:10:00 PM,NA,Cyclist (non-electric),Clear,Dry,Daylight,"Unknown, Unknown",Cyclist (non-electric),Other,None (No Improper Action),Midblock Marked Crosswalk,No,Possible Minor Injury,Unknown,39.10118898,-77.07573585,2025,6,15
250026404,06/13/2025 01:05:00 PM,STRATHMORE ST,Pedestrian,Clear,Dry,Daylight,"Not Suspect of Alcohol Use, Not Suspect of Drug Use",Pedestrian,Cross/Enter at Intersection,None (No Improper Action),Intersection Marked Crosswalk,No,Possible Minor Injury,None,38.97993183,-77.09324767,2025,6,13
250026302,06/12/2025 09:13:00 PM,E DIAMOND AVE,Pedestrian,Clear,Dry,Medium,"Not Suspect of Alcohol Use, Not Suspect of Drug Use",Pedestrian,Cross/Enter at Intersection,Failure to Yield Right-Of-Way,Intersection Marked Crosswalk,Yes,Possible Minor Injury,None,39.14222414,-77.19334541,2025,6,21
250026292,06/12/2025 08:30:00 PM,HILLMEAD RD,Pedestrian,Clear,Dry,Daylight,NA,Pedestrian,Standing,None (No Improper Action),Shoulder/Roadside,Yes,Possible Minor Injury,None,39.00165483,-77.130653,2025,6,20
250026255,06/12/2025 05:15:00 PM,NA,Pedestrian,Clear,Dry,Daylight,"Not Suspect of Alcohol Use, Not Suspect of Drug Use",Pedestrian,Cross/Enter at Intersection,None (No Improper Action),Intersection Marked Crosswalk,No,Possible Minor Injury,None,39.11999006,-77.15984766,2025,6,17
250026201,06/12/2025 07:00:00 AM,LINDEN AVE,Pedestrian,Clear,Dry,Daylight,"Not Suspect of Alcohol Use, Not Suspect of Drug Use",Pedestrian,Cross/Enter at Intersection,None (No Improper Action),Intersection Marked Crosswalk,No,Possible Minor Injury,None,39.01425441,-77.10618723,2025,6,7
250025829,06/10/2025 10:27:00 AM,NA,"Other Pedestrian (person in a building, skater, personal conveyance, etc.)",Clear,Dry,Daylight,"Not Suspect of Alcohol Use, Not Suspect of Drug Use, Not Suspect of Alcohol Use, Not Suspect of Drug Use","Other Pedestrian (person in a building, skater, personal conveyance, etc.)",None,None (No Improper Action),Other,No,No Apparent Injury,None,39.09486797,-77.07085314,2025,6,10
250025696,06/09/2025 02:50:00 PM,TIMBERWOOD AVE,Pedestrian,Clear,Dry,Daylight,"Not Suspect of Alcohol Use, Not Suspect of Drug Use",Pedestrian,Cross/Enter at Intersection,None (No Improper Action),Intersection Marked Crosswalk,No,Possible Minor Injury,None,39.02151501,-77.01165768,2025,6,14
250025612,06/09/2025 08:18:00 AM,FIRST ST,Scooter (electric),Cloudy,Dry,Daylight,"Not Suspect of Alcohol Use, Not Suspect of Drug Use",Scooter (electric),Cross/Enter at Intersection,Other,Intersection Marked Crosswalk,Yes,Possible Minor Injury,None,39.07966761,-77.13775854,2025,6,8
250025487,06/08/2025 08:01:00 AM,NA,Pedestrian,Cloudy,NA,Daylight,"Not Suspect of Alcohol Use, Not Suspect of Drug Use",Pedestrian,Other,None (No Improper Action),Other,No,Possible Minor Injury,None,39.02046125,-77.01368648,2025,6,8
250025412,06/07/2025 04:47:00 PM,YELLOWWOOD DR,Cyclist (non-electric),Cloudy,Dry,Daylight,"Not Suspect of Alcohol Use, Not Suspect of Drug Use",Cyclist (non-electric),Cross/Enter at Intersection,"Failure to Obey Traffic Signs, Signals, or Officer, Failure to Yield Right-Of-Way",Driveway Access,Yes,Possible Minor Injury,Helmet,39.235268,-77.23938533,2025,6,16
250025014,06/05/2025 08:31:00 AM,INDEPENDENCE ST,Cyclist (non-electric),Cloudy,Dry,Daylight,"Not Suspect of Alcohol Use, Not Suspect of Drug Use",Cyclist (non-electric),Cross/Enter at Intersection,None (No Improper Action),Intersection Marked Crosswalk,No,Possible Minor Injury,None,39.07631632,-77.08050136,2025,6,8
250024969,06/04/2025 09:13:00 PM,NELSON ST,Pedestrian,Clear,Dry,Medium,"Suspect of Alcohol Use, Not Suspect of Drug Use",Pedestrian,Cross/Enter at Intersection,None (No Improper Action),Intersection Marked Crosswalk,No,Possible Minor Injury,None,39.09193917,-77.17372029,2025,6,21
250024826,06/04/2025 09:59:00 AM,NA,Cyclist (Electric),Clear,NA,Daylight,"Not Suspect of Alcohol Use, Not Suspect of Drug Use",Cyclist (Electric),Unknown,Other,Other,Yes,No Apparent Injury,Helmet,38.99545662,-77.03704674,2025,6,9
250024772,06/03/2025 08:11:00 PM,NA,Pedestrian,Clear,NA,Daylight,"Unknown, Unknown",Pedestrian,Cross/Enter Not at Intersection,None (No Improper Action),Driveway Access,No,Possible Minor Injury,None,39.0908808,-77.1519553,2025,6,20
250024340,06/01/2025 01:57:00 PM,NA,Cyclist (non-electric),Cloudy,Dry,Daylight,"Not Suspect of Alcohol Use, Not Suspect of Drug Use",Cyclist (non-electric),Walking/Cycling Along Roadway With Traffic (In or Adjacent to Travel Lane),Unknown,Travel Lane Other Location,No,Fatal Injury,"Helmet, Lighting, Protective Pads (elbows, knees, shins, etc.), Reflective Wear (backpack, triangles, etc.)",39.10823815,-77.07324083,2025,6,13
250024332,06/01/2025 01:00:00 PM,NA,Pedestrian,Clear,NA,Daylight,"Not Suspect of Alcohol Use, Not Suspect of Drug Use",Pedestrian,None,"In Roadway Improperly (Standing, Lying, Working, Playing), Other",Driveway Access,No,Possible Minor Injury,None,39.16390915,-77.1133819,2025,6,13
250024313,06/01/2025 10:00:00 AM,ROCKVILLE PIKE (SB/L),Cyclist (non-electric),Clear,Dry,Daylight,"Not Suspect of Alcohol Use, Not Suspect of Drug Use",Cyclist (non-electric),Cross/Enter at Intersection,None (No Improper Action),Intersection Unmarked Crosswalk,No,Possible Minor Injury,Helmet,39.03703533,-77.1080595,2025,6,10
250023549,05/29/2025 06:00:00 PM,HIDDEN VALLEY LA,Cyclist (non-electric),Clear,Dry,Daylight,"Not Suspect of Alcohol Use, Not Suspect of Drug Use",Cyclist (non-electric),Walking/Cycling Along Roadway With Traffic (In or Adjacent to Travel Lane),None (No Improper Action),Other,No,Possible Minor Injury,Helmet,39.07257664,-76.96414316,2025,5,18
250032881,05/29/2025 03:10:00 PM,NEW HAMPSHIRE AVE (SB/L),Cyclist (Electric),Clear,Dry,Daylight,"Not Suspect of Alcohol Use, Not Suspect of Drug Use",Cyclist (Electric),Cross/Enter at Intersection,None (No Improper Action),Intersection Marked Crosswalk,No,No Apparent Injury,Helmet,38.9816261,-76.98898662,2025,5,15
250023796,05/29/2025 10:09:00 AM,FREDERICK RD,Pedestrian,Cloudy,Dry,Daylight,"Not Suspect of Alcohol Use, Not Suspect of Drug Use",Pedestrian,Walking/Cycling Along Roadway Against Traffic (In or Adjacent to Travel Lane),None (No Improper Action),Sidewalk,No,Possible Minor Injury,None,39.11020885,-77.16039041,2025,5,10
250023816,05/29/2025 07:45:00 AM,NA,Pedestrian,Cloudy,NA,Daylight,"Not Suspect of Alcohol Use, Not Suspect of Drug Use",Pedestrian,Other,"Entering/Exiting Parked/Standing Vehicle, Failure to Yield Right-Of-Way, Inattentive (Talking, Eating, etc.)",Other,No,Possible Minor Injury,None,39.1517401,-77.28177249,2025,5,7
250023685,05/28/2025 03:00:00 PM,NA,Pedestrian,Rain,Wet,Daylight,"Not Suspect of Alcohol Use, Not Suspect of Drug Use",Pedestrian,Cross/Enter Not at Intersection,"In Roadway Improperly (Standing, Lying, Working, Playing)",Travel Lane Other Location,No,Possible Minor Injury,None,38.99487788,-77.04531908,2025,5,15
250023413,05/27/2025 08:41:00 AM,EWING DR,Pedestrian,Clear,Dry,Daylight,"Not Suspect of Alcohol Use, Not Suspect of Drug Use, Not Suspect of Alcohol Use, Not Suspect of Drug Use",Pedestrian,Walking/Cycling on Sidewalk,None (No Improper Action),Shared Use Path or Trail,No,Suspected Serious Injury,Unknown,39.0012327,-77.12319255,2025,5,8
250023413,05/27/2025 08:41:00 AM,EWING DR,Pedestrian,Clear,Dry,Daylight,"Not Suspect of Alcohol Use, Not Suspect of Drug Use, Not Suspect of Alcohol Use, Not Suspect of Drug Use",Pedestrian,Walking/Cycling on Sidewalk,None (No Improper Action),Shared Use Path or Trail,No,Suspected Serious Injury,Unknown,39.0012327,-77.12319255,2025,5,8
250023301,05/26/2025 02:30:00 PM,NA,Scooter (non-Electric),Clear,Dry,Daylight,"Not Suspect of Alcohol Use, Not Suspect of Drug Use",Scooter (non-Electric),Unknown,Unknown,Other,No,Possible Minor Injury,None,39.16660202,-77.28694648,2025,5,14
250023227,05/25/2025 09:00:00 PM,VEIRS MILL RD (WB/L),Pedestrian,Clear,Dry,Medium,"Not Suspect of Alcohol Use, Not Suspect of Drug Use",Pedestrian,Cross/Enter Not at Intersection,"Dart/Dash, Failure to Yield Right-Of-Way, Not Visible (Dark Clothing, No Lighting, etc.)",Travel Lane Other Location,Yes,Suspected Serious Injury,None,39.04417177,-77.06320304,2025,5,21
250023088,05/24/2025 07:59:00 PM,CARROLL AVE,Cyclist (Electric),Clear,Dry,Daylight,"Not Suspect of Alcohol Use, Not Suspect of Drug Use",Cyclist (Electric),Cross/Enter at Intersection,"Failure to Obey Traffic Signs, Signals, or Officer, Failure to Yield Right-Of-Way",Intersection Marked Crosswalk,Yes,Possible Minor Injury,None,38.98479604,-76.99852955,2025,5,19
250023054,05/24/2025 04:45:00 PM,INDIAN SPRING DR,Pedestrian,Clear,Dry,Daylight,"Not Suspect of Alcohol Use, Not Suspect of Drug Use",Pedestrian,Standing,None (No Improper Action),Driveway Access,No,Possible Minor Injury,None,39.01569335,-76.99779933,2025,5,16
250022932,05/23/2025 07:05:00 PM,NEWCUT RD,Cyclist (non-electric),Clear,Dry,Daylight,"Not Suspect of Alcohol Use, Not Suspect of Drug Use",Cyclist (non-electric),Cross/Enter at Intersection,"Failure to Obey Traffic Signs, Signals, or Officer, Inattentive (Talking, Eating, etc.), Other",Intersection Other,Yes,Possible Minor Injury,None,39.22833993,-77.2501832,2025,5,19
250022852,05/23/2025 11:00:00 AM,SAHALEA TERR,Unknown,Clear,Dry,Daylight,"Not Suspect of Alcohol Use, Not Suspect of Drug Use",Unknown,Other Working,Other,Other,No,Possible Minor Injury,Other,39.12668267,-76.9689055,2025,5,11
250022783,05/22/2025 08:38:00 PM,SEVEN LOCKS RD,Pedestrian,Rain,Wet,Daylight,"Not Suspect of Alcohol Use, Not Suspect of Drug Use",Pedestrian,Cross/Enter at Intersection,Dart/Dash,Intersection Marked Crosswalk,No,Possible Minor Injury,None,39.04090039,-77.15924,2025,5,20
250022742,05/22/2025 04:48:00 PM,NA,Pedestrian,Rain,NA,Daylight,"Not Suspect of Alcohol Use, Not Suspect of Drug Use",Pedestrian,Other,None (No Improper Action),Other,No,Possible Minor Injury,None,39.04001893,-77.06655832,2025,5,16
250022656,05/22/2025 10:17:00 AM,NA,Pedestrian,Rain,NA,Daylight,"Not Suspect of Alcohol Use, Not Suspect of Drug Use",Pedestrian,Cross/Enter Not at Intersection,Failure to Yield Right-Of-Way,NonTrafficway Area,Yes,Possible Minor Injury,None,39.05758728,-76.96672413,2025,5,10
250022671,05/21/2025 10:30:00 AM,CHRISTOPHER AVE,Pedestrian,Rain,Wet,Daylight,"Not Suspect of Alcohol Use, Not Suspect of Drug Use",Pedestrian,Other,None (No Improper Action),Other,No,Possible Minor Injury,None,39.15672888,-77.21458782,2025,5,10
250022434,05/20/2025 11:24:00 PM,FIRST ST,Pedestrian,Clear,Dry,Medium,"Unknown, Unknown",Pedestrian,Other,Other,Other,No,Possible Minor Injury,None,39.0887569,-77.1361305,2025,5,23
250022405,05/20/2025 07:33:00 PM,GLENALLAN AVE (WB/L),Pedestrian,Clear,Dry,Daylight,"Not Suspect of Alcohol Use, Not Suspect of Drug Use, Unknown, Unknown",Pedestrian,Cross/Enter at Intersection,"Dart/Dash, Failure to Yield Right-Of-Way",Intersection Marked Crosswalk,No,Possible Minor Injury,None,39.06317325,-77.0544775,2025,5,19
250022228,05/19/2025 09:06:00 PM,COLUMBIA PIKE,Pedestrian,Clear,Dry,Medium,"Not Suspect of Alcohol Use, Not Suspect of Drug Use",Pedestrian,Walking/Cycling on Sidewalk,"In Roadway Improperly (Standing, Lying, Working, Playing)",Sidewalk,No,Possible Minor Injury,None,39.032216,-77.00361283,2025,5,21
250022171,05/19/2025 04:01:00 PM,DEERWATER DR,Pedestrian,Clear,Dry,Daylight,"Unknown, Unknown",Pedestrian,Cross/Enter Not at Intersection,Dart/Dash,Travel Lane Other Location,No,Possible Minor Injury,None,39.1919257,-77.2800692,2025,5,16
250022139,05/19/2025 02:23:00 PM,NA,Pedestrian,Clear,NA,Daylight,"Not Suspect of Alcohol Use, Not Suspect of Drug Use",Pedestrian,Standing,None (No Improper Action),Other,No,Possible Minor Injury,None,39.0578314,-77.11629767,2025,5,14
250022097,05/19/2025 10:58:00 AM,NA,Pedestrian,Clear,NA,Daylight,"Not Suspect of Alcohol Use, Not Suspect of Drug Use",Pedestrian,Walking/Cycling on Sidewalk,None (No Improper Action),Sidewalk,No,Possible Minor Injury,None,39.14771349,-77.20618924,2025,5,10
250022019,05/18/2025 10:28:00 PM,CENTERHILL ST,Pedestrian,Clear,Dry,Dark,"Not Suspect of Alcohol Use, Not Suspect of Drug Use",Pedestrian,Cross/Enter at Intersection,Unknown,Intersection Marked Crosswalk,No,Possible Minor Injury,None,39.05041779,-77.07256584,2025,5,22
250021950,05/18/2025 11:00:00 AM,NA,Pedestrian,Clear,NA,Daylight,"Not Suspect of Alcohol Use, Not Suspect of Drug Use",Pedestrian,Walking/Cycling Along Roadway With Traffic (In or Adjacent to Travel Lane),None (No Improper Action),Driveway Access,No,Suspected Serious Injury,None,39.10617971,-77.15167737,2025,5,11
250021529,05/15/2025 08:55:00 PM,TOWN COMMONS BLVD,Pedestrian,Clear,Dry,Medium,"Not Suspect of Alcohol Use, Not Suspect of Drug Use",Pedestrian,Cross/Enter at Intersection,None (No Improper Action),Intersection Marked Crosswalk,No,Possible Minor Injury,None,39.18107375,-77.2671538,2025,5,20
250021436,05/15/2025 01:27:00 PM,ASPEN HILL RD,Cyclist (Electric),Clear,Dry,Daylight,"Not Suspect of Alcohol Use, Not Suspect of Drug Use",Cyclist (Electric),Walking/Cycling Along Roadway Against Traffic (In or Adjacent to Travel Lane),Failure to Yield Right-Of-Way,Intersection Other,Yes,Possible Minor Injury,None,39.08023256,-77.08076385,2025,5,13
250021433,05/15/2025 11:00:00 AM,NA,Cyclist (Electric),Clear,Dry,Daylight,"Not Suspect of Alcohol Use, Not Suspect of Drug Use",Cyclist (Electric),Walking/Cycling on Sidewalk,"Failure to Obey Traffic Signs, Signals, or Officer, Not Visible (Dark Clothing, No Lighting, etc.), Wrong-Way Riding or Walking",Driveway Access,Yes,Possible Minor Injury,None,39.1677852,-77.17428102,2025,5,11
250021195,05/14/2025 05:31:00 AM,W WATKINS MILL RD,Pedestrian,Rain,Wet,Medium,"Unknown, Unknown",Pedestrian,Cross/Enter at Intersection,Unknown,Intersection Marked Crosswalk,No,Fatal Injury,None,39.15797194,-77.22180418,2025,5,5
250021000,05/12/2025 09:20:00 PM,SCHINDLER DR,Pedestrian,Cloudy,Wet,Dark,"Not Suspect of Alcohol Use, Not Suspect of Drug Use",Pedestrian,Cross/Enter at Intersection,Unknown,Intersection Marked Crosswalk,No,Possible Minor Injury,None,39.03343794,-76.986232,2025,5,21
250020676,05/10/2025 09:01:00 PM,RAMP 1 FR IS 270 NB TO MD 117 WB,Pedestrian,Clear,Dry,Medium,"Not Suspect of Alcohol Use, Not Suspect of Drug Use",Pedestrian,Cross/Enter at Intersection,None (No Improper Action),Intersection Marked Crosswalk,No,Possible Minor Injury,None,39.14068682,-77.21070021,2025,5,21
250020659,05/10/2025 07:25:00 PM,EMORY GROVE RD,Pedestrian,Clear,Dry,Daylight,"Not Suspect of Alcohol Use, Not Suspect of Drug Use",Pedestrian,Cross/Enter Not at Intersection,None (No Improper Action),Travel Lane Other Location,No,Possible Minor Injury,None,39.15325669,-77.17374858,2025,5,19
250020510,05/09/2025 05:42:00 PM,WASHINGTONIAN BLVD,Pedestrian,Clear,Dry,Daylight,"Not Suspect of Alcohol Use, Not Suspect of Drug Use",Pedestrian,Cross/Enter at Intersection,None (No Improper Action),Intersection Marked Crosswalk,No,Possible Minor Injury,None,39.11645959,-77.19923171,2025,5,17
250020502,05/09/2025 04:48:00 PM,GEORGIA AVE,Pedestrian,Clear,Dry,Daylight,"Unknown, Unknown",Pedestrian,Other,None (No Improper Action),Driveway Access,No,Possible Minor Injury,None,39.08463197,-77.07799855,2025,5,16
250020425,05/09/2025 09:30:00 AM,MUNCASTER MILL RD,Pedestrian,Rain,Wet,Daylight,"Not Suspect of Alcohol Use, Not Suspect of Drug Use",Pedestrian,Cross/Enter at Intersection,Dart/Dash,Intersection Marked Crosswalk,Yes,Possible Minor Injury,None,39.10891144,-77.08008727,2025,5,9
250020405,05/09/2025 06:49:00 AM,WESTBARD AVE,Pedestrian,Rain,Wet,Daylight,"Not Suspect of Alcohol Use, Not Suspect of Drug Use",Pedestrian,Cross/Enter at Intersection,None (No Improper Action),Intersection Marked Crosswalk,No,Possible Minor Injury,None,38.96370034,-77.10657709,2025,5,6
250020345,05/08/2025 06:15:00 PM,NA,Cyclist (non-electric),Clear,NA,Daylight,"Not Suspect of Alcohol Use, Not Suspect of Drug Use",Cyclist (non-electric),Cross/Enter Not at Intersection,Dart/Dash,Other,No,No Apparent Injury,None,39.05977367,-77.04914167,2025,5,18
250020302,05/08/2025 03:05:00 PM,TURKEY BRANCH PKWY,Scooter (electric),Clear,Dry,Daylight,"Not Suspect of Alcohol Use, Not Suspect of Drug Use",Scooter (electric),Cross/Enter at Intersection,Failure to Yield Right-Of-Way,Intersection Unmarked Crosswalk,No,Possible Minor Injury,None,39.07575217,-77.08181067,2025,5,15
250020118,05/07/2025 02:11:00 PM,NA,Cyclist (Electric),Clear,Dry,Daylight,"Not Suspect of Alcohol Use, Not Suspect of Drug Use",Cyclist (Electric),Cross/Enter at Intersection,Failure to Yield Right-Of-Way,Intersection Marked Crosswalk,No,No Apparent Injury,None,39.09189755,-77.15368625,2025,5,14
250020271,05/07/2025 12:57:00 PM,GRANDVIEW AVE,Pedestrian,Clear,Dry,Daylight,"Unknown, Unknown",Pedestrian,Cross/Enter at Intersection,None (No Improper Action),Intersection Marked Crosswalk,No,Possible Minor Injury,None,39.04308501,-77.05313664,2025,5,12
250019866,05/06/2025 12:19:00 PM,CHESTNUT ST,Cyclist (Electric),Clear,Dry,Daylight,"Not Suspect of Alcohol Use, Not Suspect of Drug Use",Cyclist (Electric),Walking/Cycling on Sidewalk,None (No Improper Action),Intersection Marked Crosswalk,No,Possible Minor Injury,None,38.9934644,-77.09608134,2025,5,12
250019790,05/05/2025 08:08:00 PM,NA,Scooter (electric),Rain,Wet,Medium,"Not Suspect of Alcohol Use, Not Suspect of Drug Use",Scooter (electric),Cross/Enter at Intersection,None (No Improper Action),Intersection Marked Crosswalk,No,Possible Minor Injury,None,39.15040469,-77.0661939,2025,5,20
250019778,05/05/2025 06:15:00 PM,CROSS LAUREL DR,Cyclist (non-electric),Clear,Dry,Daylight,"Not Suspect of Alcohol Use, Not Suspect of Drug Use",Cyclist (non-electric),Cross/Enter at Intersection,Failure to Yield Right-Of-Way,Intersection Unmarked Crosswalk,Yes,Possible Minor Injury,None,39.18953575,-77.22873291,2025,5,18
250019637,05/05/2025 05:50:00 AM,GEORGIA AVE,Pedestrian,Clear,Dry,Medium,"Not Suspect of Alcohol Use, Not Suspect of Drug Use",Pedestrian,Walking/Cycling Along Roadway With Traffic (In or Adjacent to Travel Lane),Unknown,Shoulder/Roadside,Yes,Possible Minor Injury,None,39.04179456,-77.05172645,2025,5,5
250019612,05/04/2025 08:15:00 PM,NA,Pedestrian,Clear,NA,Daylight,"Unknown, Unknown",Pedestrian,Cross/Enter at Intersection,Unknown,Shoulder/Roadside,No,Possible Minor Injury,None,39.10358272,-76.9821169,2025,5,20
250019601,05/04/2025 05:15:00 PM,NA,Cyclist (non-electric),Clear,NA,Daylight,"Not Suspect of Alcohol Use, Not Suspect of Drug Use",Cyclist (non-electric),Other,Other,OffStreet Trails or Sidepaths,No,Possible Minor Injury,Unknown,39.31833178,-77.19482398,2025,5,17
250019300,05/02/2025 06:31:00 PM,CONNECTICUT AVE (SB/L),Cyclist (Electric),Clear,Dry,Daylight,"Suspect of Alcohol Use, Unknown",Cyclist (Electric),Cross/Enter at Intersection,None (No Improper Action),Intersection Marked Crosswalk,No,Possible Minor Injury,Helmet,39.03381721,-77.07540322,2025,5,18
250019299,05/02/2025 06:26:00 PM,TRADE ST,Pedestrian,Clear,Dry,Daylight,"Not Suspect of Alcohol Use, Not Suspect of Drug Use",Pedestrian,Cross/Enter at Intersection,None (No Improper Action),Intersection Marked Crosswalk,No,Possible Minor Injury,None,39.05104758,-77.11639779,2025,5,18
250019299,05/02/2025 06:26:00 PM,TRADE ST,Pedestrian,Clear,Dry,Daylight,"Not Suspect of Alcohol Use, Not Suspect of Drug Use",Pedestrian,Cross/Enter at Intersection,None (No Improper Action),Intersection Marked Crosswalk,No,Possible Minor Injury,None,39.05104758,-77.11639779,2025,5,18
250019138,05/01/2025 06:01:00 PM,UNIVERSITY BLVD E,Pedestrian,Clear,Dry,Daylight,"Not Suspect of Alcohol Use, Not Suspect of Drug Use",Pedestrian,Cross/Enter at Intersection,None (No Improper Action),Intersection Marked Crosswalk,No,Possible Minor Injury,None,39.00353059,-76.99634808,2025,5,18
250019005,05/01/2025 08:35:00 AM,ROOSEVELT ST,Cyclist (non-electric),Clear,Dry,Daylight,"Not Suspect of Alcohol Use, Not Suspect of Drug Use",Cyclist (non-electric),Walking/Cycling on Sidewalk,Failure to Yield Right-Of-Way,Intersection Marked Crosswalk,Yes,No Apparent Injury,None,38.99594801,-77.10958911,2025,5,8
250019000,05/01/2025 07:54:00 AM,NA,Cyclist (Electric),Clear,Dry,Daylight,"Not Suspect of Alcohol Use, Not Suspect of Drug Use",Cyclist (Electric),Cross/Enter at Intersection,"Failure to Obey Traffic Signs, Signals, or Officer",Intersection Marked Crosswalk,No,No Apparent Injury,"Helmet, Other",39.06703834,-77.16172338,2025,5,7
250018965,04/30/2025 08:20:00 PM,NA,Pedestrian,Clear,NA,Medium,"Not Suspect of Alcohol Use, Not Suspect of Drug Use",Pedestrian,Other,None (No Improper Action),Other,No,Possible Minor Injury,None,39.09441981,-77.11032623,2025,4,20
250018971,04/30/2025 07:30:00 PM,BOUNTY COVE CT,Scooter (non-Electric),Clear,Dry,Daylight,"Not Suspect of Alcohol Use, Not Suspect of Drug Use",Scooter (non-Electric),Cross/Enter at Intersection,"In Roadway Improperly (Standing, Lying, Working, Playing)",Intersection Other,Yes,Possible Minor Injury,Unknown,39.09875976,-77.21973191,2025,4,19
250018940,04/30/2025 06:35:00 PM,BRADMOOR DR,Cyclist (non-electric),Clear,Dry,Daylight,"Not Suspect of Alcohol Use, Not Suspect of Drug Use",Cyclist (non-electric),Walking/Cycling Along Roadway With Traffic (In or Adjacent to Travel Lane),None (No Improper Action),Intersection Unmarked Crosswalk,No,Possible Minor Injury,Helmet,38.99319903,-77.11894625,2025,4,18
250018919,04/30/2025 04:25:00 PM,N SUMMIT AVE,Pedestrian,Cloudy,Dry,Daylight,"Not Suspect of Alcohol Use, Not Suspect of Drug Use",Pedestrian,Cross/Enter at Intersection,None (No Improper Action),Intersection Marked Crosswalk,No,Possible Minor Injury,None,39.14215337,-77.19338117,2025,4,16
250018954,04/30/2025 01:40:00 PM,MONTGOMERY VILLAGE AVE (SB/L),Cyclist (Electric),Clear,Dry,Daylight,"Unknown, Unknown",Cyclist (Electric),Walking/Cycling Along Roadway With Traffic (In or Adjacent to Travel Lane),None (No Improper Action),Travel Lane Other Location,No,No Apparent Injury,Helmet,39.16801402,-77.20505374,2025,4,13
250018856,04/30/2025 11:52:00 AM,ARLINGTON RD,Pedestrian,Clear,Dry,Daylight,"Not Suspect of Alcohol Use, Not Suspect of Drug Use",Pedestrian,Cross/Enter at Intersection,"Dart/Dash, Inattentive (Talking, Eating, etc.)",Intersection Marked Crosswalk,Yes,Possible Minor Injury,None,38.97946486,-77.09862167,2025,4,11
250018856,04/30/2025 11:52:00 AM,ARLINGTON RD,Pedestrian,Clear,Dry,Daylight,"Not Suspect of Alcohol Use, Not Suspect of Drug Use",Pedestrian,Cross/Enter at Intersection,"Dart/Dash, Inattentive (Talking, Eating, etc.)",Intersection Marked Crosswalk,Yes,Possible Minor Injury,None,38.97946486,-77.09862167,2025,4,11
250018828,04/30/2025 08:23:00 AM,CAPITAL CRESCENT TR,Pedestrian,Cloudy,Wet,Daylight,"Not Suspect of Alcohol Use, Not Suspect of Drug Use",Pedestrian,Cross/Enter at Intersection,None (No Improper Action),Intersection Marked Crosswalk,No,Possible Minor Injury,None,38.96877864,-77.10251028,2025,4,8
250018812,04/30/2025 03:53:00 AM,NA,Cyclist (non-electric),Rain,NA,Dark,"Not Suspect of Alcohol Use, Not Suspect of Drug Use",Cyclist (non-electric),Cross/Enter at Intersection,Failure to Yield Right-Of-Way,Intersection Other,Yes,Possible Minor Injury,None,39.11544211,-77.18925842,2025,4,3
25000768,04/29/2025 07:15:00 PM,BEACH DR,Cyclist (non-electric),Clear,Dry,Daylight,"Not Suspect of Alcohol Use, Not Suspect of Drug Use",Cyclist (non-electric),Cross/Enter at Intersection,Unknown,Intersection Marked Crosswalk,No,Possible Minor Injury,Helmet,39.01179769,-77.06792851,2025,4,19
250018717,04/29/2025 02:28:00 PM,NA,Pedestrian,Clear,NA,Daylight,"Unknown, Unknown",Pedestrian,Other,None (No Improper Action),Other,No,No Apparent Injury,None,38.9954905,-77.03744397,2025,4,14
250018672,04/29/2025 10:55:00 AM,PERRY AVE,Cyclist (Electric),Clear,Dry,Daylight,"Not Suspect of Alcohol Use, Not Suspect of Drug Use",Cyclist (Electric),Walking/Cycling Along Roadway With Traffic (In or Adjacent to Travel Lane),"Failure to Obey Traffic Signs, Signals, or Officer",Intersection Other,No,No Apparent Injury,Helmet,39.03279503,-77.07516486,2025,4,10
250018584,04/28/2025 08:00:00 PM,ROCKVILLE PIKE (SB/L),Cyclist (non-electric),Clear,Dry,Medium,"Not Suspect of Alcohol Use, Not Suspect of Drug Use",Cyclist (non-electric),Cross/Enter at Intersection,"Dart/Dash, Failure to Obey Traffic Signs, Signals, or Officer, Failure to Yield Right-Of-Way",Intersection Marked Crosswalk,Yes,Possible Minor Injury,Helmet,39.00255353,-77.09729803,2025,4,20
250018581,04/28/2025 07:43:00 PM,UNIVERSITY BLVD E (WB/L),Cyclist (Electric),Clear,Dry,Daylight,"Not Suspect of Alcohol Use, Not Suspect of Drug Use",Cyclist (Electric),Cross/Enter at Intersection,Unknown,Intersection Marked Crosswalk,No,No Apparent Injury,None,39.01952764,-77.01077837,2025,4,19
250018565,04/28/2025 05:37:00 PM,NA,Occupant of Motor Vehicle Not in Transport,Clear,NA,Daylight,"Not Suspect of Alcohol Use, Not Suspect of Drug Use, Unknown, Unknown",Occupant of Motor Vehicle Not in Transport,Getting Off/On Vehicle,None (No Improper Action),Other,No,Possible Minor Injury,None,39.20254922,-77.24779627,2025,4,17
250018471,04/28/2025 12:11:00 PM,ROCKVILLE PIKE,Pedestrian,Clear,Dry,Daylight,"Not Suspect of Alcohol Use, Not Suspect of Drug Use",Pedestrian,Cross/Enter at Intersection,Unknown,Travel Lane Other Location,No,Suspected Serious Injury,Unknown,39.03848093,-77.10844427,2025,4,12
250018582,04/28/2025 08:00:00 AM,GEORGIA AVE (SB/L),Cyclist (Electric),Clear,Dry,Daylight,"Not Suspect of Alcohol Use, Not Suspect of Drug Use",Cyclist (Electric),Cross/Enter at Intersection,"Failure to Obey Traffic Signs, Signals, or Officer",Intersection Other,Yes,No Apparent Injury,None,39.04149693,-77.05177486,2025,4,8
250018231,04/26/2025 09:59:00 PM,ASPEN HILL RD (SB/L),Pedestrian,Clear,Dry,Medium,"Not Suspect of Alcohol Use, Not Suspect of Drug Use",Pedestrian,Cross/Enter Not at Intersection,Failure to Yield Right-Of-Way,Travel Lane Other Location,Yes,Fatal Injury,None,39.08082916,-77.07518121,2025,4,21
250018131,04/26/2025 11:30:00 AM,NA,Pedestrian,Cloudy,NA,Daylight,NA,Pedestrian,Other,Other,Other,Yes,Possible Minor Injury,None,39.0909312,-77.1437559,2025,4,11
250018113,04/26/2025 09:20:00 AM,NA,Pedestrian,Cloudy,NA,Daylight,"Not Suspect of Alcohol Use, Not Suspect of Drug Use",Pedestrian,None,None (No Improper Action),NonTrafficway Area,No,Possible Minor Injury,None,39.097114500000004,-77.1918468,2025,4,9
250017934,04/25/2025 08:51:00 AM,GRANT ST,Cyclist (non-electric),Clear,Dry,Daylight,"Not Suspect of Alcohol Use, Not Suspect of Drug Use",Cyclist (non-electric),Cross/Enter at Intersection,Dart/Dash,Intersection Marked Crosswalk,Yes,Possible Minor Injury,Helmet,39.00027589,-77.11222986,2025,4,8
250017893,04/24/2025 09:01:00 PM,SHADY GROVE RD,Pedestrian,Clear,Dry,Medium,"Not Suspect of Alcohol Use, Not Suspect of Drug Use",Pedestrian,Cross/Enter at Intersection,"Dart/Dash, Failure to Obey Traffic Signs, Signals, or Officer",Intersection Marked Crosswalk,No,Fatal Injury,None,39.10085154,-77.19177496,2025,4,21
250017574,04/23/2025 09:01:00 AM,SCOTTSBURY DR,Cyclist (non-electric),Clear,Dry,Daylight,"Not Suspect of Alcohol Use, Not Suspect of Drug Use",Cyclist (non-electric),Cross/Enter at Intersection,Failure to Yield Right-Of-Way,Travel Lane Other Location,Yes,Possible Minor Injury,Helmet,39.19760395,-77.2396623,2025,4,9
250017381,04/23/2025 07:49:00 AM,RAMP 2 FR MD 200 WB TO BRIGGS CHANEY RD,Pedestrian,Clear,Dry,Daylight,"Not Suspect of Alcohol Use, Not Suspect of Drug Use",Pedestrian,Cross/Enter at Intersection,None (No Improper Action),Intersection Marked Crosswalk,No,Possible Minor Injury,None,39.07427954,-76.93995673,2025,4,7
250017560,04/23/2025 07:35:00 AM,HOB HILL WAY,Pedestrian,Clear,Dry,Daylight,"Not Suspect of Alcohol Use, Not Suspect of Drug Use",Pedestrian,None,None (No Improper Action),Intersection Marked Crosswalk,No,Possible Minor Injury,None,39.18695983,-77.19826417,2025,4,7
250017274,04/21/2025 01:47:00 PM,NA,Pedestrian,Cloudy,NA,Daylight,"Not Suspect of Alcohol Use, Not Suspect of Drug Use",Pedestrian,Walking/Cycling on Sidewalk,None (No Improper Action),Driveway Access,Yes,Possible Minor Injury,None,39.08527163,-77.14660449,2025,4,13
250017210,04/21/2025 08:53:00 AM,NA,Pedestrian,Cloudy,Dry,Daylight,"Not Suspect of Alcohol Use, Not Suspect of Drug Use",Pedestrian,Walking/Cycling on Sidewalk,None (No Improper Action),Intersection Marked Crosswalk,No,Possible Minor Injury,None,39.16072827,-77.27920512,2025,4,8
250017176,04/20/2025 09:09:00 PM,RANDOLPH RD (WB/L),Cyclist (Electric),Clear,Dry,Dark,"Suspect of Alcohol Use, Not Suspect of Drug Use",Cyclist (Electric),Walking/Cycling Along Roadway With Traffic (In or Adjacent to Travel Lane),None (No Improper Action),Travel Lane Other Location,No,Possible Minor Injury,Unknown,39.05373798,-77.10063348,2025,4,21
250017151,04/20/2025 04:13:00 PM,NA,Pedestrian,Clear,Dry,Daylight,"Not Suspect of Alcohol Use, Not Suspect of Drug Use",Pedestrian,Cross/Enter Not at Intersection,"Dart/Dash, In Roadway Improperly (Standing, Lying, Working, Playing)",Travel Lane Other Location,Yes,Possible Minor Injury,None,39.14660424,-77.1458093,2025,4,16
250016781,04/17/2025 05:13:00 PM,NA,Pedestrian,Clear,NA,Daylight,"Not Suspect of Alcohol Use, Not Suspect of Drug Use",Pedestrian,Standing,None (No Improper Action),Other,No,Possible Minor Injury,None,39.11994633,-77.16515667,2025,4,17
250016733,04/17/2025 02:18:00 PM,VEIRS MILL RD,Pedestrian,Clear,Dry,Daylight,"Not Suspect of Alcohol Use, Not Suspect of Drug Use",Pedestrian,Cross/Enter at Intersection,None (No Improper Action),Intersection Marked Crosswalk,No,Possible Minor Injury,None,39.05295634,-77.07696162,2025,4,14
250016666,04/17/2025 08:56:00 AM,COLESVILLE RD,Pedestrian,Clear,Dry,Daylight,"Unknown, Unknown",Pedestrian,None,None (No Improper Action),NonTrafficway Area,No,Possible Minor Injury,None,38.99329581,-77.03277381,2025,4,8
250016562,04/16/2025 12:48:00 PM,NA,Pedestrian,Clear,NA,Daylight,"Not Suspect of Alcohol Use, Not Suspect of Drug Use",Pedestrian,Standing,None (No Improper Action),Other,No,Suspected Serious Injury,None,39.096795,-77.1421295,2025,4,12
250016562,04/16/2025 12:48:00 PM,NA,Pedestrian,Clear,NA,Daylight,"Not Suspect of Alcohol Use, Not Suspect of Drug Use",Pedestrian,Standing,None (No Improper Action),Other,No,Fatal Injury,None,39.096795,-77.1421295,2025,4,12
250016484,04/16/2025 02:32:00 AM,VEIRS MILL RD (WB/L),Pedestrian,Clear,Dry,Medium,"Suspect of Alcohol Use, Not Suspect of Drug Use",Pedestrian,Push/Work on Vehicle,"Disabled Vehicle-Related (Working on, Pushing, Leaving/Approaching)",Travel Lane Other Location,No,Possible Minor Injury,None,39.04837841,-77.068985,2025,4,2
250016307,04/14/2025 05:40:00 PM,TURKEY BRANCH PKWY,Cyclist (non-electric),Clear,NA,Daylight,"Not Suspect of Alcohol Use, Not Suspect of Drug Use",Cyclist (non-electric),Walking/Cycling Along Roadway With Traffic (In or Adjacent to Travel Lane),Unknown,Travel Lane Other Location,No,Possible Minor Injury,None,39.07575782,-77.08179226,2025,4,17
250016407,04/14/2025 01:50:00 PM,NA,Pedestrian,Clear,Dry,Daylight,"Unknown, Unknown",Pedestrian,Cross/Enter at Intersection,None (No Improper Action),Intersection Marked Crosswalk,No,Possible Minor Injury,None,39.0852506,-77.14823538,2025,4,13
250016181,04/13/2025 08:30:00 PM,SILVER SPRING AVE,Pedestrian,Clear,Dry,Medium,"Unknown, Unknown",Pedestrian,Cross/Enter at Intersection,Unknown,Intersection Marked Crosswalk,No,Possible Minor Injury,None,38.99161383,-77.02641286,2025,4,20
250016099,04/13/2025 12:00:00 PM,NA,Pedestrian,Clear,NA,Daylight,"Unknown, Unknown",Pedestrian,Other,None (No Improper Action),Other,No,Possible Minor Injury,None,39.15740168,-77.21225412,2025,4,12
250015890,04/11/2025 09:30:00 PM,NA,Pedestrian,Rain,NA,Medium,"Not Suspect of Alcohol Use, Not Suspect of Drug Use",Pedestrian,Other,None (No Improper Action),Other,No,Possible Minor Injury,None,39.03946517,-77.05712517,2025,4,21
250015847,04/11/2025 04:54:00 PM,CHURCH ST (WB/L),Pedestrian,Rain,Wet,Daylight,"Not Suspect of Alcohol Use, Not Suspect of Drug Use",Pedestrian,Cross/Enter at Intersection,None (No Improper Action),Intersection Marked Crosswalk,No,Possible Minor Injury,None,39.08341211,-77.14695173,2025,4,16
250016207,04/11/2025 03:30:00 PM,FALCONBRIDGE DR,Pedestrian,Clear,Wet,Daylight,"Unknown, Unknown",Pedestrian,Standing,None (No Improper Action),Intersection Marked Crosswalk,No,Possible Minor Injury,None,39.10395897,-77.26446587,2025,4,15
250015958,04/10/2025 11:30:00 PM,NA,Pedestrian,Clear,NA,Dark,"Unknown, Unknown",Pedestrian,Cross/Enter at Intersection,None (No Improper Action),Intersection Marked Crosswalk,No,Possible Minor Injury,None,39.03897286,-76.99200988,2025,4,23
250015958,04/10/2025 11:30:00 PM,NA,Pedestrian,Clear,NA,Dark,"Unknown, Unknown",Pedestrian,Cross/Enter at Intersection,None (No Improper Action),Intersection Marked Crosswalk,No,Possible Minor Injury,None,39.03897286,-76.99200988,2025,4,23
250015523,04/09/2025 08:25:00 PM,OVERLOOK DR,Unknown,Clear,Dry,Dark,"Not Suspect of Alcohol Use, Not Suspect of Drug Use",Unknown,Cross/Enter at Intersection,None (No Improper Action),Intersection Unmarked Crosswalk,No,Possible Minor Injury,None,39.02447004,-76.97947728,2025,4,20
250015450,04/09/2025 02:00:00 PM,NA,Pedestrian,Clear,NA,Daylight,"Unknown, Unknown",Pedestrian,Standing,None (No Improper Action),NonTrafficway Area,No,No Apparent Injury,None,38.9814049,-77.09147628,2025,4,14
250015454,04/09/2025 01:49:00 PM,MACARTHUR BLVD,Cyclist (non-electric),Clear,Dry,Daylight,"Not Suspect of Alcohol Use, Not Suspect of Drug Use",Cyclist (non-electric),Walking/Cycling Along Roadway With Traffic (In or Adjacent to Travel Lane),None (No Improper Action),Travel Lane Other Location,Yes,Possible Minor Injury,None,38.94555822,-77.12001221,2025,4,13
250014786,04/04/2025 10:15:00 PM,NA,Pedestrian,Clear,NA,Dark,NA,Pedestrian,Other,Entering/Exiting Parked/Standing Vehicle,Other,No,Suspected Serious Injury,None,39.05387811,-77.10338482,2025,4,22
250014622,04/04/2025 01:44:00 AM,NEW HAMPSHIRE AVE,Pedestrian,Rain,Wet,Medium,"Unknown, Unknown",Pedestrian,Unknown,"Inattentive (Talking, Eating, etc.)",Shared Lane Markings),No,Suspected Serious Injury,None,39.04852236,-76.9929361,2025,4,1
250014573,04/03/2025 06:20:00 PM,BALTIMORE RD,Pedestrian,Clear,Dry,Daylight,"Not Suspect of Alcohol Use, Not Suspect of Drug Use",Pedestrian,Other,None (No Improper Action),Intersection Marked Crosswalk,No,Possible Minor Injury,None,39.09070356,-77.11494712,2025,4,18
250014573,04/03/2025 06:20:00 PM,BALTIMORE RD,Pedestrian,Clear,Dry,Daylight,"Not Suspect of Alcohol Use, Not Suspect of Drug Use",Pedestrian,Other,None (No Improper Action),Intersection Marked Crosswalk,No,Suspected Serious Injury,None,39.09070356,-77.11494712,2025,4,18
250014417,04/02/2025 07:55:00 PM,THOMPSON AVE,Pedestrian,Clear,Dry,Medium,NA,Pedestrian,Walking/Cycling on Sidewalk,None (No Improper Action),Intersection Marked Crosswalk,No,Possible Minor Injury,None,39.05938668,-77.12141418,2025,4,19
250014393,04/02/2025 05:25:00 PM,ASTON MANOR DR,Pedestrian,Clear,Dry,Daylight,"Not Suspect of Alcohol Use, Not Suspect of Drug Use",Pedestrian,Walking/Cycling on Sidewalk,None (No Improper Action),Intersection Marked Crosswalk,No,Possible Minor Injury,None,39.07603717,-76.9408805,2025,4,17
250014386,04/02/2025 04:30:00 PM,MUNCASTER MILL RD (WB/L),Pedestrian,Cloudy,Dry,Daylight,"Not Suspect of Alcohol Use, Not Suspect of Drug Use",Pedestrian,Cross/Enter Not at Intersection,Dart/Dash,Travel Lane Other Location,Yes,Possible Minor Injury,None,39.15861606,-77.15992111,2025,4,16
250014278,04/02/2025 06:55:00 AM,ROCKWELL AVE,Pedestrian,Clear,Dry,Daylight,"Not Suspect of Alcohol Use, Not Suspect of Drug Use",Pedestrian,Cross/Enter Not at Intersection,None (No Improper Action),Shoulder/Roadside,No,Possible Minor Injury,None,39.11074417,-77.19636783,2025,4,6
250014048,04/01/2025 06:35:00 PM,WATERS LANDING DR,Pedestrian,Clear,Wet,Daylight,"Not Suspect of Alcohol Use, Not Suspect of Drug Use",Pedestrian,None,Unknown,Intersection Unmarked Crosswalk,Yes,Possible Minor Injury,None,39.19163817,-77.2790653,2025,4,18
250014174,04/01/2025 03:16:00 PM,NA,Pedestrian,Clear,NA,Daylight,"Unknown, Unknown",Pedestrian,Cross/Enter at Intersection,None (No Improper Action),Intersection Unmarked Crosswalk,No,Possible Minor Injury,None,39.12079777,-77.17933523,2025,4,15
25000564,04/01/2025 08:20:00 AM,SLIGO CREEK PKWY,Pedestrian,Clear,Dry,Daylight,"Unknown, Unknown",Pedestrian,Cross/Enter at Intersection,None (No Improper Action),Intersection Marked Crosswalk,No,Possible Minor Injury,None,39.00258307,-77.01311251,2025,4,8
250014072,03/31/2025 08:50:00 PM,NA,Pedestrian,Cloudy,NA,Medium,"Unknown, Unknown",Pedestrian,Other,None (No Improper Action),Intersection Marked Crosswalk,No,No Apparent Injury,None,38.99175865,-77.03202445,2025,3,20
250014026,03/31/2025 04:48:00 PM,NA,Pedestrian,Clear,NA,Daylight,"Not Suspect of Alcohol Use, Not Suspect of Drug Use",Pedestrian,Unknown,Unknown,Intersection Marked Crosswalk,No,Suspected Serious Injury,None,39.12482094,-77.23980126,2025,3,16
250013588,03/30/2025 02:25:00 PM,NA,Pedestrian,Clear,NA,Daylight,"Unknown, Unknown",Pedestrian,Walking/Cycling on Sidewalk,None (No Improper Action),Shoulder/Roadside,No,Possible Minor Injury,Unknown,39.11781889,-77.25183302,2025,3,14
250013760,03/29/2025 08:23:00 PM,ADELPHI RD (WB/L),Pedestrian,Clear,Dry,Medium,"Not Suspect of Alcohol Use, Not Suspect of Drug Use, Not Suspect of Alcohol Use, Not Suspect of Drug Use, Unknown, Unknown",Pedestrian,Cross/Enter at Intersection,Unknown,Intersection Marked Crosswalk,No,Possible Minor Injury,Unknown,39.01146049,-76.97885649,2025,3,20
250013736,03/29/2025 04:35:00 PM,ROSEMARK CT,Cyclist (non-electric),Clear,Dry,Daylight,"Not Suspect of Alcohol Use, Not Suspect of Drug Use",Cyclist (non-electric),Cross/Enter at Intersection,Failure to Yield Right-Of-Way,Intersection Other,Yes,Possible Minor Injury,None,39.18405253,-77.18204946,2025,3,16
250013710,03/29/2025 02:03:00 PM,GEORGIA AVE,Pedestrian,Cloudy,Dry,Daylight,"Not Suspect of Alcohol Use, Not Suspect of Drug Use",Pedestrian,Cross/Enter Not at Intersection,Other,Travel Lane Other Location,No,Possible Minor Injury,Unknown,39.05289162,-77.05079097,2025,3,14
250013641,03/28/2025 09:52:00 PM,NA,Pedestrian,Clear,NA,Medium,"Unknown, Unknown",Pedestrian,Other,None (No Improper Action),Other,No,Possible Minor Injury,None,39.0075184,-76.98555407,2025,3,21
250013364,03/28/2025 09:20:00 PM,FREDERICK RD,Pedestrian,Clear,Dry,Medium,"Not Suspect of Alcohol Use, Not Suspect of Drug Use",Pedestrian,Cross/Enter at Intersection,None (No Improper Action),Intersection Marked Crosswalk,No,Possible Minor Injury,None,39.1484906,-77.20697516,2025,3,21
250013618,03/28/2025 06:28:00 PM,NA,Pedestrian,Rain,Wet,Daylight,"Not Suspect of Alcohol Use, Not Suspect of Drug Use",Pedestrian,Cross/Enter at Intersection,None (No Improper Action),Intersection Marked Crosswalk,No,Possible Minor Injury,None,38.99445827,-77.05319378,2025,3,18
250013618,03/28/2025 06:28:00 PM,NA,Pedestrian,Rain,Wet,Daylight,"Not Suspect of Alcohol Use, Not Suspect of Drug Use",Pedestrian,Cross/Enter at Intersection,None (No Improper Action),Intersection Marked Crosswalk,No,Possible Minor Injury,None,38.99445827,-77.05319378,2025,3,18
250013602,03/28/2025 05:17:00 PM,WHEATON PLZ RING RD CUT,Wheelchair (electric),Cloudy,Dry,Daylight,"Unknown, Unknown",Wheelchair (electric),Cross/Enter at Intersection,None (No Improper Action),Intersection Marked Crosswalk,No,Possible Minor Injury,None,39.03663297,-77.05179798,2025,3,17
250013463,03/27/2025 08:35:00 PM,ASPEN HILL RD,Pedestrian,Clear,Dry,Medium,"Unknown, Unknown",Pedestrian,Cross/Enter at Intersection,None (No Improper Action),Intersection Marked Crosswalk,No,Possible Minor Injury,None,39.08053131,-77.0755094,2025,3,20
250013447,03/27/2025 06:37:00 PM,HALPINE RD (EB/L),Pedestrian,Clear,Dry,Daylight,"Unknown, Unknown",Pedestrian,Cross/Enter at Intersection,None (No Improper Action),Intersection Marked Crosswalk,No,Possible Minor Injury,None,39.06129209,-77.12499069,2025,3,18
250013332,03/27/2025 06:30:00 AM,CRABBS BRANCH WAY,Pedestrian,Clear,Dry,Medium,"Unknown, Unknown",Pedestrian,Cross/Enter at Intersection,None (No Improper Action),Intersection Marked Crosswalk,No,Possible Minor Injury,None,39.12869752,-77.16755539,2025,3,6
250013081,03/25/2025 05:09:00 PM,SPECTRUM BLVD SB/L,Pedestrian,Clear,Dry,Daylight,"Not Suspect of Alcohol Use, Not Suspect of Drug Use",Pedestrian,Cross/Enter at Intersection,None (No Improper Action),Intersection Marked Crosswalk,No,No Apparent Injury,None,39.15813055,-77.22193192,2025,3,17
250013061,03/25/2025 03:50:00 PM,CENTER CT (EB/L),Scooter (electric),Clear,Dry,Daylight,"Not Suspect of Alcohol Use, Not Suspect of Drug Use",Scooter (electric),Cross/Enter at Intersection,None (No Improper Action),Intersection Unmarked Crosswalk,No,Possible Minor Injury,None,39.16790222,-77.2051496,2025,3,15
250012892,03/24/2025 04:43:00 PM,NA,Pedestrian,Clear,NA,Daylight,"Not Suspect of Alcohol Use, Not Suspect of Drug Use",Pedestrian,Other,None (No Improper Action),Other,No,Possible Minor Injury,None,39.15615461,-77.21381064,2025,3,16
250012815,03/24/2025 11:22:00 AM,TRAVILAH RD,Pedestrian,Rain,Wet,Daylight,"Not Suspect of Alcohol Use, Not Suspect of Drug Use",Pedestrian,Cross/Enter at Intersection,None (No Improper Action),Intersection Marked Crosswalk,No,Possible Minor Injury,None,39.08299151,-77.23209954,2025,3,11
250012580,03/22/2025 01:39:00 PM,PENFOLD CT,"Pedestrian, Wheelchair (non-electric)",Cloudy,Dry,Daylight,"Not Suspect of Alcohol Use, Not Suspect of Drug Use",Wheelchair (non-electric),Walking/Cycling Along Roadway With Traffic (In or Adjacent to Travel Lane),None (No Improper Action),Travel Lane Other Location,No,Possible Minor Injury,None,39.05540906,-77.20670766,2025,3,13
250012580,03/22/2025 01:39:00 PM,PENFOLD CT,"Pedestrian, Wheelchair (non-electric)",Cloudy,Dry,Daylight,"Not Suspect of Alcohol Use, Not Suspect of Drug Use",Pedestrian,Walking/Cycling Along Roadway Against Traffic (In or Adjacent to Travel Lane),None (No Improper Action),Travel Lane Other Location,No,No Apparent Injury,None,39.05540906,-77.20670766,2025,3,13
250012800,03/21/2025 04:28:00 PM,NA,Cyclist (non-electric),Clear,Dry,Daylight,"Unknown, Unknown",Cyclist (non-electric),Unknown,Unknown,Intersection Marked Crosswalk,No,Possible Minor Injury,Helmet,38.99317802,-77.06341918,2025,3,16
250012450,03/21/2025 03:58:00 PM,CABIN JOHN PKWY,Scooter (electric),Clear,Dry,Daylight,"Not Suspect of Alcohol Use, Not Suspect of Drug Use",Scooter (electric),Cross/Enter at Intersection,Dart/Dash,Intersection Unmarked Crosswalk,No,Possible Minor Injury,None,39.07466819,-77.15089361,2025,3,15
250012450,03/21/2025 03:58:00 PM,CABIN JOHN PKWY,Scooter (electric),Clear,Dry,Daylight,"Not Suspect of Alcohol Use, Not Suspect of Drug Use",Scooter (electric),Cross/Enter at Intersection,Dart/Dash,Intersection Unmarked Crosswalk,Yes,Possible Minor Injury,None,39.07466819,-77.15089361,2025,3,15
250012382,03/21/2025 09:37:00 AM,W DIAMOND AVE,Pedestrian,Clear,Dry,Daylight,"Not Suspect of Alcohol Use, Not Suspect of Drug Use",Pedestrian,Cross/Enter Not at Intersection,"Failure to Obey Traffic Signs, Signals, or Officer, Inattentive (Talking, Eating, etc.)",Travel Lane Other Location,Yes,Possible Minor Injury,None,39.1408595,-77.19580067,2025,3,9
250012336,03/20/2025 10:27:00 PM,SILVER SPRING AVE,Scooter (electric),Clear,Wet,Medium,"Not Suspect of Alcohol Use, Not Suspect of Drug Use",Scooter (electric),Cross/Enter at Intersection,"Failure to Obey Traffic Signs, Signals, or Officer",Intersection Unmarked Crosswalk,No,Possible Minor Injury,None,38.99155184,-77.02674788,2025,3,22
250012172,03/20/2025 07:31:00 AM,WINNETT RD,Pedestrian,Clear,Dry,Daylight,"Not Suspect of Alcohol Use, Not Suspect of Drug Use",Pedestrian,Cross/Enter at Intersection,None (No Improper Action),Intersection Unmarked Crosswalk,No,Possible Minor Injury,None,38.98053967,-77.06313583,2025,3,7
250012127,03/19/2025 07:28:00 PM,CROFTON HILL LA,Pedestrian,Clear,Dry,Medium,"Not Suspect of Alcohol Use, Not Suspect of Drug Use",Pedestrian,Walking/Cycling Along Roadway With Traffic (In or Adjacent to Travel Lane),Wrong-Way Riding or Walking,Shared Use Path or Trail,No,Possible Minor Injury,None,39.08976327,-77.18060861,2025,3,19
250012120,03/19/2025 06:36:00 PM,TWINBROOK PKWY,Scooter (electric),Clear,Dry,Daylight,"Not Suspect of Alcohol Use, Not Suspect of Drug Use",Scooter (electric),None,"None (No Improper Action), Unknown",Travel Lane Other Location,No,Suspected Serious Injury,None,39.06827067,-77.11413267,2025,3,18
250012120,03/19/2025 06:36:00 PM,TWINBROOK PKWY,Scooter (electric),Clear,Dry,Daylight,"Not Suspect of Alcohol Use, Not Suspect of Drug Use",Scooter (electric),Other,"None (No Improper Action), Unknown",Travel Lane Other Location,Yes,No Apparent Injury,None,39.06827067,-77.11413267,2025,3,18
250012047,03/19/2025 02:20:00 PM,COLESVILLE RD,Pedestrian,Clear,Dry,Daylight,"Unknown, Unknown",Pedestrian,Cross/Enter at Intersection,Unknown,Unknown,No,Possible Minor Injury,None,38.99420706,-77.03103005,2025,3,14
250012025,03/19/2025 12:55:00 PM,WOODGLEN DR (NB/L),Pedestrian,Clear,Dry,Daylight,"Not Suspect of Alcohol Use, Not Suspect of Drug Use",Pedestrian,Cross/Enter at Intersection,None (No Improper Action),Intersection Marked Crosswalk,No,Possible Minor Injury,None,39.04194967,-77.11322117,2025,3,12
250011825,03/18/2025 11:30:00 AM,NA,Pedestrian,Clear,Dry,Daylight,"Not Suspect of Alcohol Use, Not Suspect of Drug Use",Pedestrian,Cross/Enter at Intersection,Unknown,Intersection Marked Crosswalk,No,Suspected Serious Injury,None,39.07497378,-77.134219,2025,3,11
250011815,03/18/2025 10:45:00 AM,BEACH DR,Cyclist (non-electric),Cloudy,Dry,Daylight,"Not Suspect of Alcohol Use, Not Suspect of Drug Use",Cyclist (non-electric),Walking/Cycling Along Roadway With Traffic (In or Adjacent to Travel Lane),None (No Improper Action),Shoulder/Roadside,No,Possible Minor Injury,Helmet,39.01949057,-77.0976496,2025,3,10
250011687,03/17/2025 03:44:00 PM,GERMANTOWN RD (SB/L),Scooter (electric),Clear,Dry,Daylight,"Not Suspect of Alcohol Use, Not Suspect of Drug Use",Scooter (electric),Cross/Enter at Intersection,"Failure to Obey Traffic Signs, Signals, or Officer, Failure to Yield Right-Of-Way",Intersection Marked Crosswalk,Yes,Possible Minor Injury,None,39.16716675,-77.28062683,2025,3,15
250011627,03/17/2025 10:45:00 AM,FARRAGUT AVE,Pedestrian,Clear,Dry,Daylight,"Not Suspect of Alcohol Use, Not Suspect of Drug Use",Pedestrian,Cross/Enter at Intersection,Other,Intersection Unmarked Crosswalk,No,Possible Minor Injury,None,39.03184022,-77.07236932,2025,3,10
250011609,03/17/2025 09:36:00 AM,OBSERVATION DR (SB/L),Pedestrian,Cloudy,Dry,Daylight,"Not Suspect of Alcohol Use, Not Suspect of Drug Use",Pedestrian,Cross/Enter at Intersection,None (No Improper Action),Intersection Marked Crosswalk,No,Possible Minor Injury,None,39.20382167,-77.25976667,2025,3,9
250011265,03/14/2025 04:29:00 PM,UNIVERSITY BLVD W,Cyclist (Electric),Clear,Dry,Daylight,"Not Suspect of Alcohol Use, Not Suspect of Drug Use",Cyclist (Electric),Walking/Cycling Along Roadway With Traffic (In or Adjacent to Travel Lane),None (No Improper Action),Other,No,No Apparent Injury,None,39.04138277,-77.04892881,2025,3,16
250011109,03/13/2025 05:45:00 PM,NA,Cyclist (non-electric),Clear,NA,Daylight,"Not Suspect of Alcohol Use, Not Suspect of Drug Use",Cyclist (non-electric),Walking/Cycling on Sidewalk,None (No Improper Action),Sidewalk,No,Possible Minor Injury,Helmet,39.19897572,-77.13290312,2025,3,17
250011113,03/13/2025 05:15:00 PM,NA,Cyclist (non-electric),Clear,Dry,Daylight,"Not Suspect of Alcohol Use, Not Suspect of Drug Use",Cyclist (non-electric),Unknown,Unknown,Intersection Marked Crosswalk,Yes,No Apparent Injury,None,39.0533756,-77.10580968,2025,3,17
250011096,03/13/2025 04:51:00 PM,NA,Cyclist (Electric),Clear,Dry,Daylight,"Not Suspect of Alcohol Use, Not Suspect of Drug Use",Cyclist (Electric),Walking/Cycling Along Roadway With Traffic (In or Adjacent to Travel Lane),Improper Passing,Shoulder/Roadside,Yes,Suspected Serious Injury,Helmet,39.14289533,-77.13973867,2025,3,16
250010989,03/13/2025 07:50:00 AM,FEATHERWOOD ST,Pedestrian,Clear,Dry,Daylight,"Not Suspect of Alcohol Use, Not Suspect of Drug Use",Pedestrian,Getting Off/On Vehicle,None (No Improper Action),Travel Lane Other Location,No,Possible Minor Injury,"Lighting, Reflective Wear (backpack, triangles, etc.)",39.05773683,-76.9712545,2025,3,7
250010863,03/12/2025 02:41:00 PM,QUINCE ORCHARD RD,Pedestrian,Clear,Dry,Daylight,"Not Suspect of Alcohol Use, Not Suspect of Drug Use",Pedestrian,Cross/Enter at Intersection,None (No Improper Action),Intersection Marked Crosswalk,No,Suspected Serious Injury,None,39.11882921,-77.25173402,2025,3,14
250010737,03/11/2025 08:40:00 PM,W DIAMOND AVE (WB/L),Scooter (electric),Clear,Dry,Medium,"Not Suspect of Alcohol Use, Not Suspect of Drug Use",Scooter (electric),Cross/Enter at Intersection,None (No Improper Action),Intersection Marked Crosswalk,No,Possible Minor Injury,None,39.14022667,-77.20504017,2025,3,20
250010594,03/10/2025 04:00:00 PM,NA,Pedestrian,Clear,NA,Daylight,"Unknown, Unknown",Pedestrian,Other,None (No Improper Action),Other,No,Possible Minor Injury,None,39.10181354,-77.07564686,2025,3,16
250010491,03/10/2025 02:41:00 PM,MILBERN DR,Pedestrian,Clear,Dry,Daylight,"Not Suspect of Alcohol Use, Not Suspect of Drug Use",Pedestrian,Cross/Enter at Intersection,Unknown,Intersection Marked Crosswalk,No,Suspected Serious Injury,None,39.05090721,-77.1772632,2025,3,14
250010495,03/10/2025 02:00:00 PM,NA,Pedestrian,Clear,NA,Daylight,"Not Suspect of Alcohol Use, Not Suspect of Drug Use",Pedestrian,None,None (No Improper Action),Other,No,Possible Minor Injury,None,39.15658209,-77.21402032,2025,3,14
250010370,03/09/2025 07:00:00 PM,GEORGIA AVE,Cyclist (Electric),Clear,Dry,Daylight,"Not Suspect of Alcohol Use, Not Suspect of Drug Use",Cyclist (Electric),Cross/Enter at Intersection,"Dart/Dash, Failure to Obey Traffic Signs, Signals, or Officer, Failure to Yield Right-Of-Way, In Roadway Improperly (Standing, Lying, Working, Playing)",Intersection Marked Crosswalk,Yes,Possible Minor Injury,None,38.99460408,-77.02659987,2025,3,19
250010361,03/09/2025 05:44:00 PM,MUDDY BRANCH RD (SB/L),Pedestrian,Clear,Dry,Daylight,"Not Suspect of Alcohol Use, Not Suspect of Drug Use",Pedestrian,Cross/Enter at Intersection,Failure to Yield Right-Of-Way,Intersection Marked Crosswalk,No,Possible Minor Injury,None,39.13482583,-77.20588133,2025,3,17
250010250,03/08/2025 10:04:00 PM,ODENDHAL AVE (EB/L),Scooter (electric),Clear,Dry,Medium,"Not Suspect of Alcohol Use, Not Suspect of Drug Use",Scooter (electric),Walking/Cycling Along Roadway With Traffic (In or Adjacent to Travel Lane),Unknown,OnStreet Bike Lanes,No,Suspected Serious Injury,None,39.15232397,-77.19420322,2025,3,22
250010121,03/08/2025 01:31:00 AM,GLENALLAN AVE,Pedestrian,Clear,Dry,Dark,"Unknown, Unknown",Pedestrian,Unknown,Unknown,Unknown,No,Suspected Serious Injury,None,39.0640318,-77.0526093,2025,3,1
250009927,03/06/2025 07:48:00 PM,NA,Pedestrian,Clear,Dry,Medium,"Not Suspect of Alcohol Use, Not Suspect of Drug Use",Pedestrian,Cross/Enter Not at Intersection,"Not Visible (Dark Clothing, No Lighting, etc.)",Travel Lane Other Location,No,Possible Minor Injury,None,39.02248539,-77.1026802,2025,3,19
250009746,03/05/2025 08:46:00 PM,GEORGIA AVE,Pedestrian,Rain,Wet,Medium,"Not Suspect of Alcohol Use, Not Suspect of Drug Use",Pedestrian,Unknown,Unknown,Intersection Marked Crosswalk,No,Possible Minor Injury,None,39.03872667,-77.0508055,2025,3,20
250009725,03/05/2025 05:00:00 PM,BROAD GREEN DR,Pedestrian,Clear,Wet,Daylight,"Unknown, Unknown",Pedestrian,Standing,None (No Improper Action),Shoulder/Roadside,No,Possible Minor Injury,None,39.04479165,-77.19693856,2025,3,17
250009625,03/05/2025 09:45:00 AM,NA,Pedestrian,Clear,NA,Daylight,"Not Suspect of Alcohol Use, Not Suspect of Drug Use",Pedestrian,Cross/Enter Not at Intersection,Unknown,Other,No,Possible Minor Injury,None,39.15842918,-77.20562344,2025,3,9
250009423,03/04/2025 06:03:00 AM,TOWNE RD,Cyclist (non-electric),Clear,Dry,Medium,"Not Suspect of Alcohol Use, Not Suspect of Drug Use",Cyclist (non-electric),Cross/Enter at Intersection,None (No Improper Action),OnStreet Bike Lanes,No,Possible Minor Injury,Unknown,39.05166076,-77.11890721,2025,3,6
250009192,03/02/2025 01:31:00 PM,NA,Pedestrian,Clear,NA,Daylight,"Not Suspect of Alcohol Use, Not Suspect of Drug Use",Pedestrian,Walking/Cycling on Sidewalk,None (No Improper Action),NonTrafficway Area,No,Suspected Serious Injury,None,39.04555631,-77.11349117,2025,3,13
250009155,03/02/2025 08:08:00 AM,PRICE AVE,Pedestrian,Clear,Dry,Daylight,"Not Suspect of Alcohol Use, Not Suspect of Drug Use",Pedestrian,Cross/Enter at Intersection,Unknown,Intersection Marked Crosswalk,No,Possible Minor Injury,None,39.04010214,-77.05093346,2025,3,8
250008918,02/28/2025 03:21:00 PM,CHELTENHAM DR,Pedestrian,Clear,Dry,Daylight,"Not Suspect of Alcohol Use, Not Suspect of Drug Use",Pedestrian,Cross/Enter at Intersection,None (No Improper Action),Intersection Marked Crosswalk,No,No Apparent Injury,None,38.98822528,-77.09600223,2025,2,15
250008918,02/28/2025 03:21:00 PM,CHELTENHAM DR,Pedestrian,Clear,Dry,Daylight,"Not Suspect of Alcohol Use, Not Suspect of Drug Use",Pedestrian,Cross/Enter at Intersection,None (No Improper Action),Intersection Marked Crosswalk,No,Possible Minor Injury,None,38.98822528,-77.09600223,2025,2,15
250008526,02/26/2025 04:00:00 PM,PINEY BRANCH RD,Pedestrian,Clear,Dry,Daylight,"Not Suspect of Alcohol Use, Not Suspect of Drug Use",Pedestrian,Walking/Cycling Along Roadway With Traffic (In or Adjacent to Travel Lane),"In Roadway Improperly (Standing, Lying, Working, Playing)",Intersection Marked Crosswalk,Yes,Possible Minor Injury,None,38.99386783,-77.00903617,2025,2,16
250008490,02/26/2025 12:45:00 PM,RANDOLPH RD,Pedestrian,Clear,Dry,Daylight,"Not Suspect of Alcohol Use, Not Suspect of Drug Use",Pedestrian,Cross/Enter at Intersection,Unknown,Intersection Marked Crosswalk,No,Suspected Serious Injury,None,39.06592609,-77.03436935,2025,2,12
250008389,02/25/2025 05:33:00 PM,NA,Cyclist (non-electric),Clear,Dry,Daylight,"Not Suspect of Alcohol Use, Not Suspect of Drug Use",Cyclist (non-electric),Walking/Cycling Along Roadway With Traffic (In or Adjacent to Travel Lane),Improper Passing,Travel Lane Other Location,No,Possible Minor Injury,"Helmet, Lighting",39.04733369,-77.16171824,2025,2,17
250008357,02/25/2025 03:22:00 PM,CRYSTAL ROCK DR (SB/L),Cyclist (non-electric),Clear,Dry,Daylight,"Not Suspect of Alcohol Use, Not Suspect of Drug Use",Cyclist (non-electric),Standing,None (No Improper Action),Travel Lane Other Location,No,No Apparent Injury,Helmet,39.18279567,-77.26388183,2025,2,15
250007914,02/22/2025 08:20:00 PM,COLESVILLE RD,Pedestrian,Clear,Dry,Medium,"Not Suspect of Alcohol Use, Not Suspect of Drug Use, Not Suspect of Alcohol Use, Not Suspect of Drug Use",Pedestrian,Unknown,"Disabled Vehicle-Related (Working on, Pushing, Leaving/Approaching)",Other,No,Suspected Serious Injury,None,39.00210861,-77.02474023,2025,2,20
250007868,02/22/2025 11:00:00 AM,NA,Pedestrian,Clear,NA,Daylight,"Not Suspect of Alcohol Use, Not Suspect of Drug Use",Pedestrian,Walking/Cycling on Sidewalk,None (No Improper Action),Sidewalk,No,Possible Minor Injury,None,39.05474634,-77.10687152,2025,2,11
250007826,02/22/2025 07:56:00 AM,NICHOLSON LA,Pedestrian,Clear,Dry,Daylight,"Not Suspect of Alcohol Use, Not Suspect of Drug Use",Pedestrian,Cross/Enter at Intersection,None (No Improper Action),Intersection Marked Crosswalk,No,Possible Minor Injury,None,39.04492867,-77.10726383,2025,2,7
250007792,02/21/2025 11:20:00 PM,WIGHTMAN RD,Pedestrian,Clear,Dry,Medium,"Not Suspect of Alcohol Use, Not Suspect of Drug Use",Pedestrian,Unknown,Unknown,Intersection Marked Crosswalk,No,Possible Minor Injury,None,39.1877521,-77.1868527,2025,2,23
250007765,02/21/2025 07:03:00 PM,VEIRS MILL RD (WB/L),Pedestrian,Clear,Dry,Medium,"Not Suspect of Alcohol Use, Not Suspect of Drug Use",Pedestrian,Cross/Enter Not at Intersection,Unknown,Other,No,Possible Minor Injury,None,39.05758155,-77.084915,2025,2,19
250007657,02/21/2025 09:31:00 AM,MILLS AVE,Pedestrian,Clear,Dry,Daylight,"Not Suspect of Alcohol Use, Not Suspect of Drug Use",Pedestrian,Other,Unknown,Other,No,Possible Minor Injury,None,39.08109727,-77.01465716,2025,2,9
250007606,02/20/2025 07:08:00 PM,OLD GEORGETOWN RD (SB/L),Cyclist (non-electric),Clear,Dry,Medium,"Not Suspect of Alcohol Use, Not Suspect of Drug Use",Cyclist (non-electric),Cross/Enter at Intersection,"Failure to Obey Traffic Signs, Signals, or Officer, Failure to Yield Right-Of-Way, Not Visible (Dark Clothing, No Lighting, etc.)",Midblock Marked Crosswalk,No,Possible Minor Injury,Helmet,39.034674,-77.12504217,2025,2,19
250007460,02/19/2025 07:30:00 PM,RITCHIE PKWY,Pedestrian,Clear,Dry,Medium,"Unknown, Unknown",Pedestrian,Cross/Enter Not at Intersection,None (No Improper Action),Travel Lane Other Location,No,No Apparent Injury,None,39.076716,-77.14029412,2025,2,19
250007248,02/18/2025 06:28:00 PM,NORTHWEST DR,Pedestrian,Clear,Dry,Daylight,"Not Suspect of Alcohol Use, Not Suspect of Drug Use",Pedestrian,Cross/Enter at Intersection,None (No Improper Action),Intersection Marked Crosswalk,No,Possible Minor Injury,None,39.03660588,-76.99617776,2025,2,18
250007242,02/18/2025 05:30:00 PM,NA,Pedestrian,Clear,NA,Medium,"Not Suspect of Alcohol Use, Not Suspect of Drug Use",Pedestrian,Walking/Cycling Along Roadway Against Traffic (In or Adjacent to Travel Lane),Failure to Yield Right-Of-Way,Other,Yes,Possible Minor Injury,None,39.15260259,-77.19692731,2025,2,17
250007078,02/17/2025 07:54:00 PM,CADDINGTON AVE,Pedestrian,Clear,Dry,Medium,"Not Suspect of Alcohol Use, Not Suspect of Drug Use",Pedestrian,Cross/Enter at Intersection,"Failure to Obey Traffic Signs, Signals, or Officer, Inattentive (Talking, Eating, etc.)",Intersection Marked Crosswalk,Yes,Possible Minor Injury,None,39.03318726,-77.02467951,2025,2,19
250006938,02/16/2025 07:45:00 PM,NA,Pedestrian,Clear,NA,Medium,"Unknown, Unknown",Pedestrian,Other,None (No Improper Action),Other,No,Possible Minor Injury,None,39.05273111,-77.04942055,2025,2,19
250006895,02/16/2025 02:00:00 PM,NA,Cyclist (non-electric),Cloudy,Wet,Daylight,"Not Suspect of Alcohol Use, Not Suspect of Drug Use",Cyclist (non-electric),Other,Other,Shared Lane Markings),Yes,Possible Minor Injury,"Helmet, Protective Pads (elbows, knees, shins, etc.)",39.00333733,-77.06361033,2025,2,14
250006833,02/15/2025 08:10:00 PM,CONNECTICUT AVE,Pedestrian,Rain,Wet,Medium,"Not Suspect of Alcohol Use, Not Suspect of Drug Use",Pedestrian,Cross/Enter at Intersection,Unknown,Intersection Marked Crosswalk,No,Possible Minor Injury,None,39.06309851,-77.07340257,2025,2,20
250006786,02/15/2025 12:46:00 PM,ROCKVILLE PIKE,Pedestrian,Rain,Wet,Daylight,"Not Suspect of Alcohol Use, Not Suspect of Drug Use",Pedestrian,Cross/Enter Not at Intersection,Unknown,Travel Lane Other Location,No,Possible Minor Injury,None,39.05407,-77.11741333,2025,2,12
250006760,02/15/2025 07:26:00 AM,ADELPHI RD (WB/L),Cyclist (non-electric),Clear,Dry,Daylight,"Not Suspect of Alcohol Use, Not Suspect of Drug Use",Cyclist (non-electric),Other,"Failure to Obey Traffic Signs, Signals, or Officer, Failure to Yield Right-Of-Way",Intersection Marked Crosswalk,Yes,Possible Minor Injury,None,39.01137787,-76.97884159,2025,2,7
25000242,02/14/2025 10:44:00 PM,NA,Cyclist (Electric),Clear,Dry,Medium,"Not Suspect of Alcohol Use, Not Suspect of Drug Use",Cyclist (Electric),Cross/Enter at Intersection,"Failure to Obey Traffic Signs, Signals, or Officer",Intersection Marked Crosswalk,Yes,Possible Minor Injury,"Helmet, Reflectors",38.97347046,-77.1011595,2025,2,22
250006729,02/14/2025 08:04:00 PM,CSX TRACK 2 RAIL,Occupant of Motor Vehicle Not in Transport,Clear,Dry,Dark,NA,Occupant of Motor Vehicle Not in Transport,Other,None (No Improper Action),Other,No,No Apparent Injury,Unknown,39.13436665,-77.17591666,2025,2,20
250006719,02/14/2025 06:49:00 PM,KNOWLES AVE,Pedestrian,Clear,Dry,Medium,"Not Suspect of Alcohol Use, Not Suspect of Drug Use",Pedestrian,Cross/Enter Not at Intersection,"Failure to Obey Traffic Signs, Signals, or Officer, In Roadway Improperly (Standing, Lying, Working, Playing)",Travel Lane Other Location,Yes,Possible Minor Injury,None,39.0276535,-77.07755733,2025,2,18
250006688,02/14/2025 04:02:00 PM,NA,Pedestrian,Clear,Dry,Daylight,"Not Suspect of Alcohol Use, Not Suspect of Drug Use",Pedestrian,Cross/Enter at Intersection,None (No Improper Action),Median/Crossing Island,No,Possible Minor Injury,None,39.06084098,-77.12584936,2025,2,16
250006558,02/13/2025 05:10:00 PM,NA,Wheelchair (electric),Clear,NA,Daylight,"Not Suspect of Alcohol Use, Not Suspect of Drug Use",Wheelchair (electric),Other,"Not Visible (Dark Clothing, No Lighting, etc.)",Other,No,No Apparent Injury,None,38.99196092,-77.02731784,2025,2,17
250006547,02/13/2025 04:35:00 PM,ODENDHAL AVE,Pedestrian,Clear,Dry,Daylight,"Not Suspect of Alcohol Use, Not Suspect of Drug Use",Pedestrian,Cross/Enter at Intersection,None (No Improper Action),Intersection Marked Crosswalk,No,Possible Minor Injury,None,39.15240563,-77.19610712,2025,2,16
250005972,02/10/2025 08:43:00 AM,LANARK WAY,Pedestrian,Clear,Dry,Daylight,"Unknown, Unknown",Pedestrian,Cross/Enter at Intersection,None (No Improper Action),Intersection Marked Crosswalk,No,Possible Minor Injury,None,39.01862033,-77.01444041,2025,2,8
250005819,02/08/2025 05:48:00 PM,NA,Pedestrian,Rain,Wet,Medium,"Not Suspect of Alcohol Use, Not Suspect of Drug Use",Pedestrian,Cross/Enter at Intersection,Failure to Yield Right-Of-Way,Intersection Marked Crosswalk,No,Possible Minor Injury,None,38.97805646,-77.00619017,2025,2,17
250005726,02/07/2025 11:36:00 PM,GEORGIA AVE (SB/L),Pedestrian,Clear,Dry,Medium,"Unknown, Unknown",Pedestrian,Cross/Enter Not at Intersection,"In Roadway Improperly (Standing, Lying, Working, Playing)",Median/Crossing Island,Yes,Possible Minor Injury,None,38.99256369,-77.02672456,2025,2,23
250005725,02/07/2025 11:24:00 PM,MONTGOMERY VILLAGE AVE (SB/L),Pedestrian,Clear,Dry,Medium,"Not Suspect of Alcohol Use, Not Suspect of Drug Use",Pedestrian,Cross/Enter at Intersection,Unknown,Intersection Marked Crosswalk,No,No Apparent Injury,None,39.17087948,-77.20405238,2025,2,23
250005706,02/07/2025 07:00:00 PM,INSLEY ST,Pedestrian,Clear,Dry,Medium,NA,Pedestrian,Getting Off/On Vehicle,None (No Improper Action),Shoulder/Roadside,No,Possible Minor Injury,None,39.02820357,-77.0540187,2025,2,19
250005619,02/07/2025 12:49:00 PM,DENNIS AVE,Pedestrian,Clear,Dry,Daylight,"Not Suspect of Alcohol Use, Not Suspect of Drug Use",Pedestrian,Cross/Enter at Intersection,None (No Improper Action),Intersection Marked Crosswalk,No,Possible Minor Injury,None,39.02531197,-77.0459823,2025,2,12
250005398,02/05/2025 11:55:00 PM,NA,Pedestrian,Rain,NA,Medium,"Unknown, Unknown",Pedestrian,Unknown,Unknown,Unknown,No,Possible Minor Injury,None,39.00987671,-77.04148949,2025,2,23
250005339,02/05/2025 03:30:00 PM,GROVE ST,Pedestrian,Clear,Dry,Daylight,"Not Suspect of Alcohol Use, Not Suspect of Drug Use",Pedestrian,None,None (No Improper Action),Intersection Marked Crosswalk,No,Possible Minor Injury,None,38.9901908,-77.02193564,2025,2,15
250005375,02/05/2025 03:10:00 PM,BAUER DR,Pedestrian,Clear,Dry,Daylight,"Unknown, Unknown",Pedestrian,Cross/Enter at Intersection,None (No Improper Action),Midblock Marked Crosswalk,No,Possible Minor Injury,None,39.08972404,-77.10537829,2025,2,15
250005154,02/04/2025 04:00:00 PM,NA,Cyclist (non-electric),Clear,Dry,Daylight,"Unknown, Unknown",Cyclist (non-electric),Cross/Enter at Intersection,None (No Improper Action),Intersection Marked Crosswalk,No,Possible Minor Injury,None,39.0714081,-77.13946324,2025,2,16
250005059,02/04/2025 09:23:00 AM,CARRIAGE WALK CIR,Pedestrian,Clear,Dry,Daylight,"Not Suspect of Alcohol Use, Not Suspect of Drug Use",Pedestrian,Other Working,"Inattentive (Talking, Eating, etc.)",Other,Yes,Possible Minor Injury,None,39.16379588,-77.167984,2025,2,9
250004719,02/01/2025 07:05:00 PM,ALLEY,Cyclist (non-electric),Clear,Dry,Medium,"Unknown, Unknown",Cyclist (non-electric),Walking/Cycling on Sidewalk,None (No Improper Action),Driveway Access,No,No Apparent Injury,None,39.04049142,-77.05302011,2025,2,19
250004588,01/31/2025 07:07:00 PM,PLEASANT DR,Pedestrian,Rain,Wet,Medium,"Not Suspect of Alcohol Use, Not Suspect of Drug Use",Pedestrian,Cross/Enter at Intersection,None (No Improper Action),Intersection Marked Crosswalk,Yes,Possible Minor Injury,None,39.11402305,-77.17160423,2025,1,19
250004589,01/31/2025 07:05:00 PM,S FREDERICK RD,Pedestrian,Rain,Wet,Dark,"Not Suspect of Alcohol Use, Not Suspect of Drug Use",Pedestrian,Other,Failure to Yield Right-Of-Way,Travel Lane Other Location,Yes,Suspected Serious Injury,None,39.12888509,-77.18600708,2025,1,19
250004493,01/31/2025 11:26:00 AM,RAMP 3 FR WESTLAKE TERR TO IS 270Y NB,Pedestrian,Rain,Wet,Daylight,"Not Suspect of Alcohol Use, Not Suspect of Drug Use, Not Suspect of Alcohol Use, Not Suspect of Drug Use",Pedestrian,Cross/Enter at Intersection,None (No Improper Action),Intersection Marked Crosswalk,No,Possible Minor Injury,None,39.02652393,-77.14164021,2025,1,11
250004343,01/30/2025 12:30:00 PM,NA,Pedestrian,Clear,NA,Daylight,"Not Suspect of Alcohol Use, Not Suspect of Drug Use",Pedestrian,Cross/Enter at Intersection,Unknown,Intersection Unmarked Crosswalk,No,Suspected Serious Injury,None,39.11540154,-77.20763595,2025,1,12
250004054,01/28/2025 04:25:00 PM,UNIVERSITY BLVD W (WB/L),Pedestrian,Clear,Dry,Daylight,"Not Suspect of Alcohol Use, Not Suspect of Drug Use",Pedestrian,Cross/Enter at Intersection,None (No Improper Action),Intersection Marked Crosswalk,No,Possible Minor Injury,None,39.03403362,-77.07236626,2025,1,16
250003901,01/27/2025 06:00:00 PM,OLD GEORGETOWN RD,Pedestrian,Clear,Dry,Medium,"Not Suspect of Alcohol Use, Not Suspect of Drug Use",Pedestrian,Walking/Cycling on Sidewalk,None (No Improper Action),Sidewalk,No,Possible Minor Injury,None,39.04928745,-77.11504979,2025,1,18
250003865,01/27/2025 03:15:00 PM,MONTROSE RD,Pedestrian,Clear,Dry,Daylight,"Not Suspect of Alcohol Use, Not Suspect of Drug Use",Pedestrian,Cross/Enter Not at Intersection,None (No Improper Action),Midblock Marked Crosswalk,No,Possible Minor Injury,None,39.05302338,-77.13100971,2025,1,15
250003780,01/27/2025 09:17:00 AM,GRANT AVE,Cyclist (non-electric),Clear,Dry,Daylight,"Not Suspect of Alcohol Use, Not Suspect of Drug Use",Cyclist (non-electric),Cross/Enter at Intersection,Failure to Yield Right-Of-Way,Intersection Other,No,Possible Minor Injury,Helmet,38.98154383,-77.00947151,2025,1,9
250003570,01/25/2025 02:32:00 PM,FINEGAN FARM DR,Scooter (electric),Clear,Ice/Frost,Daylight,"Not Suspect of Alcohol Use, Not Suspect of Drug Use",Scooter (electric),Walking/Cycling Along Roadway Against Traffic (In or Adjacent to Travel Lane),Unknown,Travel Lane Other Location,No,Possible Minor Injury,Unknown,39.10148117,-77.32793333,2025,1,14
250003552,01/25/2025 12:08:00 PM,SHERBROOKE WAY,Pedestrian,Clear,Dry,Daylight,"Unknown, Unknown",Pedestrian,Walking/Cycling on Sidewalk,Unknown,Sidewalk,No,Possible Minor Injury,None,39.08219505,-77.18338282,2025,1,12
250003552,01/25/2025 12:08:00 PM,SHERBROOKE WAY,Pedestrian,Clear,Dry,Daylight,"Unknown, Unknown",Pedestrian,Walking/Cycling on Sidewalk,Unknown,Sidewalk,No,Possible Minor Injury,None,39.08219505,-77.18338282,2025,1,12
250003282,01/23/2025 05:45:00 PM,ROCKVILLE PIKE,Pedestrian,Clear,Dry,Medium,"Not Suspect of Alcohol Use, Not Suspect of Drug Use",Pedestrian,Cross/Enter at Intersection,None (No Improper Action),Intersection Marked Crosswalk,No,Possible Minor Injury,None,39.05935745,-77.12167285,2025,1,17
250003116,01/22/2025 06:16:00 PM,S FREDERICK RD,Pedestrian,Clear,Dry,Medium,"Unknown, Unknown",Pedestrian,Cross/Enter at Intersection,None (No Improper Action),Intersection Marked Crosswalk,No,Possible Minor Injury,None,39.13224476,-77.18876463,2025,1,18
250003075,01/22/2025 02:57:00 PM,CONNECTICUT AVE,Pedestrian,Clear,Dry,Daylight,"Not Suspect of Alcohol Use, Not Suspect of Drug Use",Pedestrian,Cross/Enter Not at Intersection,"In Roadway Improperly (Standing, Lying, Working, Playing)",Travel Lane Other Location,No,Possible Minor Injury,None,39.08053011,-77.08035865,2025,1,14
250003039,01/22/2025 12:04:00 PM,GEORGIA AVE,Pedestrian,Clear,Dry,Daylight,"Not Suspect of Alcohol Use, Not Suspect of Drug Use",Pedestrian,Cross/Enter at Intersection,None (No Improper Action),Intersection Marked Crosswalk,No,Possible Minor Injury,None,38.99811483,-77.02993294,2025,1,12
250003034,01/22/2025 10:50:00 AM,SHADY GROVE RD (SB/L),Pedestrian,Clear,Dry,Daylight,"Not Suspect of Alcohol Use, Not Suspect of Drug Use",Pedestrian,Other,Unknown,Unknown,No,Possible Minor Injury,None,39.11474287,-77.18596296,2025,1,10
250002944,01/21/2025 05:00:00 PM,TECH RD,Pedestrian,Clear,Ice/Frost,Medium,"Unknown, Unknown",Pedestrian,Cross/Enter at Intersection,None (No Improper Action),Intersection Marked Crosswalk,No,Possible Minor Injury,None,39.0574562,-76.9680966,2025,1,17
250002703,01/19/2025 09:33:00 PM,FREDERICK RD,Occupant Of a Non-Motor Vehicle Transportation Device,Snow,Slush,Medium,"Not Suspect of Alcohol Use, Not Suspect of Drug Use",Occupant Of a Non-Motor Vehicle Transportation Device,Other Working,None (No Improper Action),Travel Lane Other Location,No,No Apparent Injury,None,39.19783683,-77.24470167,2025,1,21
250002637,01/19/2025 11:16:00 AM,E RANDOLPH RD (WB/L),Pedestrian,Rain,Wet,Daylight,"Not Suspect of Alcohol Use, Not Suspect of Drug Use",Pedestrian,Cross/Enter at Intersection,"Failure to Obey Traffic Signs, Signals, or Officer",Intersection Marked Crosswalk,No,Suspected Serious Injury,None,39.06435178,-76.96927712,2025,1,11
250002569,01/18/2025 06:47:00 PM,NA,Pedestrian,Clear,Dry,Dark,"Not Suspect of Alcohol Use, Not Suspect of Drug Use",Pedestrian,Unknown,Unknown,Travel Lane Other Location,No,Suspected Serious Injury,None,39.18938693,-77.12064713,2025,1,18
250002583,01/18/2025 06:40:00 PM,NA,Pedestrian,Clear,Dry,Medium,"Not Suspect of Alcohol Use, Not Suspect of Drug Use",Pedestrian,Walking/Cycling on Sidewalk,None (No Improper Action),Intersection Marked Crosswalk,No,Possible Minor Injury,None,39.2009622,-77.24558661,2025,1,18
250002561,01/18/2025 06:18:00 PM,CONNECTICUT AVE,Pedestrian,Cloudy,Wet,Dark,"Unknown, Unknown, Unknown, Unknown",Pedestrian,Cross/Enter Not at Intersection,"Failure to Obey Traffic Signs, Signals, or Officer, In Roadway Improperly (Standing, Lying, Working, Playing), Not Visible (Dark Clothing, No Lighting, etc.)",Travel Lane Other Location,Yes,Suspected Serious Injury,None,39.02989244,-77.0757573,2025,1,18
250002561,01/18/2025 06:18:00 PM,CONNECTICUT AVE,Pedestrian,Cloudy,Wet,Dark,"Unknown, Unknown, Unknown, Unknown",Pedestrian,Cross/Enter Not at Intersection,"Failure to Obey Traffic Signs, Signals, or Officer, In Roadway Improperly (Standing, Lying, Working, Playing), Not Visible (Dark Clothing, No Lighting, etc.)",Travel Lane Other Location,Yes,Suspected Serious Injury,None,39.02989244,-77.0757573,2025,1,18
250002513,01/18/2025 12:03:00 AM,KENNEDY DR,Pedestrian,Clear,Dry,Medium,"Not Suspect of Alcohol Use, Not Suspect of Drug Use",Pedestrian,Getting Off/On Vehicle,None (No Improper Action),Other,No,Suspected Serious Injury,None,38.97124387,-77.10298577,2025,1,0
250002219,01/16/2025 06:47:00 PM,HUNGERFORD DR (SB/L),Pedestrian,Snow,Wet,Medium,"Not Suspect of Alcohol Use, Not Suspect of Drug Use",Pedestrian,Cross/Enter Not at Intersection,Other,Travel Lane Other Location,No,Suspected Serious Injury,None,39.09430848,-77.1533965,2025,1,18
250000221,01/16/2025 06:10:00 PM,CHELTENHAM DR,Cyclist (non-electric),Snow,Wet,Dark,"Not Suspect of Alcohol Use, Not Suspect of Drug Use",Cyclist (non-electric),Walking/Cycling Along Roadway Against Traffic (In or Adjacent to Travel Lane),None (No Improper Action),Travel Lane Other Location,No,Possible Minor Injury,Helmet,38.98819517,-77.09462217,2025,1,18
250001836,01/14/2025 01:51:00 PM,COLUMBIA PIKE (SB/L),Pedestrian,Clear,Dry,Daylight,"Not Suspect of Alcohol Use, Not Suspect of Drug Use, Not Suspect of Alcohol Use, Not Suspect of Drug Use",Pedestrian,Standing,None (No Improper Action),Other,No,Suspected Serious Injury,None,39.09591365,-76.93798931,2025,1,13
250001813,01/14/2025 11:45:00 AM,NA,Pedestrian,Clear,NA,Daylight,"Not Suspect of Alcohol Use, Not Suspect of Drug Use",Pedestrian,Cross/Enter Not at Intersection,None (No Improper Action),Other,No,Suspected Serious Injury,None,39.07407909,-77.13741119,2025,1,11
250001527,01/13/2025 01:02:00 PM,NA,Pedestrian,Clear,NA,Daylight,"Not Suspect of Alcohol Use, Not Suspect of Drug Use",Pedestrian,Getting Off/On Vehicle,None (No Improper Action),Other,No,No Apparent Injury,None,39.06057468,-77.04997793,2025,1,13
250001637,01/13/2025 08:45:00 AM,SUTHERLAND RD,Pedestrian,Clear,Dry,Daylight,"Not Suspect of Alcohol Use, Not Suspect of Drug Use",Pedestrian,Cross/Enter at Intersection,None (No Improper Action),Intersection Marked Crosswalk,No,Possible Minor Injury,None,39.02191,-77.01285167,2025,1,8
250001564,01/12/2025 03:40:00 PM,CHRISTOPHER AVE (SB/L),Pedestrian,Clear,Dry,Daylight,"Unknown, Unknown",Pedestrian,Cross/Enter at Intersection,Dart/Dash,Travel Lane Other Location,Yes,Possible Minor Injury,None,39.15636366,-77.21479688,2025,1,15
250001479,01/11/2025 11:19:00 PM,COLESVILLE RD,Cyclist (Electric),Clear,Wet,Medium,"Unknown, Unknown",Cyclist (Electric),Walking/Cycling on Sidewalk,None (No Improper Action),Intersection Marked Crosswalk,No,Possible Minor Injury,None,39.00771995,-77.02000751,2025,1,23
250001193,01/09/2025 08:45:00 PM,UNIVERSITY BLVD E,Pedestrian,Clear,Dry,Medium,"Unknown, Unknown",Pedestrian,Cross/Enter at Intersection,None (No Improper Action),Intersection Marked Crosswalk,No,Possible Minor Injury,None,39.00039511,-76.99567685,2025,1,20
250000880,01/07/2025 07:00:00 PM,ARLINGTON RD,Pedestrian,Clear,Wet,Medium,"Unknown, Unknown",Pedestrian,Cross/Enter at Intersection,None (No Improper Action),Intersection Marked Crosswalk,No,Possible Minor Injury,None,38.97802135,-77.09870974,2025,1,19
250000871,01/07/2025 06:17:00 PM,WHEATON PLZ RING RD CUT,Pedestrian,Snow,Slush,Medium,"Not Suspect of Alcohol Use, Not Suspect of Drug Use",Pedestrian,Cross/Enter Not at Intersection,None (No Improper Action),Travel Lane Other Location,No,Possible Minor Injury,None,39.0374745,-77.05735933,2025,1,18
250000846,01/07/2025 04:12:00 PM,GEORGIA AVE (SB/L),Pedestrian,Cloudy,Snow,Daylight,"Not Suspect of Alcohol Use, Not Suspect of Drug Use",Pedestrian,Cross/Enter at Intersection,None (No Improper Action),Intersection Marked Crosswalk,No,Possible Minor Injury,None,38.99154861,-77.02688084,2025,1,16
250000746,01/06/2025 04:56:00 PM,NEW HAMPSHIRE AVE,Pedestrian,Snow,Ice/Frost,Medium,"Suspect of Alcohol Use, Unknown",Pedestrian,Walking/Cycling on Sidewalk,None (No Improper Action),Sidewalk,No,Suspected Serious Injury,None,39.01547538,-76.97754218,2025,1,16
250000746,01/06/2025 04:56:00 PM,NEW HAMPSHIRE AVE,Pedestrian,Snow,Ice/Frost,Medium,"Suspect of Alcohol Use, Unknown",Pedestrian,Walking/Cycling on Sidewalk,None (No Improper Action),Sidewalk,No,Suspected Serious Injury,None,39.01547538,-76.97754218,2025,1,16
250000746,01/06/2025 04:56:00 PM,NEW HAMPSHIRE AVE,Pedestrian,Snow,Ice/Frost,Medium,"Suspect of Alcohol Use, Unknown",Pedestrian,Walking/Cycling on Sidewalk,None (No Improper Action),Sidewalk,No,Suspected Serious Injury,None,39.01547538,-76.97754218,2025,1,16
250000353,01/03/2025 02:01:00 PM,CLOPPER RD,Pedestrian,Cloudy,Wet,Daylight,"Not Suspect of Alcohol Use, Not Suspect of Drug Use",Pedestrian,Other Working,None (No Improper Action),Other,No,Possible Minor Injury,None,39.15552403,-77.26152346,2025,1,14
250000269,01/02/2025 10:00:00 PM,AMHERST AVE,Pedestrian,Clear,Dry,Medium,"Not Suspect of Alcohol Use, Not Suspect of Drug Use",Pedestrian,Cross/Enter at Intersection,None (No Improper Action),Intersection Marked Crosswalk,No,Possible Minor Injury,None,39.04137042,-77.04820645,2025,1,22
250000158,01/02/2025 10:42:00 AM,NA,Pedestrian,Cloudy,NA,Daylight,"Not Suspect of Alcohol Use, Not Suspect of Drug Use",Pedestrian,Other,None (No Improper Action),Other,No,Possible Minor Injury,None,39.06013417,-77.0479225,2025,1,10
250000147,01/02/2025 09:23:00 AM,SUFFIELD DR,Pedestrian,Clear,Dry,Daylight,"Not Suspect of Alcohol Use, Not Suspect of Drug Use",Pedestrian,Cross/Enter at Intersection,None (No Improper Action),Intersection Marked Crosswalk,No,Possible Minor Injury,None,39.112492,-77.216267,2025,1,9
240062372,12/31/2024 09:24:00 PM,WILLARD AVE,Pedestrian,Clear,Wet,Medium,"Not Suspect of Alcohol Use, Not Suspect of Drug Use",Pedestrian,Cross/Enter Not at Intersection,"Failure to Yield Right-Of-Way, Inattentive (Talking, Eating, etc.), Other",Travel Lane Other Location,Yes,Suspected Serious Injury,None,38.96230079,-77.08983301,2024,12,21
240062364,12/31/2024 06:13:00 PM,E FRANKLIN AVE,Pedestrian,Rain,Wet,Medium,"Not Suspect of Alcohol Use, Not Suspect of Drug Use",Pedestrian,Cross/Enter at Intersection,"Failure to Obey Traffic Signs, Signals, or Officer, In Roadway Improperly (Standing, Lying, Working, Playing), Not Visible (Dark Clothing, No Lighting, etc.)",Intersection Marked Crosswalk,Yes,Suspected Serious Injury,None,39.01210985,-77.00250114,2024,12,18
240062297,12/31/2024 12:00:00 PM,NA,Pedestrian,Clear,NA,Daylight,"Not Suspect of Alcohol Use, Not Suspect of Drug Use",Pedestrian,Cross/Enter at Intersection,None (No Improper Action),Intersection Marked Crosswalk,No,Possible Minor Injury,None,39.09163557,-77.17699993,2024,12,12
240062257,12/31/2024 09:00:00 AM,NA,Pedestrian,Clear,NA,Daylight,"Not Suspect of Alcohol Use, Not Suspect of Drug Use",Pedestrian,Cross/Enter Not at Intersection,None (No Improper Action),NonTrafficway Area,No,Possible Minor Injury,None,38.98000196,-77.09102309,2024,12,9
240062061,12/29/2024 06:33:00 PM,ROCKVILLE PIKE (SB/L),Pedestrian,Rain,Wet,Medium,"Not Suspect of Alcohol Use, Not Suspect of Drug Use",Pedestrian,Cross/Enter at Intersection,Unknown,Shoulder/Roadside,No,No Apparent Injury,None,39.08346707,-77.14700401,2024,12,18
240062031,12/29/2024 02:18:00 PM,CUSTER RD,Scooter (electric),Cloudy,Dry,Daylight,"Not Suspect of Alcohol Use, Not Suspect of Drug Use",Scooter (electric),Walking/Cycling Along Roadway With Traffic (In or Adjacent to Travel Lane),None (No Improper Action),Shoulder/Roadside,No,Possible Minor Injury,Helmet,38.99031617,-77.10772517,2024,12,14
240061856,12/28/2024 08:36:00 AM,NEW HAMPSHIRE AVE,Pedestrian,Rain,Wet,Daylight,"Not Suspect of Alcohol Use, Not Suspect of Drug Use",Pedestrian,Cross/Enter Not at Intersection,"In Roadway Improperly (Standing, Lying, Working, Playing)",Other,Yes,Possible Minor Injury,None,39.03913726,-76.99025917,2024,12,8
240061814,12/27/2024 08:45:00 PM,NEW HAMPSHIRE AVE,Occupant of Motor Vehicle Not in Transport,Clear,Dry,Dark,"Not Suspect of Alcohol Use, Not Suspect of Drug Use",Occupant of Motor Vehicle Not in Transport,Standing,"Disabled Vehicle-Related (Working on, Pushing, Leaving/Approaching)",Shoulder/Roadside,No,Suspected Serious Injury,None,39.168932,-77.016897,2024,12,20
240061786,12/27/2024 05:32:00 PM,S FREDERICK RD,Pedestrian,Clear,Dry,Dark,"Not Suspect of Alcohol Use, Not Suspect of Drug Use",Pedestrian,Other,None (No Improper Action),Other,No,No Apparent Injury,None,39.12806934,-77.18514418,2024,12,17
240061768,12/27/2024 03:22:00 PM,NA,Pedestrian,Clear,NA,Daylight,"Not Suspect of Alcohol Use, Not Suspect of Drug Use",Pedestrian,Other,"Inattentive (Talking, Eating, etc.)",Other,No,Possible Minor Injury,None,39.06467443,-77.12793369,2024,12,15
240061761,12/27/2024 02:27:00 PM,TENBROOK DR,Pedestrian,Clear,Dry,Daylight,"Not Suspect of Alcohol Use, Not Suspect of Drug Use",Pedestrian,Cross/Enter Not at Intersection,Dart/Dash,Other,Yes,Possible Minor Injury,None,39.02843817,-77.027701,2024,12,14
240061729,12/27/2024 11:14:00 AM,E GUDE DR (WB/L),Pedestrian,Clear,Dry,Daylight,"Not Suspect of Alcohol Use, Not Suspect of Drug Use",Pedestrian,Cross/Enter at Intersection,"Dart/Dash, Failure to Obey Traffic Signs, Signals, or Officer",Intersection Marked Crosswalk,Yes,Possible Minor Injury,None,39.09422997,-77.13237145,2024,12,11
240061648,12/26/2024 05:28:00 PM,NA,Pedestrian,Clear,NA,Medium,"Not Suspect of Alcohol Use, Not Suspect of Drug Use",Pedestrian,Cross/Enter at Intersection,None (No Improper Action),Intersection Unmarked Crosswalk,No,Possible Minor Injury,None,39.02383832,-77.14829107,2024,12,17
240061584,12/26/2024 11:13:00 AM,NA,Pedestrian,Cloudy,NA,Daylight,"Not Suspect of Alcohol Use, Not Suspect of Drug Use",Pedestrian,Standing,None (No Improper Action),NonTrafficway Area,No,Fatal Injury,None,39.11294203,-76.93497632,2024,12,11
240061247,12/23/2024 08:07:00 AM,ENGLAND TERR,Pedestrian,Clear,Dry,Daylight,"Not Suspect of Alcohol Use, Not Suspect of Drug Use",Pedestrian,Walking/Cycling on Sidewalk,Unknown,Intersection Unmarked Crosswalk,No,Suspected Serious Injury,None,39.08661159,-77.1474393,2024,12,8
240061770,12/23/2024 05:30:00 AM,ASPEN HILL RD,Pedestrian,Clear,Dry,Medium,"Unknown, Unknown",Pedestrian,Cross/Enter at Intersection,None (No Improper Action),Intersection Marked Crosswalk,No,Possible Minor Injury,None,39.08076112,-77.07507253,2024,12,5
240061215,12/22/2024 08:30:00 PM,NA,Pedestrian,Clear,NA,Medium,"Not Suspect of Alcohol Use, Not Suspect of Drug Use",Pedestrian,Other,None (No Improper Action),NonTrafficway Area,No,No Apparent Injury,None,39.11119007,-76.92773835,2024,12,20
240061190,12/22/2024 05:15:00 PM,CONGRESSIONAL LA,Pedestrian,Clear,Dry,Medium,"Not Suspect of Alcohol Use, Not Suspect of Drug Use",Pedestrian,Cross/Enter at Intersection,None (No Improper Action),Intersection Marked Crosswalk,No,Possible Minor Injury,None,39.06430406,-77.12615551,2024,12,17
240061050,12/21/2024 05:24:00 PM,FULKS CORNER AVE,Cyclist (Electric),Clear,Dry,Medium,"Not Suspect of Alcohol Use, Not Suspect of Drug Use",Cyclist (Electric),Walking/Cycling Along Roadway With Traffic (In or Adjacent to Travel Lane),Failure to Yield Right-Of-Way,Intersection Other,No,Suspected Serious Injury,Helmet,39.13974211,-77.19643174,2024,12,17
240060990,12/21/2024 10:34:00 AM,ROSEMARY HILLS RD,Pedestrian,Clear,Dry,Daylight,"Not Suspect of Alcohol Use, Not Suspect of Drug Use",Pedestrian,Cross/Enter at Intersection,"Dart/Dash, Failure to Obey Traffic Signs, Signals, or Officer",Intersection Marked Crosswalk,Yes,Possible Minor Injury,None,38.99559297,-77.04226835,2024,12,10
240060930,12/20/2024 07:58:00 PM,ATLANTIC AVE,Pedestrian,Clear,Dry,Medium,"Not Suspect of Alcohol Use, Not Suspect of Drug Use",Pedestrian,Cross/Enter at Intersection,"Failure to Obey Traffic Signs, Signals, or Officer, Failure to Yield Right-Of-Way, Inattentive (Talking, Eating, etc.), Not Visible (Dark Clothing, No Lighting, etc.)",Intersection Marked Crosswalk,Yes,Suspected Serious Injury,None,39.07492047,-77.11554609,2024,12,19
240060922,12/20/2024 06:30:00 PM,PINEY BRANCH RD,Pedestrian,Clear,Wet,Medium,"Not Suspect of Alcohol Use, Not Suspect of Drug Use",Pedestrian,Unknown,Unknown,Shared Lane Markings),Yes,Suspected Serious Injury,Unknown,38.99964238,-76.9945149,2024,12,18
240060914,12/20/2024 06:03:00 PM,NA,Pedestrian,Snow,NA,Medium,"Not Suspect of Alcohol Use, Not Suspect of Drug Use",Pedestrian,Cross/Enter at Intersection,Other,Intersection Unmarked Crosswalk,Yes,Possible Minor Injury,None,39.22991607,-77.25051702,2024,12,18
240060907,12/20/2024 05:00:00 PM,ROCKVILLE PIKE (SB/L),Scooter (electric),Clear,Dry,Medium,"Not Suspect of Alcohol Use, Not Suspect of Drug Use",Scooter (electric),Cross/Enter at Intersection,"Not Visible (Dark Clothing, No Lighting, etc.)",Intersection Marked Crosswalk,No,Possible Minor Injury,None,39.057442,-77.12031713,2024,12,17
240060840,12/20/2024 11:38:00 AM,CENTURY BLVD,Pedestrian,Snow,Wet,Daylight,"Unknown, Unknown",Pedestrian,Cross/Enter at Intersection,Unknown,Intersection Unmarked Crosswalk,No,Possible Minor Injury,None,39.18035046,-77.26828517,2024,12,11
240060826,12/20/2024 11:03:00 AM,NA,Pedestrian,Snow,Wet,Daylight,"Not Suspect of Alcohol Use, Not Suspect of Drug Use",Pedestrian,Cross/Enter at Intersection,None (No Improper Action),Intersection Marked Crosswalk,No,Possible Minor Injury,None,39.15209077,-77.06417627,2024,12,11
240060754,12/19/2024 10:20:00 PM,NA,Pedestrian,Clear,Dry,Dark,"Not Suspect of Alcohol Use, Unknown",Pedestrian,Cross/Enter at Intersection,None (No Improper Action),Intersection Other,No,Possible Minor Injury,None,39.05452757,-77.05032035,2024,12,22
240060735,12/19/2024 08:32:00 PM,EISENHOWER MEMORIAL HWY,Pedestrian,Clear,Dry,Medium,"Unknown, Unknown",Pedestrian,Cross/Enter Not at Intersection,Unknown,Other,No,Possible Minor Injury,None,39.14051552,-77.21259119,2024,12,20
240060706,12/19/2024 06:08:00 PM,FREDERICK RD,Pedestrian,Clear,Dry,Medium,NA,Pedestrian,Cross/Enter at Intersection,None (No Improper Action),Intersection Marked Crosswalk,No,Possible Minor Injury,None,39.17549401,-77.23799998,2024,12,18
240060701,12/19/2024 05:53:00 PM,N HORNERS LA,Pedestrian,Clear,Dry,Medium,"Not Suspect of Alcohol Use, Not Suspect of Drug Use",Pedestrian,Cross/Enter Not at Intersection,Dart/Dash,Shoulder/Roadside,No,Possible Minor Injury,None,39.0930761,-77.14371127,2024,12,17
240060611,12/19/2024 10:00:00 AM,NA,Pedestrian,Clear,Dry,Daylight,"Unknown, Unknown",Pedestrian,Cross/Enter at Intersection,None (No Improper Action),Intersection Marked Crosswalk,No,Possible Minor Injury,None,39.14985734,-77.20905439,2024,12,10
240060532,12/18/2024 07:06:00 PM,KENDALL ST,Pedestrian,Rain,Wet,Medium,"Not Suspect of Alcohol Use, Not Suspect of Drug Use",Pedestrian,Cross/Enter at Intersection,None (No Improper Action),Intersection Marked Crosswalk,No,Possible Minor Injury,None,39.05740066,-77.06072598,2024,12,19
240060530,12/18/2024 06:57:00 PM,INDIANOLA DR,Pedestrian,Rain,Wet,Medium,"Not Suspect of Alcohol Use, Not Suspect of Drug Use",Pedestrian,Unknown,Unknown,Shoulder/Roadside,No,Possible Minor Injury,None,39.11466397,-77.1559358,2024,12,18
240060423,12/18/2024 10:30:00 AM,GIRARD ST,Pedestrian,Clear,Dry,Daylight,"Not Suspect of Alcohol Use, Not Suspect of Drug Use",Pedestrian,Cross/Enter at Intersection,None (No Improper Action),Intersection Marked Crosswalk,No,Possible Minor Injury,None,39.15078833,-77.19261333,2024,12,10
240060396,12/18/2024 07:46:00 AM,APPLE RIDGE RD,Pedestrian,Clear,Dry,Daylight,"Not Suspect of Alcohol Use, Not Suspect of Drug Use",Pedestrian,Cross/Enter Not at Intersection,Dart/Dash,Travel Lane Other Location,Yes,Possible Minor Injury,None,39.18508767,-77.209145,2024,12,7
240060393,12/18/2024 07:18:00 AM,DIAMOND DR,Pedestrian,Clear,Dry,Medium,"Not Suspect of Alcohol Use, Not Suspect of Drug Use",Pedestrian,Cross/Enter at Intersection,None (No Improper Action),Intersection Marked Crosswalk,No,Possible Minor Injury,None,39.13496558,-77.22976059,2024,12,7
240060327,12/17/2024 06:30:00 PM,NA,Pedestrian,Clear,Dry,Medium,"Not Suspect of Alcohol Use, Not Suspect of Drug Use",Pedestrian,Cross/Enter at Intersection,None (No Improper Action),Intersection Marked Crosswalk,No,Possible Minor Injury,None,39.02913754,-77.10800326,2024,12,18
240060111,12/16/2024 05:19:00 PM,MANNAKEE ST,Pedestrian,Rain,Wet,Medium,"Not Suspect of Alcohol Use, Not Suspect of Drug Use",Pedestrian,Unknown,"Not Visible (Dark Clothing, No Lighting, etc.)",Intersection Marked Crosswalk,No,Possible Minor Injury,None,39.0890798,-77.1666223,2024,12,17
240060109,12/16/2024 05:04:00 PM,FINDLEY RD,Pedestrian,Clear,Wet,Medium,"Not Suspect of Alcohol Use, Not Suspect of Drug Use",Pedestrian,None,None (No Improper Action),Intersection Other,No,Possible Minor Injury,None,39.03608348,-77.06106521,2024,12,17
240059888,12/16/2024 07:06:00 AM,FENTON ST,Pedestrian,Rain,Wet,Daylight,"Unknown, Unknown",Pedestrian,None,None (No Improper Action),Other,No,Possible Minor Injury,None,38.99277502,-77.02409101,2024,12,7
240060012,12/16/2024 06:40:00 AM,DAYTON ST,Pedestrian,Clear,NA,Dark,"Not Suspect of Alcohol Use, Not Suspect of Drug Use",Pedestrian,Other,None (No Improper Action),Shoulder/Roadside,No,Possible Minor Injury,None,39.03192394,-77.04424162,2024,12,6
240059984,12/15/2024 09:15:00 PM,PINEY BRANCH RD,Pedestrian,Rain,Wet,Medium,"Not Suspect of Alcohol Use, Not Suspect of Drug Use",Pedestrian,Cross/Enter at Intersection,"Failure to Obey Traffic Signs, Signals, or Officer",Intersection Marked Crosswalk,No,Possible Minor Injury,None,38.99835348,-77.00232227,2024,12,21
240059940,12/15/2024 04:11:00 PM,CENTERWAY RD,Pedestrian,Rain,Wet,Daylight,"Not Suspect of Alcohol Use, Not Suspect of Drug Use",Pedestrian,Cross/Enter at Intersection,None (No Improper Action),Intersection Marked Crosswalk,No,Possible Minor Injury,None,39.17265245,-77.2059214,2024,12,16
240059857,12/14/2024 10:41:00 PM,GERMANTOWN RD (SB/L),Pedestrian,Clear,Dry,Medium,"Not Suspect of Alcohol Use, Not Suspect of Drug Use",Pedestrian,Other,Failure to Yield Right-Of-Way,Other,No,Possible Minor Injury,None,39.18033303,-77.26419282,2024,12,22
240059802,12/14/2024 03:32:00 PM,FLOWER AVE,Scooter (electric),Clear,Dry,Daylight,"Unknown, Unknown",Scooter (electric),Cross/Enter at Intersection,None (No Improper Action),Intersection Other,No,Possible Minor Injury,Other,38.99914495,-77.003838150000007,2024,12,15
240059767,12/14/2024 10:20:00 AM,COLESVILLE RD,Pedestrian,Clear,Dry,Daylight,"Not Suspect of Alcohol Use, Not Suspect of Drug Use",Pedestrian,Cross/Enter at Intersection,None (No Improper Action),Intersection Marked Crosswalk,No,Possible Minor Injury,None,38.99596183,-77.02825132,2024,12,10
240059703,12/13/2024 06:00:00 PM,MASSACHUSETTS AVE,Pedestrian,Clear,Dry,Medium,"Not Suspect of Alcohol Use, Not Suspect of Drug Use",Pedestrian,Cross/Enter at Intersection,None (No Improper Action),Intersection Marked Crosswalk,No,Possible Minor Injury,None,38.96100188,-77.11618646,2024,12,18
240059477,12/12/2024 04:50:00 PM,LOST KNIFE RD (NB/L),Cyclist (non-electric),Clear,Dry,Medium,"Not Suspect of Alcohol Use, Not Suspect of Drug Use",Cyclist (non-electric),Cross/Enter at Intersection,None (No Improper Action),Intersection Marked Crosswalk,No,Possible Minor Injury,None,39.1572178,-77.20324396,2024,12,16
240059371,12/12/2024 08:39:00 AM,DARNESTOWN RD (WB/L),Cyclist (non-electric),Clear,Dry,Daylight,"Not Suspect of Alcohol Use, Not Suspect of Drug Use",Cyclist (non-electric),Walking/Cycling Along Roadway With Traffic (In or Adjacent to Travel Lane),None (No Improper Action),Travel Lane Other Location,No,Possible Minor Injury,"Helmet, Lighting, Reflectors",39.11810833,-77.25991333,2024,12,8
240059313,12/11/2024 06:42:00 PM,NA,Pedestrian,Clear,NA,Medium,"Unknown, Unknown",Pedestrian,Other,Other,Driveway Access,No,Possible Minor Injury,None,39.04986326,-77.11787598,2024,12,18
240059409,12/11/2024 06:15:00 PM,RYLAND DR,Cyclist (non-electric),Clear,Dry,Dark,"Not Suspect of Alcohol Use, Not Suspect of Drug Use",Cyclist (non-electric),Cross/Enter at Intersection,Unknown,Intersection Marked Crosswalk,No,No Apparent Injury,Helmet,39.01313635,-77.11712976,2024,12,18
240059266,12/11/2024 03:52:00 PM,DOMER AVE,Pedestrian,Rain,Wet,Daylight,"Not Suspect of Alcohol Use, Not Suspect of Drug Use",Pedestrian,Cross/Enter at Intersection,None (No Improper Action),Intersection Marked Crosswalk,No,Possible Minor Injury,None,38.99688195,-76.99868277,2024,12,15
240059219,12/11/2024 12:40:00 PM,OLD GEORGETOWN RD,Pedestrian,Rain,Wet,Daylight,"Not Suspect of Alcohol Use, Not Suspect of Drug Use",Pedestrian,Cross/Enter at Intersection,None (No Improper Action),Intersection Marked Crosswalk,No,Possible Minor Injury,None,38.98884118,-77.10101639,2024,12,12
240058911,12/09/2024 06:00:00 PM,BONIFANT RD,Pedestrian,Clear,Wet,Medium,"Not Suspect of Alcohol Use, Not Suspect of Drug Use",Pedestrian,Cross/Enter Not at Intersection,"In Roadway Improperly (Standing, Lying, Working, Playing)",Travel Lane Other Location,Yes,Possible Minor Injury,None,39.09092059,-77.0437445,2024,12,18
240058721,12/08/2024 06:10:00 PM,RIDGE RD,Pedestrian,Clear,Dry,Medium,"Not Suspect of Alcohol Use, Not Suspect of Drug Use",Pedestrian,Cross/Enter at Intersection,None (No Improper Action),Midblock Marked Crosswalk,No,Possible Minor Injury,None,39.2019597,-77.25342628,2024,12,18
240058691,12/08/2024 02:00:00 PM,NA,Pedestrian,Clear,NA,Daylight,"Not Suspect of Alcohol Use, Not Suspect of Drug Use",Pedestrian,Cross/Enter Not at Intersection,None (No Improper Action),NonTrafficway Area,No,Possible Minor Injury,None,39.02533519,-77.14555619,2024,12,14
240058602,12/07/2024 09:48:00 PM,THAYER AVE,Pedestrian,Clear,Dry,Medium,"Unknown, Unknown",Pedestrian,Unknown,Unknown,Intersection Other,No,Possible Minor Injury,None,38.99299097,-77.02644996,2024,12,21
240058607,12/07/2024 09:21:00 PM,NA,Pedestrian,Clear,NA,Medium,"Not Suspect of Alcohol Use, Not Suspect of Drug Use",Pedestrian,Other,None (No Improper Action),Other,No,Possible Minor Injury,None,39.176853,-77.27440927,2024,12,21
240058712,12/07/2024 06:00:00 PM,NA,Pedestrian,Clear,NA,Medium,"Not Suspect of Alcohol Use, Not Suspect of Drug Use",Pedestrian,Walking/Cycling Along Roadway Against Traffic (In or Adjacent to Travel Lane),None (No Improper Action),Other,No,Possible Minor Injury,None,39.04436613,-77.10522057,2024,12,18
240058566,12/07/2024 04:05:00 PM,NA,Pedestrian,Clear,NA,Daylight,"Unknown, Unknown",Pedestrian,Unknown,Unknown,Other,No,Possible Minor Injury,None,39.08144894,-77.07855102,2024,12,16
240058520,12/07/2024 10:55:00 AM,PINEY BRANCH RD,Pedestrian,Clear,Dry,Daylight,"Not Suspect of Alcohol Use, Not Suspect of Drug Use",Pedestrian,Cross/Enter at Intersection,None (No Improper Action),Intersection Marked Crosswalk,No,Possible Minor Injury,None,38.99591526,-77.00605353,2024,12,10
240058388,12/06/2024 03:23:00 PM,EAST WEST HWY,Cyclist (non-electric),Clear,Dry,Daylight,"Not Suspect of Alcohol Use, Not Suspect of Drug Use",Cyclist (non-electric),Cross/Enter at Intersection,None (No Improper Action),Intersection Marked Crosswalk,No,Possible Minor Injury,"Helmet, Lighting, Protective Pads (elbows, knees, shins, etc.), Reflectors",38.99260154,-77.06031327,2024,12,15
240058345,12/06/2024 11:37:00 AM,GEORGIA AVE (SB/L),Scooter (electric),Clear,Dry,Daylight,"Not Suspect of Alcohol Use, Not Suspect of Drug Use",Scooter (electric),Walking/Cycling on Sidewalk,Unknown,Sidewalk,Yes,Possible Minor Injury,Helmet,38.99197858,-77.02684686,2024,12,11
240058233,12/05/2024 05:15:00 PM,NA,Pedestrian,Clear,Dry,Medium,"Not Suspect of Alcohol Use, Not Suspect of Drug Use",Pedestrian,Cross/Enter at Intersection,None (No Improper Action),Intersection Marked Crosswalk,No,Possible Minor Injury,None,39.14758319,-77.23292448,2024,12,17
240058089,12/04/2024 08:51:00 PM,EAST WEST HWY (WB/L),Pedestrian,Clear,Dry,Medium,"Not Suspect of Alcohol Use, Not Suspect of Drug Use",Pedestrian,Cross/Enter at Intersection,"Failure to Obey Traffic Signs, Signals, or Officer",Intersection Marked Crosswalk,No,Possible Minor Injury,None,38.99492997,-77.04537518,2024,12,20
240058081,12/04/2024 08:11:00 PM,CLOPPER RD,Pedestrian,Clear,Dry,Medium,"Not Suspect of Alcohol Use, Not Suspect of Drug Use",Pedestrian,Walking/Cycling on Sidewalk,"Not Visible (Dark Clothing, No Lighting, etc.)",Intersection Marked Crosswalk,No,Possible Minor Injury,None,39.15901192,-77.27554972,2024,12,20
240058066,12/04/2024 07:18:00 PM,NADINE DR,Pedestrian,Clear,Dry,Dark,"Not Suspect of Alcohol Use, Not Suspect of Drug Use",Pedestrian,Cross/Enter at Intersection,None (No Improper Action),Intersection Marked Crosswalk,No,Possible Minor Injury,None,39.09096008,-77.10167646,2024,12,19
240058061,12/04/2024 06:27:00 PM,W MONTGOMERY AVE (WB/L),Pedestrian,Clear,Dry,Medium,"Not Suspect of Alcohol Use, Not Suspect of Drug Use",Pedestrian,Cross/Enter at Intersection,"Dart/Dash, Failure to Obey Traffic Signs, Signals, or Officer, Not Visible (Dark Clothing, No Lighting, etc.), Other",Intersection Other,Yes,Possible Minor Injury,None,39.08923137,-77.17793074,2024,12,18
240057814,12/03/2024 03:33:00 PM,VANDALIA DR,Pedestrian,Clear,Dry,Daylight,"Not Suspect of Alcohol Use, Not Suspect of Drug Use",Pedestrian,Cross/Enter at Intersection,None (No Improper Action),Intersection Marked Crosswalk,No,Possible Minor Injury,None,39.07487871,-77.08342258,2024,12,15
240057731,12/03/2024 08:09:00 AM,GEORGIA AVE (SB/L),Pedestrian,Clear,Dry,Daylight,"Not Suspect of Alcohol Use, Not Suspect of Drug Use",Pedestrian,Cross/Enter Not at Intersection,"Failure to Obey Traffic Signs, Signals, or Officer",Travel Lane Other Location,Yes,Suspected Serious Injury,None,38.99679445,-77.02913113,2024,12,8
240057696,12/02/2024 03:30:00 PM,FREDERICK RD (SB/L),Cyclist (non-electric),Clear,Dry,Daylight,"Unknown, Unknown",Cyclist (non-electric),Cross/Enter at Intersection,None (No Improper Action),Intersection Marked Crosswalk,No,Possible Minor Injury,Unknown,39.12597168,-77.18289898,2024,12,15
240057340,11/30/2024 02:36:00 PM,NA,Cyclist (Electric),Clear,Dry,Daylight,"Not Suspect of Alcohol Use, Not Suspect of Drug Use",Cyclist (Electric),Walking/Cycling on Sidewalk,None (No Improper Action),Driveway Access,No,Possible Minor Injury,None,38.99625798,-77.02781278,2024,11,14
240057328,11/30/2024 12:28:00 PM,NA,Pedestrian,Clear,NA,Daylight,"Not Suspect of Alcohol Use, Not Suspect of Drug Use",Pedestrian,Standing,"In Roadway Improperly (Standing, Lying, Working, Playing)",Travel Lane Other Location,Yes,Possible Minor Injury,None,39.17177164,-77.20502716,2024,11,12
240057299,11/30/2024 07:55:00 AM,NO NAME,Cyclist (non-electric),Clear,Dry,Daylight,"Not Suspect of Alcohol Use, Not Suspect of Drug Use",Cyclist (non-electric),Cross/Enter at Intersection,Unknown,Intersection Marked Crosswalk,No,Possible Minor Injury,None,39.11242985,-77.05902146,2024,11,7
240057235,11/29/2024 06:17:00 PM,GEORGIA AVE (SB/L),Pedestrian,Clear,Dry,Dark,"Not Suspect of Alcohol Use, Not Suspect of Drug Use",Pedestrian,Cross/Enter Not at Intersection,Dart/Dash,Intersection Unmarked Crosswalk,Yes,Possible Minor Injury,None,39.04568308,-77.0521781,2024,11,18
240057206,11/29/2024 02:20:00 PM,NA,Pedestrian,Clear,NA,Daylight,"Unknown, Unknown",Pedestrian,Standing,None (No Improper Action),Other,No,Possible Minor Injury,None,39.15472499,-77.19917334,2024,11,14
240057187,11/29/2024 12:12:00 PM,NA,Occupant of Motor Vehicle Not in Transport,Cloudy,NA,Daylight,"Not Suspect of Alcohol Use, Not Suspect of Drug Use",Occupant of Motor Vehicle Not in Transport,Standing,None (No Improper Action),Other,No,No Apparent Injury,None,38.99812645,-77.00202504,2024,11,12
240057181,11/29/2024 11:20:00 AM,ELM ST,Pedestrian,Cloudy,Dry,Daylight,"Unknown, Unknown",Pedestrian,Cross/Enter at Intersection,None (No Improper Action),Intersection Marked Crosswalk,No,Possible Minor Injury,None,38.98222489,-77.0932758,2024,11,11
240057017,11/27/2024 07:20:00 PM,FAIRLAND RD,Pedestrian,Clear,Dry,Medium,"Unknown, Unknown",Pedestrian,Cross/Enter Not at Intersection,"Failure to Obey Traffic Signs, Signals, or Officer, Not Visible (Dark Clothing, No Lighting, etc.)",Travel Lane Other Location,No,Possible Minor Injury,None,39.07692278,-76.9585157,2024,11,19
240056695,11/25/2024 11:24:00 PM,S FREDERICK RD,Pedestrian,Clear,Dry,Medium,"Not Suspect of Alcohol Use, Not Suspect of Drug Use",Pedestrian,Standing,None (No Improper Action),Unknown,No,Possible Minor Injury,None,39.13850018,-77.19492969,2024,11,23
240056695,11/25/2024 11:24:00 PM,S FREDERICK RD,Pedestrian,Clear,Dry,Medium,"Not Suspect of Alcohol Use, Not Suspect of Drug Use",Pedestrian,None,None (No Improper Action),Unknown,No,Possible Minor Injury,None,39.13850018,-77.19492969,2024,11,23
240056695,11/25/2024 11:24:00 PM,S FREDERICK RD,Pedestrian,Clear,Dry,Medium,"Not Suspect of Alcohol Use, Not Suspect of Drug Use",Pedestrian,None,None (No Improper Action),Unknown,No,Possible Minor Injury,None,39.13850018,-77.19492969,2024,11,23
240056510,11/25/2024 08:12:00 AM,SOUTHLAWN LA,Pedestrian,Clear,Dry,Daylight,"Not Suspect of Alcohol Use, Not Suspect of Drug Use",Pedestrian,None,None (No Improper Action),Other,No,Possible Minor Injury,None,39.0997508,-77.13604335,2024,11,8
240056492,11/25/2024 06:47:00 AM,REDLAND RD,Pedestrian,Clear,Dry,Daylight,"Not Suspect of Alcohol Use, Not Suspect of Drug Use",Pedestrian,None,Unknown,Intersection Marked Crosswalk,No,Possible Minor Injury,None,39.1199395,-77.15983407,2024,11,6
240056491,11/25/2024 06:39:00 AM,CONNECTICUT AVE,Pedestrian,Clear,Dry,Medium,"Not Suspect of Alcohol Use, Not Suspect of Drug Use",Pedestrian,Cross/Enter at Intersection,None (No Improper Action),Intersection Marked Crosswalk,No,Possible Minor Injury,None,39.07637666,-77.08052504,2024,11,6
240056420,11/24/2024 04:50:00 PM,DENNIS AVE,Scooter (electric),Clear,Dry,Medium,"Not Suspect of Alcohol Use, Not Suspect of Drug Use",Scooter (electric),Other,Unknown,Midblock Marked Crosswalk,No,Possible Minor Injury,Unknown,39.02391683,-77.02945887,2024,11,16
240056413,11/24/2024 03:36:00 PM,NA,Pedestrian,Clear,NA,Daylight,"Not Suspect of Alcohol Use, Not Suspect of Drug Use",Pedestrian,Standing,None (No Improper Action),NonTrafficway Area,No,Possible Minor Injury,None,38.99180779,-77.02708051,2024,11,15
240056270,11/23/2024 03:45:00 PM,THOMPSON AVE,Cyclist (non-electric),Clear,Dry,Daylight,"Unknown, Unknown",Cyclist (non-electric),Walking/Cycling Along Roadway With Traffic (In or Adjacent to Travel Lane),Unknown,Travel Lane Other Location,No,Possible Minor Injury,None,39.06010941,-77.12020638,2024,11,15
240056141,11/22/2024 05:00:00 PM,FREDERICK RD (SB/L),Pedestrian,Rain,Wet,Medium,"Unknown, Unknown",Pedestrian,Cross/Enter at Intersection,None (No Improper Action),Intersection Marked Crosswalk,No,Possible Minor Injury,None,39.11539234,-77.1663189,2024,11,17
240056089,11/22/2024 03:11:00 PM,NA,Pedestrian,Cloudy,NA,Daylight,NA,Pedestrian,Other,Other,Other,No,Possible Minor Injury,None,39.05059667,-77.07737833,2024,11,15
240055799,11/20/2024 11:10:00 PM,WASHINGTONIAN BLVD (SB/L),Pedestrian,Rain,Wet,Medium,"Not Suspect of Alcohol Use, Not Suspect of Drug Use",Pedestrian,Unknown,None (No Improper Action),Travel Lane Other Location,No,Possible Minor Injury,None,39.11757268,-77.2035146,2024,11,23
240055786,11/20/2024 08:48:00 PM,NA,Pedestrian,Rain,NA,Medium,"Unknown, Unknown",Pedestrian,None,None (No Improper Action),Other,No,Possible Minor Injury,None,39.03363537,-77.07352018,2024,11,20
240055763,11/20/2024 07:00:00 PM,PORTER RD,Pedestrian,Clear,Dry,Dark,"Not Suspect of Alcohol Use, Not Suspect of Drug Use",Pedestrian,Cross/Enter at Intersection,None (No Improper Action),Intersection Marked Crosswalk,No,Possible Minor Injury,None,39.00140362,-77.04674703,2024,11,19
240055656,11/20/2024 12:05:00 PM,NA,Pedestrian,Clear,NA,Daylight,"Not Suspect of Alcohol Use, Not Suspect of Drug Use",Pedestrian,Other,None (No Improper Action),Driveway Access,No,Possible Minor Injury,None,39.11414213,-77.18632317,2024,11,12
240055605,11/20/2024 08:56:00 AM,LONGMEAD CROSSING DR,Pedestrian,Clear,Dry,Daylight,"Not Suspect of Alcohol Use, Not Suspect of Drug Use",Pedestrian,Cross/Enter at Intersection,None (No Improper Action),Intersection Marked Crosswalk,No,Possible Minor Injury,None,39.0955947,-77.04461156,2024,11,8
240055562,11/19/2024 08:37:00 PM,NA,Pedestrian,Rain,NA,Medium,"Not Suspect of Alcohol Use, Not Suspect of Drug Use",Pedestrian,Cross/Enter at Intersection,"Not Visible (Dark Clothing, No Lighting, etc.)",Intersection Marked Crosswalk,No,Possible Minor Injury,None,39.11377975,-77.21618473,2024,11,20
240055516,11/19/2024 04:11:00 PM,NA,Pedestrian,Clear,Dry,Medium,"Not Suspect of Alcohol Use, Not Suspect of Drug Use",Pedestrian,Cross/Enter Not at Intersection,"Dart/Dash, Failure to Yield Right-Of-Way",Travel Lane Other Location,Yes,Suspected Serious Injury,None,39.09051984,-77.04818854,2024,11,16
240055249,11/18/2024 09:07:00 AM,WOODMONT AVE,Pedestrian,Cloudy,Dry,Daylight,"Not Suspect of Alcohol Use, Not Suspect of Drug Use",Pedestrian,Cross/Enter at Intersection,None (No Improper Action),Intersection Marked Crosswalk,No,Possible Minor Injury,None,38.99082053,-77.09663736,2024,11,9
24002426,11/17/2024 12:33:00 PM,BEACH DR,Pedestrian,Clear,Dry,Daylight,"Not Suspect of Alcohol Use, Not Suspect of Drug Use",Pedestrian,Other,"None (No Improper Action), Unknown",Driveway Access,No,Possible Minor Injury,None,38.98646597,-77.06239228,2024,11,12
24002426,11/17/2024 12:33:00 PM,BEACH DR,Pedestrian,Clear,Dry,Daylight,"Not Suspect of Alcohol Use, Not Suspect of Drug Use",Pedestrian,Other,"None (No Improper Action), Unknown",Driveway Access,No,Possible Minor Injury,None,38.98646597,-77.06239228,2024,11,12
240055040,11/16/2024 05:00:00 PM,SUNDOWN RD,Cyclist (non-electric),Clear,Dry,Medium,"Unknown, Unknown",Cyclist (non-electric),Walking/Cycling Along Roadway With Traffic (In or Adjacent to Travel Lane),None (No Improper Action),Travel Lane Other Location,No,Possible Minor Injury,"Helmet, Lighting, Reflectors",39.2127986,-77.13708446,2024,11,17
240055059,11/16/2024 03:00:00 PM,DENNIS AVE,Pedestrian,Clear,Dry,Daylight,"Unknown, Unknown",Pedestrian,Cross/Enter Not at Intersection,Unknown,Unknown,No,Possible Minor Injury,None,39.0242829,-77.05330736,2024,11,15
240054921,11/15/2024 07:25:00 PM,NA,Pedestrian,Clear,Dry,Medium,"Unknown, Unknown",Pedestrian,Cross/Enter at Intersection,None (No Improper Action),Intersection Marked Crosswalk,No,Possible Minor Injury,None,39.15629709,-77.16548354,2024,11,19
240054851,11/15/2024 01:37:00 PM,MAPLE AVE,Cyclist (Electric),Cloudy,Dry,Daylight,"Not Suspect of Alcohol Use, Not Suspect of Drug Use",Cyclist (Electric),Cross/Enter at Intersection,None (No Improper Action),Intersection Marked Crosswalk,No,Possible Minor Injury,Helmet,38.97709933,-77.08454446,2024,11,13
240054691,11/14/2024 02:42:00 PM,BRIARWOOD TERR,Pedestrian,Clear,Dry,Daylight,NA,Pedestrian,Other,Other,Driveway Access,No,Possible Minor Injury,None,39.09303707,-77.09435627,2024,11,14
240054379,11/12/2024 04:26:00 PM,NA,Pedestrian,Clear,NA,Daylight,"Not Suspect of Alcohol Use, Not Suspect of Drug Use",Pedestrian,Cross/Enter Not at Intersection,Failure to Yield Right-Of-Way,Travel Lane Other Location,Yes,Possible Minor Injury,None,39.15411,-77.19971333,2024,11,16
240054063,11/10/2024 10:49:00 PM,ROCKVILLE PIKE (SB/L),Pedestrian,Rain,Wet,Medium,"Suspect of Alcohol Use, Not Suspect of Drug Use",Pedestrian,Cross/Enter at Intersection,"Failure to Obey Traffic Signs, Signals, or Officer",Intersection Marked Crosswalk,Yes,Fatal Injury,None,39.04705833,-77.113045,2024,11,22
240053866,11/09/2024 06:54:00 PM,NA,"Unknown, Wheelchair (electric)",Clear,Dry,Medium,"Not Suspect of Alcohol Use, Not Suspect of Drug Use",Unknown,Standing,None (No Improper Action),Other,No,Possible Minor Injury,None,39.04009769,-77.05269465,2024,11,18
240053866,11/09/2024 06:54:00 PM,NA,"Unknown, Wheelchair (electric)",Clear,Dry,Medium,"Not Suspect of Alcohol Use, Not Suspect of Drug Use",Wheelchair (electric),None,None (No Improper Action),Sidewalk,No,Possible Minor Injury,None,39.04009769,-77.05269465,2024,11,18
240053864,11/09/2024 06:27:00 PM,BROOKVILLE RD,Cyclist (non-electric),Clear,Dry,Dark,"Unknown, Unknown",Cyclist (non-electric),Walking/Cycling Along Roadway With Traffic (In or Adjacent to Travel Lane),None (No Improper Action),Shoulder/Roadside,No,Possible Minor Injury,Helmet,38.97809668,-77.07103939,2024,11,18
240054725,11/09/2024 04:00:00 PM,EAST WEST HWY,Pedestrian,Clear,Dry,Daylight,"Unknown, Unknown",Pedestrian,Cross/Enter at Intersection,None (No Improper Action),Intersection Marked Crosswalk,No,Suspected Serious Injury,None,38.99333208,-77.06352067,2024,11,16
240053759,11/08/2024 08:35:00 PM,NA,Pedestrian,Clear,Dry,Medium,"Not Suspect of Alcohol Use, Not Suspect of Drug Use",Pedestrian,Walking/Cycling Along Roadway Against Traffic (In or Adjacent to Travel Lane),"Failure to Yield Right-Of-Way, In Roadway Improperly (Standing, Lying, Working, Playing), Other, Wrong-Way Riding or Walking",Travel Lane Other Location,No,Suspected Serious Injury,None,39.21931667,-77.25694167,2024,11,20
240053728,11/08/2024 05:41:00 PM,NA,Pedestrian,Clear,Dry,Dark,"Not Suspect of Alcohol Use, Not Suspect of Drug Use",Pedestrian,Cross/Enter at Intersection,None (No Improper Action),Intersection Unmarked Crosswalk,No,Possible Minor Injury,None,39.16772933,-77.25144205,2024,11,17
240053629,11/08/2024 09:01:00 AM,PUBLIC HOUSE RD,Cyclist (non-electric),Clear,Dry,Daylight,"Not Suspect of Alcohol Use, Not Suspect of Drug Use",Cyclist (non-electric),Walking/Cycling on Sidewalk,Failure to Yield Right-Of-Way,Intersection Other,Yes,No Apparent Injury,None,39.24209941,-77.27860896,2024,11,9
240053563,11/07/2024 07:16:00 PM,NA,Scooter (electric),Clear,Dry,Medium,"Unknown, Unknown",Scooter (electric),Cross/Enter at Intersection,None (No Improper Action),Intersection Marked Crosswalk,No,Possible Minor Injury,None,38.98207129,-77.09845948,2024,11,19
240053559,11/07/2024 07:13:00 PM,NA,Pedestrian,Clear,NA,Medium,"Not Suspect of Alcohol Use, Not Suspect of Drug Use",Pedestrian,Standing,None (No Improper Action),Other,No,Possible Minor Injury,None,39.02932082,-77.10532683,2024,11,19
240053536,11/07/2024 05:17:00 PM,WALKERS CHOICE RD,Cyclist (non-electric),Cloudy,Dry,Medium,"Not Suspect of Alcohol Use, Not Suspect of Drug Use",Cyclist (non-electric),Cross/Enter at Intersection,Unknown,Intersection Marked Crosswalk,Yes,Possible Minor Injury,Reflectors,39.16144881,-77.20213473,2024,11,17
240053234,11/06/2024 08:57:00 AM,WISCONSIN AVE (SB/L),Pedestrian,Clear,Dry,Daylight,"Not Suspect of Alcohol Use, Not Suspect of Drug Use",Pedestrian,Cross/Enter at Intersection,None (No Improper Action),Intersection Marked Crosswalk,No,Possible Minor Injury,None,38.97848803,-77.09125403,2024,11,8
240053168,11/05/2024 06:38:00 PM,NA,Pedestrian,Clear,Dry,Dark,"Not Suspect of Alcohol Use, Not Suspect of Drug Use",Pedestrian,Cross/Enter at Intersection,Dart/Dash,Intersection Marked Crosswalk,No,Possible Minor Injury,None,38.97806979,-77.09877071,2024,11,18
240053154,11/05/2024 05:02:00 PM,NA,Pedestrian,Clear,Dry,Medium,"Not Suspect of Alcohol Use, Not Suspect of Drug Use",Pedestrian,Cross/Enter at Intersection,None (No Improper Action),Intersection Marked Crosswalk,No,No Apparent Injury,None,38.98098467,-77.0983515,2024,11,17
240053154,11/05/2024 05:02:00 PM,NA,Pedestrian,Clear,Dry,Medium,"Not Suspect of Alcohol Use, Not Suspect of Drug Use",Pedestrian,Cross/Enter at Intersection,None (No Improper Action),Intersection Marked Crosswalk,No,Suspected Serious Injury,None,38.98098467,-77.0983515,2024,11,17
240053068,11/05/2024 10:08:00 AM,NA,Pedestrian,Clear,NA,Daylight,"Not Suspect of Alcohol Use, Not Suspect of Drug Use",Pedestrian,Cross/Enter at Intersection,None (No Improper Action),Intersection Other,No,Possible Minor Injury,"Reflective Wear (backpack, triangles, etc.)",39.20223678,-77.25062786,2024,11,10
240052835,11/03/2024 06:22:00 PM,FLOWER AVE,Pedestrian,Clear,Dry,Medium,"Not Suspect of Alcohol Use, Not Suspect of Drug Use",Pedestrian,Cross/Enter at Intersection,None (No Improper Action),Intersection Marked Crosswalk,No,Possible Minor Injury,None,39.00068333,-77.00432395,2024,11,18
240052715,11/02/2024 07:30:00 PM,LOST KNIFE RD (NB/L),Pedestrian,Clear,Dry,Medium,"Unknown, Unknown",Pedestrian,Other,None (No Improper Action),Intersection Marked Crosswalk,No,Possible Minor Injury,None,39.15366994,-77.19947144,2024,11,19
240052537,11/01/2024 07:12:00 PM,FOREST GLEN RD,Pedestrian,Clear,Dry,Medium,"Not Suspect of Alcohol Use, Not Suspect of Drug Use",Pedestrian,Other,None (No Improper Action),Other,No,Possible Minor Injury,None,39.01597342,-77.03667408,2024,11,19
240052696,11/01/2024 05:15:00 PM,CAPITAL CRESCENT TR,Cyclist (non-electric),Clear,Dry,Daylight,"Not Suspect of Alcohol Use, Not Suspect of Drug Use",Cyclist (non-electric),Cross/Enter at Intersection,None (No Improper Action),Intersection Marked Crosswalk,No,Possible Minor Injury,Helmet,38.96877676,-77.10244938,2024,11,17
240052498,11/01/2024 03:15:00 PM,SANGAMORE RD,Cyclist (non-electric),Clear,Dry,Daylight,"Not Suspect of Alcohol Use, Not Suspect of Drug Use",Cyclist (non-electric),Walking/Cycling Along Roadway With Traffic (In or Adjacent to Travel Lane),"Inattentive (Talking, Eating, etc.)",Shoulder/Roadside,No,Possible Minor Injury,Helmet,38.95212763,-77.12044744,2024,11,15
240052473,11/01/2024 01:20:00 PM,COLLEGE PKWY (SB/L),Pedestrian,Clear,Dry,Daylight,"Not Suspect of Alcohol Use, Not Suspect of Drug Use",Pedestrian,Cross/Enter at Intersection,None (No Improper Action),Intersection Marked Crosswalk,No,Possible Minor Injury,None,39.10336004,-77.1560417,2024,11,13
240052297,10/31/2024 04:57:00 PM,FERNWOOD RD,Pedestrian,Clear,Dry,Daylight,"Not Suspect of Alcohol Use, Not Suspect of Drug Use",Pedestrian,Cross/Enter at Intersection,None (No Improper Action),Intersection Marked Crosswalk,No,Possible Minor Injury,None,39.0182433,-77.1333093,2024,10,16
240052240,10/31/2024 12:22:00 PM,NA,Pedestrian,Clear,NA,Daylight,"Not Suspect of Alcohol Use, Not Suspect of Drug Use",Pedestrian,Cross/Enter Not at Intersection,None (No Improper Action),Other,No,Possible Minor Injury,None,39.19981307,-77.25399665,2024,10,12
240052242,10/31/2024 12:18:00 PM,NA,Pedestrian,Clear,NA,Daylight,"Not Suspect of Alcohol Use, Not Suspect of Drug Use",Pedestrian,Getting Off/On Vehicle,None (No Improper Action),Travel Lane Other Location,No,Possible Minor Injury,None,39.28207833,-77.21086833,2024,10,12
240052201,10/31/2024 09:07:00 AM,NA,Pedestrian,Clear,Dry,Daylight,"Not Suspect of Alcohol Use, Not Suspect of Drug Use",Pedestrian,Cross/Enter at Intersection,None (No Improper Action),Intersection Marked Crosswalk,No,No Apparent Injury,None,38.98313937,-77.01539537,2024,10,9
240051926,10/30/2024 06:30:00 AM,GREENCASTLE RD,Pedestrian,Clear,Dry,Dark,"Unknown, Unknown",Pedestrian,None,None (No Improper Action),Intersection Other,No,Possible Minor Injury,None,39.08832533,-76.93081733,2024,10,6
240051917,10/30/2024 05:24:00 AM,VEIRS MILL RD (WB/L),Pedestrian,Clear,Dry,Medium,"Not Suspect of Alcohol Use, Not Suspect of Drug Use",Pedestrian,Cross/Enter Not at Intersection,Dart/Dash,Travel Lane Other Location,Yes,Fatal Injury,None,39.06423972,-77.09653569,2024,10,5
240051876,10/29/2024 07:16:00 PM,GLENPARK DR,Cyclist (non-electric),Clear,Dry,Medium,"Not Suspect of Alcohol Use, Not Suspect of Drug Use",Cyclist (non-electric),Other,None (No Improper Action),Shoulder/Roadside,No,No Apparent Injury,None,39.03644446,-77.03823405,2024,10,19
240051851,10/29/2024 06:50:00 PM,EAST WEST HWY (WB/L),Pedestrian,Clear,Dry,Daylight,"Not Suspect of Alcohol Use, Not Suspect of Drug Use",Pedestrian,Cross/Enter Not at Intersection,"Failure to Obey Traffic Signs, Signals, or Officer, Failure to Yield Right-Of-Way",Other,No,Possible Minor Injury,None,38.97538836,-76.99333842,2024,10,18
240051740,10/29/2024 05:52:00 AM,DENNIS AVE,Unknown,Clear,Dry,Dark,"Unknown, Unknown",Unknown,Other,None (No Improper Action),Intersection Marked Crosswalk,No,Possible Minor Injury,Unknown,39.02620942,-77.03540998,2024,10,5
240051712,10/28/2024 06:55:00 PM,GEORGIA AVE (SB/L),Pedestrian,Clear,Dry,Daylight,"Not Suspect of Alcohol Use, Not Suspect of Drug Use",Pedestrian,Cross/Enter Not at Intersection,None (No Improper Action),Travel Lane Other Location,No,Suspected Serious Injury,None,38.99608387,-77.02816178,2024,10,18
240051698,10/28/2024 05:15:00 PM,NA,Pedestrian,Clear,Dry,Daylight,"Not Suspect of Alcohol Use, Not Suspect of Drug Use",Pedestrian,Cross/Enter at Intersection,None (No Improper Action),Intersection Marked Crosswalk,No,Suspected Serious Injury,None,39.16241975,-77.16574825,2024,10,17
240051595,10/28/2024 07:30:00 AM,THUNDERHEAD WAY,Pedestrian,Clear,Dry,Daylight,"Not Suspect of Alcohol Use, Not Suspect of Drug Use, Not Suspect of Alcohol Use, Not Suspect of Drug Use",Pedestrian,Other Working,None (No Improper Action),Travel Lane Other Location,No,Possible Minor Injury,Other,39.18915951,-77.27041344,2024,10,7
240051587,10/28/2024 05:15:00 AM,NEW HAMPSHIRE AVE (SB/L),Pedestrian,Clear,Dry,Dark,"Unknown, Unknown",Pedestrian,Walking/Cycling on Sidewalk,None (No Improper Action),Intersection Marked Crosswalk,No,Possible Minor Injury,None,39.05521092,-76.9955291,2024,10,5
240051564,10/27/2024 11:49:00 PM,NA,Pedestrian,Clear,NA,Medium,"Suspect of Alcohol Use, Not Suspect of Drug Use",Pedestrian,Other,None (No Improper Action),Other,No,Suspected Serious Injury,None,39.15592665,-77.21824437,2024,10,23
240051509,10/27/2024 04:37:00 PM,ROSEMARY ST,Pedestrian,Clear,Dry,Daylight,"Not Suspect of Alcohol Use, Not Suspect of Drug Use",Pedestrian,Cross/Enter at Intersection,None (No Improper Action),Intersection Marked Crosswalk,No,Possible Minor Injury,"None, Other",38.97794319,-77.08102483,2024,10,16
240051509,10/27/2024 04:37:00 PM,ROSEMARY ST,Pedestrian,Clear,Dry,Daylight,"Not Suspect of Alcohol Use, Not Suspect of Drug Use",Pedestrian,Cross/Enter at Intersection,None (No Improper Action),Intersection Marked Crosswalk,No,No Apparent Injury,"None, Other",38.97794319,-77.08102483,2024,10,16
240051502,10/27/2024 04:05:00 PM,BRIGGS CHANEY RD,Pedestrian,Clear,Dry,Daylight,"Not Suspect of Alcohol Use, Not Suspect of Drug Use",Pedestrian,Cross/Enter Not at Intersection,"In Roadway Improperly (Standing, Lying, Working, Playing)",Travel Lane Other Location,Yes,Possible Minor Injury,None,39.06955067,-76.93741483,2024,10,16
240051499,10/27/2024 04:00:00 PM,NA,Pedestrian,Clear,NA,Daylight,"Not Suspect of Alcohol Use, Not Suspect of Drug Use",Pedestrian,Other,None (No Improper Action),Other,No,Possible Minor Injury,None,39.09734302,-77.15831097,2024,10,16
240051385,10/26/2024 08:57:00 PM,CAMERON ST,Pedestrian,Clear,Dry,Medium,"Not Suspect of Alcohol Use, Not Suspect of Drug Use",Pedestrian,Cross/Enter at Intersection,None (No Improper Action),Intersection Marked Crosswalk,No,Possible Minor Injury,None,38.99765943,-77.02967678,2024,10,20
24002271,10/26/2024 08:45:00 AM,NA,Pedestrian,Clear,NA,Daylight,"Not Suspect of Alcohol Use, Not Suspect of Drug Use",Pedestrian,Other,"Inattentive (Talking, Eating, etc.)",Driveway Access,No,Suspected Serious Injury,None,39.05794856,-77.0378417,2024,10,8
240051181,10/25/2024 05:51:00 PM,WHEATFIELD TERR,Pedestrian,Clear,Dry,Daylight,"Not Suspect of Alcohol Use, Not Suspect of Drug Use",Pedestrian,None,Other,Other,Yes,Possible Minor Injury,None,39.17110735,-77.23009925,2024,10,17
240051147,10/25/2024 03:00:00 PM,RETAIL PL,Cyclist (Electric),Clear,Dry,Daylight,"Not Suspect of Alcohol Use, Not Suspect of Drug Use",Cyclist (Electric),Cross/Enter Not at Intersection,Failure to Yield Right-Of-Way,Other,Yes,Possible Minor Injury,None,39.170015,-77.20548333,2024,10,15
240050901,10/24/2024 11:15:00 AM,PHILADELPHIA AVE,Pedestrian,Clear,Dry,Daylight,"Not Suspect of Alcohol Use, Not Suspect of Drug Use",Pedestrian,Cross/Enter at Intersection,Unknown,Intersection Marked Crosswalk,No,Possible Minor Injury,None,38.9864859,-77.02131754,2024,10,11
240050874,10/24/2024 09:09:00 AM,NA,Pedestrian,Clear,Dry,Daylight,"Unknown, Unknown",Pedestrian,Other Working,None (No Improper Action),OffStreet Trails or Sidepaths,No,Suspected Serious Injury,"Reflective Wear (backpack, triangles, etc.)",39.07087638,-76.93753548,2024,10,9
240050868,10/24/2024 08:23:00 AM,BRADLEY BLVD,Pedestrian,Clear,Dry,Daylight,"Not Suspect of Alcohol Use, Not Suspect of Drug Use",Pedestrian,Cross/Enter at Intersection,None (No Improper Action),Intersection Marked Crosswalk,No,Suspected Serious Injury,None,38.97757583,-77.10052583,2024,10,8
240050799,10/23/2024 05:56:00 PM,NA,Pedestrian,Clear,NA,Daylight,"Not Suspect of Alcohol Use, Not Suspect of Drug Use",Pedestrian,Other,Unknown,Other,No,Possible Minor Injury,None,38.99069021,-77.023625,2024,10,17
240050659,10/23/2024 07:06:00 AM,TATANI DR,Pedestrian,Clear,Dry,Medium,"Not Suspect of Alcohol Use, Not Suspect of Drug Use",Pedestrian,Standing,None (No Improper Action),Other,No,Possible Minor Injury,None,39.15646798,-77.29604122,2024,10,7
240050619,10/22/2024 07:28:00 PM,NA,Pedestrian,Clear,Dry,Medium,"Not Suspect of Alcohol Use, Not Suspect of Drug Use",Pedestrian,Cross/Enter at Intersection,None (No Improper Action),Intersection Marked Crosswalk,No,Possible Minor Injury,None,39.16204846,-77.21428276,2024,10,19
240050590,10/22/2024 04:19:00 PM,BRADLEY BLVD,Pedestrian,Clear,Dry,Daylight,"Not Suspect of Alcohol Use, Not Suspect of Drug Use",Pedestrian,Cross/Enter Not at Intersection,Dart/Dash,Other,No,Suspected Serious Injury,None,39.00781342,-77.17278746,2024,10,16
240050584,10/22/2024 04:17:00 PM,SCHAEFFER RD,Pedestrian,Clear,Dry,Daylight,"Not Suspect of Alcohol Use, Not Suspect of Drug Use",Pedestrian,Cross/Enter at Intersection,None (No Improper Action),Intersection Marked Crosswalk,No,Possible Minor Injury,None,39.16347247,-77.28464201,2024,10,16
240050575,10/22/2024 03:28:00 PM,RAYBURN RD,Pedestrian,Clear,Dry,Daylight,"Not Suspect of Alcohol Use, Not Suspect of Drug Use",Pedestrian,Cross/Enter at Intersection,None (No Improper Action),Intersection Marked Crosswalk,No,Possible Minor Injury,None,38.99319429,-77.12058297,2024,10,15
240050509,10/22/2024 10:08:00 AM,VEIRS MILL RD,Pedestrian,Clear,Dry,Daylight,"Unknown, Unknown",Pedestrian,Cross/Enter at Intersection,None (No Improper Action),Intersection Marked Crosswalk,No,Possible Minor Injury,None,39.07337706,-77.11196112,2024,10,10
240050475,10/22/2024 06:19:00 AM,UNIVERSITY BLVD W (WB/L),Pedestrian,Clear,Dry,Medium,"Not Suspect of Alcohol Use, Not Suspect of Drug Use",Pedestrian,Cross/Enter at Intersection,None (No Improper Action),Intersection Marked Crosswalk,No,Possible Minor Injury,None,39.03621274,-77.03644982,2024,10,6
240050446,10/21/2024 07:24:00 PM,NORTH HIGH ST,Pedestrian,Clear,Dry,Medium,"Not Suspect of Alcohol Use, Not Suspect of Drug Use",Pedestrian,Cross/Enter Not at Intersection,"Dart/Dash, Failure to Obey Traffic Signs, Signals, or Officer, Inattentive (Talking, Eating, etc.)",Travel Lane Other Location,No,Suspected Serious Injury,None,39.15118065,-77.06682513,2024,10,19
240050297,10/21/2024 09:00:00 AM,COLUMBIA PIKE,Pedestrian,Clear,Dry,Daylight,"Not Suspect of Alcohol Use, Not Suspect of Drug Use",Pedestrian,Cross/Enter at Intersection,None (No Improper Action),Intersection Marked Crosswalk,No,Possible Minor Injury,None,39.03934178,-76.99769471,2024,10,9
240050201,10/20/2024 04:10:00 PM,NA,Pedestrian,Clear,NA,Daylight,"Not Suspect of Alcohol Use, Not Suspect of Drug Use",Pedestrian,Cross/Enter at Intersection,None (No Improper Action),NonTrafficway Area,No,Possible Minor Injury,None,39.15644239,-77.21348223,2024,10,16
240050175,10/20/2024 01:57:00 PM,SILVER SPRING AVE,Scooter (electric),Clear,Dry,Daylight,"Not Suspect of Alcohol Use, Not Suspect of Drug Use",Scooter (electric),Walking/Cycling on Sidewalk,"Failure to Obey Traffic Signs, Signals, or Officer, Failure to Yield Right-Of-Way, Inattentive (Talking, Eating, etc.)",Intersection Unmarked Crosswalk,Yes,Possible Minor Injury,None,38.99156083,-77.02682555,2024,10,13
240050084,10/19/2024 10:30:00 PM,OAK LA,Pedestrian,Clear,Dry,Medium,"Not Suspect of Alcohol Use, Not Suspect of Drug Use",Pedestrian,Cross/Enter Not at Intersection,Dart/Dash,Travel Lane Other Location,Yes,Suspected Serious Injury,None,38.98389299,-77.08210183,2024,10,22
240050034,10/19/2024 02:49:00 PM,NA,Pedestrian,Clear,NA,Daylight,"Not Suspect of Alcohol Use, Not Suspect of Drug Use",Pedestrian,Cross/Enter Not at Intersection,Other,NonTrafficway Area,Yes,Suspected Serious Injury,None,39.06644355,-77.12744955,2024,10,14
240050009,10/19/2024 12:10:00 PM,MACARTHUR BLVD,Cyclist (non-electric),Clear,Dry,Daylight,"Not Suspect of Alcohol Use, Not Suspect of Drug Use",Cyclist (non-electric),Walking/Cycling on Sidewalk,None (No Improper Action),Intersection Marked Crosswalk,No,Possible Minor Injury,"Helmet, Reflectors",38.96447409,-77.13610862,2024,10,12
240049947,10/19/2024 03:06:00 AM,TECH RD,Pedestrian,Clear,Dry,Medium,"Not Suspect of Alcohol Use, Not Suspect of Drug Use",Pedestrian,Cross/Enter at Intersection,None (No Improper Action),Intersection Marked Crosswalk,No,Possible Minor Injury,None,39.05795366,-76.96832733,2024,10,3
240049888,10/18/2024 05:00:00 PM,WOODSIDE PKWY,Pedestrian,Clear,Dry,Daylight,"Not Suspect of Alcohol Use, Not Suspect of Drug Use",Pedestrian,Walking/Cycling Along Roadway Against Traffic (In or Adjacent to Travel Lane),None (No Improper Action),Other,No,Possible Minor Injury,None,39.00488738,-77.03148883,2024,10,17
240049741,10/17/2024 07:45:00 PM,RAYBURN RD,Cyclist (Electric),Clear,Dry,Dark,"Not Suspect of Alcohol Use, Not Suspect of Drug Use",Cyclist (Electric),Cross/Enter at Intersection,"Dart/Dash, Failure to Yield Right-Of-Way, Not Visible (Dark Clothing, No Lighting, etc.)",Intersection Other,Yes,Suspected Serious Injury,None,38.99317686,-77.1205867,2024,10,19
240049600,10/17/2024 07:53:00 AM,MILESTONE DR,Pedestrian,Clear,Dry,Daylight,"Not Suspect of Alcohol Use, Not Suspect of Drug Use, Not Suspect of Alcohol Use, Not Suspect of Drug Use",Pedestrian,Other Working,None (No Improper Action),Other,No,Possible Minor Injury,None,39.04861224,-76.98456399,2024,10,7
240051710,10/16/2024 05:56:00 PM,NO NAME,Pedestrian,Clear,Dry,Medium,"Unknown, Unknown",Pedestrian,Cross/Enter Not at Intersection,Unknown,Intersection Unmarked Crosswalk,No,Possible Minor Injury,None,39.00128289,-76.98611441,2024,10,17
240049491,10/16/2024 04:49:00 PM,NA,Pedestrian,Clear,Dry,Daylight,"Not Suspect of Alcohol Use, Not Suspect of Drug Use",Pedestrian,Cross/Enter at Intersection,Unknown,Unknown,Yes,Possible Minor Injury,None,39.18421462,-77.21094197,2024,10,16
240049487,10/16/2024 03:46:00 PM,OBSERVATION DR (SB/L),Pedestrian,Clear,Dry,Daylight,"Not Suspect of Alcohol Use, Not Suspect of Drug Use",Pedestrian,Walking/Cycling Along Roadway With Traffic (In or Adjacent to Travel Lane),None (No Improper Action),Intersection Marked Crosswalk,No,Possible Minor Injury,None,39.20383788,-77.25977099,2024,10,15
240049406,10/16/2024 10:00:00 AM,MACARTHUR BLVD,Cyclist (non-electric),Clear,Dry,Daylight,"Not Suspect of Alcohol Use, Not Suspect of Drug Use",Cyclist (non-electric),Walking/Cycling Along Roadway Against Traffic (In or Adjacent to Travel Lane),None (No Improper Action),Shoulder/Roadside,No,Suspected Serious Injury,Helmet,38.97429686,-77.1682134,2024,10,10
240049403,10/16/2024 09:26:00 AM,FAIRLAND RD (WB/L),Cyclist (non-electric),Clear,Dry,Daylight,"Not Suspect of Alcohol Use, Not Suspect of Drug Use",Cyclist (non-electric),Cross/Enter at Intersection,"Dart/Dash, Other",Intersection Other,Yes,Possible Minor Injury,None,39.07612548,-76.95772463,2024,10,9
240049388,10/16/2024 07:53:00 AM,NA,Pedestrian,Clear,NA,Daylight,"Not Suspect of Alcohol Use, Not Suspect of Drug Use",Pedestrian,Cross/Enter Not at Intersection,None (No Improper Action),Other,No,No Apparent Injury,None,39.06486013,-77.03897102,2024,10,7
240049380,10/16/2024 06:50:00 AM,SHOREFIELD RD,Pedestrian,Clear,Dry,Medium,"Not Suspect of Alcohol Use, Not Suspect of Drug Use",Pedestrian,Cross/Enter at Intersection,None (No Improper Action),Intersection Marked Crosswalk,No,No Apparent Injury,None,39.05304251,-77.05085257,2024,10,6
240049311,10/15/2024 05:00:00 PM,GEORGIA AVE (SB/L),Pedestrian,Clear,Dry,Daylight,"Not Suspect of Alcohol Use, Not Suspect of Drug Use",Pedestrian,Cross/Enter at Intersection,Dart/Dash,Intersection Marked Crosswalk,No,Possible Minor Injury,None,39.06015176,-77.05113906,2024,10,17
240049107,10/14/2024 02:23:00 PM,NA,Pedestrian,Clear,NA,Daylight,"Not Suspect of Alcohol Use, Not Suspect of Drug Use",Pedestrian,Other Working,None (No Improper Action),NonTrafficway Area,No,Possible Minor Injury,None,38.98318731,-76.98643948,2024,10,14
240049055,10/14/2024 11:10:00 AM,GEORGIA AVE (SB/L),Cyclist (non-electric),Clear,Dry,Daylight,"Not Suspect of Alcohol Use, Not Suspect of Drug Use",Cyclist (non-electric),Walking/Cycling on Sidewalk,Unknown,Sidewalk,No,No Apparent Injury,None,39.15496263,-77.06705986,2024,10,11
240049020,10/14/2024 07:20:00 AM,BRADLEY BLVD,Cyclist (non-electric),Clear,Dry,Daylight,"Not Suspect of Alcohol Use, Not Suspect of Drug Use",Cyclist (non-electric),Walking/Cycling Along Roadway With Traffic (In or Adjacent to Travel Lane),None (No Improper Action),Intersection Other,No,Possible Minor Injury,"Helmet, Lighting, Reflectors",38.99303314,-77.12081277,2024,10,7
240048973,10/13/2024 08:50:00 PM,GRAND PRE RD,Pedestrian,Clear,Dry,Dark,"Not Suspect of Alcohol Use, Not Suspect of Drug Use",Pedestrian,Cross/Enter at Intersection,Unknown,Sidewalk,No,Possible Minor Injury,None,39.09274296,-77.07647884,2024,10,20
240048961,10/13/2024 06:28:00 PM,NA,Pedestrian,Clear,NA,Medium,"Not Suspect of Alcohol Use, Not Suspect of Drug Use",Pedestrian,Other,None (No Improper Action),Other,No,Possible Minor Injury,None,39.20445793,-77.24508927,2024,10,18
240048636,10/11/2024 04:56:00 PM,ROCKVILLE PIKE (SB/L),"Other Pedestrian (person in a building, skater, personal conveyance, etc.)",Clear,Dry,Daylight,"Not Suspect of Alcohol Use, Not Suspect of Drug Use","Other Pedestrian (person in a building, skater, personal conveyance, etc.)",Cross/Enter at Intersection,Failure to Yield Right-Of-Way,Intersection Other,No,Possible Minor Injury,None,39.05508381,-77.1182656,2024,10,16
240048574,10/11/2024 12:17:00 PM,GEORGIA AVE (SB/L),Pedestrian,Clear,Dry,Daylight,"Not Suspect of Alcohol Use, Not Suspect of Drug Use",Pedestrian,Cross/Enter Not at Intersection,Dart/Dash,Travel Lane Other Location,Yes,Suspected Serious Injury,None,38.99908177,-77.03153301,2024,10,12
240048515,10/11/2024 08:05:00 AM,NA,Cyclist (Electric),Clear,NA,Daylight,"Not Suspect of Alcohol Use, Not Suspect of Drug Use",Cyclist (Electric),Walking/Cycling on Sidewalk,None (No Improper Action),Sidewalk,No,Possible Minor Injury,Unknown,39.07389231,-77.13484794,2024,10,8
240048472,10/10/2024 09:09:00 PM,NA,Cyclist (non-electric),Clear,Dry,Dark,"Not Suspect of Alcohol Use, Not Suspect of Drug Use",Cyclist (non-electric),Other,"Not Visible (Dark Clothing, No Lighting, etc.)",Other,No,Possible Minor Injury,Helmet,39.17949954,-77.23864436,2024,10,21
240048444,10/10/2024 06:15:00 PM,TRANSHIRE RD,Pedestrian,Clear,Dry,Medium,"Not Suspect of Alcohol Use, Not Suspect of Drug Use",Pedestrian,Cross/Enter Not at Intersection,"Failure to Yield Right-Of-Way, In Roadway Improperly (Standing, Lying, Working, Playing), Inattentive (Talking, Eating, etc.)",Other,Yes,Suspected Serious Injury,None,39.17548494,-77.19808562,2024,10,18
240048403,10/10/2024 03:02:00 PM,GEORGIA AVE,Scooter (electric),Clear,Dry,Daylight,"Not Suspect of Alcohol Use, Not Suspect of Drug Use",Scooter (electric),Walking/Cycling on Sidewalk,Other,Sidewalk,No,Possible Minor Injury,None,39.07918842,-77.07285935,2024,10,15
240048346,10/10/2024 09:16:00 AM,CHERRY VALLEY DR,"Other Pedestrian (person in a building, skater, personal conveyance, etc.)",Clear,Dry,Daylight,"Not Suspect of Alcohol Use, Not Suspect of Drug Use","Other Pedestrian (person in a building, skater, personal conveyance, etc.)",Other,Other,Travel Lane Other Location,No,Suspected Serious Injury,Helmet,39.13927077,-77.06978133,2024,10,9
240048341,10/10/2024 09:10:00 AM,WOODGLEN DR (NB/L),Pedestrian,Clear,Dry,Daylight,"Not Suspect of Alcohol Use, Not Suspect of Drug Use",Pedestrian,Walking/Cycling on Sidewalk,None (No Improper Action),Sidewalk,No,Suspected Serious Injury,None,39.04024793,-77.11307993,2024,10,9
240048333,10/10/2024 07:31:00 AM,LONGDRAFT RD,Pedestrian,Clear,Dry,Daylight,"Not Suspect of Alcohol Use, Not Suspect of Drug Use",Pedestrian,Unknown,Unknown,Intersection Marked Crosswalk,No,Suspected Serious Injury,None,39.14456616,-77.2383461,2024,10,7
240048322,10/10/2024 07:18:00 AM,FOREST GLEN RD,Cyclist (non-electric),Clear,Dry,Daylight,"Not Suspect of Alcohol Use, Not Suspect of Drug Use",Cyclist (non-electric),Cross/Enter at Intersection,"Failure to Obey Traffic Signs, Signals, or Officer",Intersection Marked Crosswalk,Yes,Possible Minor Injury,Helmet,39.0153875,-77.04281759,2024,10,7
240048276,10/09/2024 07:15:00 PM,UNIVERSITY BLVD,Pedestrian,Clear,Dry,Medium,"Not Suspect of Alcohol Use, Not Suspect of Drug Use",Pedestrian,Cross/Enter Not at Intersection,"Dart/Dash, Inattentive (Talking, Eating, etc.)",Median/Crossing Island,No,Possible Minor Injury,None,38.98949796,-76.98858815,2024,10,19
240048274,10/09/2024 06:41:00 PM,NA,Cyclist (non-electric),Clear,Dry,Daylight,"Not Suspect of Alcohol Use, Not Suspect of Drug Use",Cyclist (non-electric),Walking/Cycling Along Roadway With Traffic (In or Adjacent to Travel Lane),"Failure to Yield Right-Of-Way, Improper Passing",Travel Lane Other Location,No,No Apparent Injury,Helmet,38.99597574,-77.06589655,2024,10,18
240048229,10/09/2024 02:32:00 PM,BEECH AVE,Pedestrian,Clear,Dry,Daylight,"Not Suspect of Alcohol Use, Not Suspect of Drug Use",Pedestrian,Cross/Enter at Intersection,"Failure to Obey Traffic Signs, Signals, or Officer",Intersection Marked Crosswalk,Yes,Possible Minor Injury,None,39.01015565,-77.11482416,2024,10,14
240048176,10/09/2024 09:26:00 AM,NA,Pedestrian,Clear,NA,Daylight,"Unknown, Unknown",Pedestrian,Other Working,None (No Improper Action),Unknown,No,Possible Minor Injury,None,39.08328604,-76.94011453,2024,10,9
240048153,10/09/2024 06:41:00 AM,FIRSTFIELD RD,Pedestrian,Clear,Dry,Medium,"Not Suspect of Alcohol Use, Not Suspect of Drug Use",Pedestrian,Cross/Enter at Intersection,None (No Improper Action),Intersection Marked Crosswalk,No,Possible Minor Injury,None,39.14511966,-77.22006594,2024,10,6
240048092,10/08/2024 03:15:00 PM,NELSON ST,Pedestrian,Clear,Dry,Daylight,"Not Suspect of Alcohol Use, Not Suspect of Drug Use",Pedestrian,Cross/Enter at Intersection,None (No Improper Action),Intersection Marked Crosswalk,No,Possible Minor Injury,None,39.09333046,-77.16140076,2024,10,15
240047962,10/07/2024 09:18:00 PM,GREAT SENECA HWY (SB/L),Pedestrian,Clear,Dry,Medium,"Not Suspect of Alcohol Use, Not Suspect of Drug Use",Pedestrian,Cross/Enter at Intersection,"Dart/Dash, Failure to Obey Traffic Signs, Signals, or Officer, Not Visible (Dark Clothing, No Lighting, etc.)",Intersection Marked Crosswalk,Yes,Fatal Injury,None,39.12369719,-77.23171876,2024,10,21
240047797,10/07/2024 07:50:00 AM,ETERNITY RD,Pedestrian,Clear,Dry,Daylight,"Not Suspect of Alcohol Use, Not Suspect of Drug Use",Pedestrian,Cross/Enter at Intersection,None (No Improper Action),Intersection Unmarked Crosswalk,No,No Apparent Injury,None,39.16879435,-77.29062071,2024,10,7
240047797,10/07/2024 07:50:00 AM,ETERNITY RD,Pedestrian,Clear,Dry,Daylight,"Not Suspect of Alcohol Use, Not Suspect of Drug Use",Pedestrian,Cross/Enter at Intersection,None (No Improper Action),Intersection Unmarked Crosswalk,No,No Apparent Injury,None,39.16879435,-77.29062071,2024,10,7
24002116,10/06/2024 09:55:00 AM,NA,Pedestrian,Clear,NA,Daylight,"Not Suspect of Alcohol Use, Not Suspect of Drug Use",Pedestrian,Other,None (No Improper Action),Other,No,Possible Minor Injury,None,39.15197405,-77.14510201,2024,10,9
240047597,10/05/2024 07:25:00 PM,ROCKVILLE PIKE (SB/L),Pedestrian,Clear,Dry,Medium,"Not Suspect of Alcohol Use, Not Suspect of Drug Use",Pedestrian,Cross/Enter Not at Intersection,None (No Improper Action),Midblock Marked Crosswalk,No,Possible Minor Injury,None,39.05972847,-77.12235105,2024,10,19
240047614,10/05/2024 07:20:00 PM,PENDLETON DR,Pedestrian,Clear,Dry,Dark,"Not Suspect of Alcohol Use, Not Suspect of Drug Use",Pedestrian,Cross/Enter at Intersection,None (No Improper Action),Intersection Marked Crosswalk,No,Possible Minor Injury,None,39.04695767,-77.06717667,2024,10,19
240047585,10/05/2024 05:17:00 PM,FOREST GLEN RD,Cyclist (non-electric),Clear,Dry,Daylight,"Not Suspect of Alcohol Use, Not Suspect of Drug Use",Cyclist (non-electric),Cross/Enter at Intersection,None (No Improper Action),Intersection Marked Crosswalk,No,Possible Minor Injury,Helmet,39.01612643,-77.03329447,2024,10,17
240047313,10/05/2024 07:22:00 AM,CONNECTICUT AVE (SB/L),Pedestrian,Clear,Dry,Medium,"Not Suspect of Alcohol Use, Not Suspect of Drug Use",Pedestrian,Walking/Cycling on Sidewalk,None (No Improper Action),Sidewalk,No,Possible Minor Injury,None,39.08071909,-77.08049839,2024,10,7
240047198,10/03/2024 01:03:00 PM,NA,Cyclist (non-electric),Clear,Dry,Daylight,"Not Suspect of Alcohol Use, Not Suspect of Drug Use",Cyclist (non-electric),Walking/Cycling Along Roadway With Traffic (In or Adjacent to Travel Lane),None (No Improper Action),OnStreet Bike Lanes,No,Possible Minor Injury,"Helmet, Reflective Wear (backpack, triangles, etc.), Reflectors",39.10096383,-77.21589666,2024,10,13
240047112,10/02/2024 08:45:00 PM,WATERS LANDING DR,Cyclist (non-electric),Clear,Dry,Medium,"Not Suspect of Alcohol Use, Not Suspect of Drug Use",Cyclist (non-electric),Cross/Enter at Intersection,Unknown,Intersection Marked Crosswalk,No,Possible Minor Injury,None,39.1918455,-77.27219383,2024,10,20
240047101,10/02/2024 07:15:00 PM,CONNECTICUT AVE,Pedestrian,Clear,Wet,Medium,"Not Suspect of Alcohol Use, Not Suspect of Drug Use",Pedestrian,Standing,None (No Improper Action),Travel Lane Other Location,No,Possible Minor Injury,"Reflective Wear (backpack, triangles, etc.)",39.02002633,-77.0770985,2024,10,19
240047094,10/02/2024 06:49:00 PM,VALLEYWOOD DR,Pedestrian,Cloudy,Dry,Medium,"Not Suspect of Alcohol Use, Not Suspect of Drug Use",Pedestrian,Cross/Enter Not at Intersection,"Dart/Dash, Failure to Yield Right-Of-Way",Travel Lane Other Location,Yes,No Apparent Injury,None,39.05382757,-77.06757007,2024,10,18
240047094,10/02/2024 06:49:00 PM,VALLEYWOOD DR,Pedestrian,Cloudy,Dry,Medium,"Not Suspect of Alcohol Use, Not Suspect of Drug Use",Pedestrian,Cross/Enter Not at Intersection,"Dart/Dash, Failure to Yield Right-Of-Way",Travel Lane Other Location,Yes,Possible Minor Injury,None,39.05382757,-77.06757007,2024,10,18
240047080,10/02/2024 05:32:00 PM,NA,Cyclist (non-electric),Clear,NA,Daylight,"Not Suspect of Alcohol Use, Not Suspect of Drug Use",Cyclist (non-electric),Cross/Enter at Intersection,"Dart/Dash, Failure to Obey Traffic Signs, Signals, or Officer, Inattentive (Talking, Eating, etc.)",Intersection Marked Crosswalk,No,No Apparent Injury,Helmet,39.02247096,-77.14741805,2024,10,17
240046984,10/02/2024 07:50:00 AM,COLESVILLE RD,Pedestrian,Rain,Wet,Daylight,"Unknown, Unknown",Pedestrian,Standing,None (No Improper Action),Shoulder/Roadside,No,Possible Minor Injury,None,38.99837815,-77.02639373,2024,10,7
240046963,10/02/2024 07:09:00 AM,RAMP 1 FR MD 187 NB TO RAMP 8 (TO IS495),Cyclist (non-electric),Cloudy,Wet,Medium,"Not Suspect of Alcohol Use, Not Suspect of Drug Use",Cyclist (non-electric),Walking/Cycling Along Roadway With Traffic (In or Adjacent to Travel Lane),None (No Improper Action),OnStreet Bike Lanes,No,Suspected Serious Injury,"Helmet, Lighting, Reflectors",39.01651625,-77.11972724,2024,10,7
240046835,10/01/2024 11:45:00 AM,NA,Pedestrian,Rain,NA,Daylight,"Not Suspect of Alcohol Use, Not Suspect of Drug Use",Pedestrian,Other,None (No Improper Action),Other,No,Possible Minor Injury,None,39.03084881,-77.04860837,2024,10,11
240046743,09/30/2024 07:55:00 PM,HIGH POINT DR,Pedestrian,Rain,Wet,Dark,"Not Suspect of Alcohol Use, Not Suspect of Drug Use",Pedestrian,Cross/Enter at Intersection,"Dart/Dash, Not Visible (Dark Clothing, No Lighting, etc.)",Intersection Other,Yes,Fatal Injury,None,39.16886161,-77.23415877,2024,9,19
240046633,09/30/2024 12:37:00 PM,RAMP 4 FR US 29 NB TO IS 495 EB,Cyclist (non-electric),Cloudy,Dry,Daylight,"Not Suspect of Alcohol Use, Not Suspect of Drug Use",Cyclist (non-electric),Cross/Enter at Intersection,None (No Improper Action),Intersection Marked Crosswalk,No,Possible Minor Injury,Helmet,39.01432742,-77.01648216,2024,9,12
240046564,09/29/2024 11:06:00 PM,COLESVILLE RD,Pedestrian,Rain,Wet,Medium,"Not Suspect of Alcohol Use, Not Suspect of Drug Use",Pedestrian,Other,"In Roadway Improperly (Standing, Lying, Working, Playing)",Travel Lane Other Location,Yes,Possible Minor Injury,None,38.99925033,-77.02606583,2024,9,23
240046533,09/29/2024 05:19:00 PM,GIRARD ST,Pedestrian,Clear,Dry,Daylight,"Not Suspect of Alcohol Use, Not Suspect of Drug Use",Pedestrian,Cross/Enter Not at Intersection,Dart/Dash,Other,Yes,No Apparent Injury,None,39.1495921,-77.18822317,2024,9,17
240046528,09/29/2024 04:55:00 PM,NA,Occupant of Motor Vehicle Not in Transport,Clear,NA,Daylight,NA,Occupant of Motor Vehicle Not in Transport,Getting Off/On Vehicle,Entering/Exiting Parked/Standing Vehicle,Other,No,Possible Minor Injury,None,39.02184659,-77.12226689,2024,9,16
240046369,09/28/2024 04:40:00 PM,GEORGIA AVE (SB/L),Pedestrian,Clear,Dry,Daylight,"Not Suspect of Alcohol Use, Not Suspect of Drug Use",Pedestrian,Cross/Enter at Intersection,"Failure to Obey Traffic Signs, Signals, or Officer, Inattentive (Talking, Eating, etc.), Other",Travel Lane Other Location,Yes,Possible Minor Injury,None,38.99593199,-77.02818202,2024,9,16
240046352,09/28/2024 02:30:00 PM,PARAMOUNT PARK DR (NB/L),Pedestrian,Clear,Dry,Daylight,"Not Suspect of Alcohol Use, Not Suspect of Drug Use",Pedestrian,Cross/Enter at Intersection,None (No Improper Action),Intersection Marked Crosswalk,No,Possible Minor Injury,None,39.15972691,-77.22149262,2024,9,14
240046156,09/27/2024 12:30:00 PM,RAMP 8 FR IS 270 SB TO WATKINS MILL RD,Cyclist (non-electric),Rain,Wet,Daylight,"Not Suspect of Alcohol Use, Not Suspect of Drug Use",Cyclist (non-electric),Cross/Enter at Intersection,"Dart/Dash, Failure to Obey Traffic Signs, Signals, or Officer, Failure to Yield Right-Of-Way",Intersection Marked Crosswalk,Yes,Possible Minor Injury,None,39.15582333,-77.227325,2024,9,12
240046064,09/26/2024 07:18:00 PM,FRANKLIN AVE,Pedestrian,Clear,Dry,Medium,"Not Suspect of Alcohol Use, Not Suspect of Drug Use",Pedestrian,Cross/Enter at Intersection,None (No Improper Action),Intersection Marked Crosswalk,No,Fatal Injury,None,39.01087675,-77.00549836,2024,9,19
240046009,09/26/2024 05:06:00 PM,NA,Pedestrian,Cloudy,NA,Daylight,"Not Suspect of Alcohol Use, Not Suspect of Drug Use",Pedestrian,Walking/Cycling Along Roadway Against Traffic (In or Adjacent to Travel Lane),None (No Improper Action),Sidewalk,No,Possible Minor Injury,None,39.02758889,-77.07772814,2024,9,17
240045990,09/26/2024 03:53:00 PM,NA,Cyclist (Electric),Cloudy,NA,Daylight,"Not Suspect of Alcohol Use, Not Suspect of Drug Use",Cyclist (Electric),Walking/Cycling Along Roadway With Traffic (In or Adjacent to Travel Lane),"Failure to Obey Traffic Signs, Signals, or Officer, Failure to Yield Right-Of-Way, Improper Passing",NonTrafficway Area,Yes,Possible Minor Injury,None,39.18289181,-77.2623601,2024,9,15
240045915,09/26/2024 11:05:00 AM,NA,Scooter (electric),Cloudy,Dry,Daylight,"Not Suspect of Alcohol Use, Not Suspect of Drug Use",Scooter (electric),Walking/Cycling on Sidewalk,Wrong-Way Riding or Walking,Driveway Access,No,Possible Minor Injury,None,39.07618433,-77.13862431,2024,9,11
240045651,09/24/2024 09:12:00 PM,HUNGERFORD DR,Pedestrian,Rain,Wet,Medium,"Not Suspect of Alcohol Use, Not Suspect of Drug Use",Pedestrian,Cross/Enter Not at Intersection,Unknown,Travel Lane Other Location,Yes,Fatal Injury,None,39.0876499,-77.15016766,2024,9,21
240045510,09/24/2024 09:21:00 AM,MARSEILLE DR,Pedestrian,Cloudy,Wet,Daylight,"Not Suspect of Alcohol Use, Not Suspect of Drug Use",Pedestrian,Getting Off/On Vehicle,None (No Improper Action),Travel Lane Other Location,No,Possible Minor Injury,None,39.04086333,-77.18378,2024,9,9
240045444,09/23/2024 06:20:00 PM,MARYLAND AVE,Pedestrian,Rain,Wet,Daylight,"Unknown, Unknown",Pedestrian,Cross/Enter at Intersection,None (No Improper Action),Intersection Marked Crosswalk,No,Possible Minor Injury,None,39.08405605,-77.15091968,2024,9,18
240045306,09/23/2024 07:43:00 AM,YELLOWWOOD DR,Occupant of Motor Vehicle Not in Transport,Cloudy,Dry,Daylight,"Not Suspect of Alcohol Use, Not Suspect of Drug Use",Occupant of Motor Vehicle Not in Transport,Getting Off/On Vehicle,Entering/Exiting Parked/Standing Vehicle,Shoulder/Roadside,Yes,Possible Minor Injury,"Reflective Wear (backpack, triangles, etc.)",39.23429696,-77.23952041,2024,9,7
24002019,09/22/2024 03:54:00 PM,LAKE RIDGE DR,Scooter (non-Electric),Clear,Dry,Daylight,"Not Suspect of Alcohol Use, Not Suspect of Drug Use",Scooter (non-Electric),Other,Failure to Yield Right-Of-Way,Travel Lane Other Location,No,Possible Minor Injury,None,39.1926428,-77.295023080000007,2024,9,15
240045114,09/21/2024 07:10:00 PM,CLOPPER RD,Pedestrian,Cloudy,Dry,Daylight,"Not Suspect of Alcohol Use, Not Suspect of Drug Use",Pedestrian,Cross/Enter at Intersection,Unknown,Intersection Marked Crosswalk,No,Possible Minor Injury,None,39.14380693,-77.223874,2024,9,19
240044859,09/20/2024 12:02:00 PM,FISHERS LA,Pedestrian,Clear,Dry,Daylight,"Not Suspect of Alcohol Use, Not Suspect of Drug Use",Pedestrian,Cross/Enter at Intersection,Unknown,Intersection Marked Crosswalk,No,Possible Minor Injury,None,39.06275181,-77.11658525,2024,9,12
240044812,09/20/2024 07:40:00 AM,UNIVERSITY BLVD E (WB/L),Pedestrian,Clear,Dry,Daylight,"Unknown, Unknown",Pedestrian,Cross/Enter at Intersection,None (No Improper Action),Intersection Unmarked Crosswalk,No,Possible Minor Injury,None,38.99833151,-76.99462998,2024,9,7
240044713,09/19/2024 02:31:00 PM,DECKER PL,Unknown Type Of Non-Motorist,Clear,Dry,Daylight,"Not Suspect of Alcohol Use, Not Suspect of Drug Use",Unknown Type Of Non-Motorist,Other Working,"In Roadway Improperly (Standing, Lying, Working, Playing)",Travel Lane Other Location,No,Possible Minor Injury,None,39.126935,-77.16730333,2024,9,14
240044710,09/19/2024 02:02:00 PM,NEBEL ST,Unknown Type Of Non-Motorist,Clear,Dry,Daylight,"Not Suspect of Alcohol Use, Not Suspect of Drug Use",Unknown Type Of Non-Motorist,Walking/Cycling Along Roadway With Traffic (In or Adjacent to Travel Lane),None (No Improper Action),Intersection Marked Crosswalk,No,Possible Minor Injury,None,39.04521033,-77.10432437,2024,9,14
240044614,09/19/2024 08:30:00 AM,GEORGIA AVE (SB/L),Pedestrian,Cloudy,Dry,Daylight,"Not Suspect of Alcohol Use, Not Suspect of Drug Use",Pedestrian,Cross/Enter at Intersection,None (No Improper Action),Intersection Marked Crosswalk,No,Possible Minor Injury,None,39.15915007,-77.06450665,2024,9,8
240044569,09/18/2024 07:37:00 PM,SNOWDEN FARM PKWY,Pedestrian,Rain,Wet,Dark,"Not Suspect of Alcohol Use, Not Suspect of Drug Use",Pedestrian,Cross/Enter at Intersection,None (No Improper Action),Intersection Marked Crosswalk,No,Possible Minor Injury,None,39.23162841,-77.25852302,2024,9,19
240044737,09/18/2024 05:35:00 PM,NEW HAMPSHIRE AVE,Pedestrian,Clear,NA,Daylight,"Unknown, Unknown",Pedestrian,Cross/Enter Not at Intersection,None (No Improper Action),Midblock Marked Crosswalk,No,Possible Minor Injury,Unknown,39.08503042,-76.999633,2024,9,17
240044548,09/18/2024 04:51:00 PM,RIVER RD,Cyclist (non-electric),Clear,Wet,Daylight,"Not Suspect of Alcohol Use, Not Suspect of Drug Use",Cyclist (non-electric),Walking/Cycling Along Roadway Against Traffic (In or Adjacent to Travel Lane),None (No Improper Action),OnStreet Bike Lanes,No,Possible Minor Injury,None,38.96430251,-77.10294491,2024,9,16
240044560,09/18/2024 04:50:00 PM,KILCREGGAN TERR,Pedestrian,Cloudy,Wet,Daylight,"Not Suspect of Alcohol Use, Not Suspect of Drug Use",Pedestrian,Cross/Enter Not at Intersection,Dart/Dash,Travel Lane Other Location,Yes,Possible Minor Injury,None,39.17836059,-77.15542049,2024,9,16
240044510,09/18/2024 02:46:00 PM,NEW HAMPSHIRE AVE (SB/L),Cyclist (non-electric),Clear,Dry,Daylight,"Not Suspect of Alcohol Use, Not Suspect of Drug Use",Cyclist (non-electric),Walking/Cycling Along Roadway With Traffic (In or Adjacent to Travel Lane),Improper Turn/Merge),OnStreet Bike Lanes,Yes,Possible Minor Injury,Helmet,39.06405568,-76.99955396,2024,9,14
240044487,09/18/2024 01:06:00 PM,NA,Pedestrian,Clear,Dry,Daylight,"Not Suspect of Alcohol Use, Not Suspect of Drug Use",Pedestrian,Cross/Enter at Intersection,None (No Improper Action),Intersection Marked Crosswalk,No,Possible Minor Injury,None,39.04038334,-77.10953694,2024,9,13
240044315,09/17/2024 03:53:00 PM,DUFIEF MILL RD,Scooter (electric),Rain,Wet,Daylight,"Not Suspect of Alcohol Use, Not Suspect of Drug Use",Scooter (electric),Cross/Enter at Intersection,"Failure to Obey Traffic Signs, Signals, or Officer, Failure to Yield Right-Of-Way",Intersection Other,No,Suspected Serious Injury,"Helmet, Protective Pads (elbows, knees, shins, etc.)",39.08889233,-77.2361005,2024,9,15
240044229,09/16/2024 08:30:00 PM,LEAMAN FARM RD,Pedestrian,Clear,Dry,Medium,"Unknown, Unknown",Pedestrian,Cross/Enter at Intersection,None (No Improper Action),Intersection Unmarked Crosswalk,No,Possible Minor Injury,None,39.15930392,-77.28042855,2024,9,20
240044180,09/16/2024 06:30:00 PM,CONTOUR RD,"Occupant of Motor Vehicle Not in Transport, Pedestrian",Clear,Dry,Daylight,"Not Suspect of Alcohol Use, Not Suspect of Drug Use",Occupant of Motor Vehicle Not in Transport,Other Working,None (No Improper Action),Other,No,Possible Minor Injury,None,39.15404,-77.19673333,2024,9,18
240044180,09/16/2024 06:30:00 PM,CONTOUR RD,"Occupant of Motor Vehicle Not in Transport, Pedestrian",Clear,Dry,Daylight,"Not Suspect of Alcohol Use, Not Suspect of Drug Use",Pedestrian,Walking/Cycling on Sidewalk,None (No Improper Action),Sidewalk,No,Possible Minor Injury,None,39.15404,-77.19673333,2024,9,18
240044128,09/16/2024 02:58:00 PM,NA,Pedestrian,Clear,NA,Daylight,"Not Suspect of Alcohol Use, Not Suspect of Drug Use",Pedestrian,Cross/Enter at Intersection,None (No Improper Action),Intersection Marked Crosswalk,No,Possible Minor Injury,None,39.10955539,-77.15996091,2024,9,14
240044034,09/16/2024 07:39:00 AM,DALEWOOD DR,Pedestrian,Clear,Dry,Daylight,"Not Suspect of Alcohol Use, Not Suspect of Drug Use",Pedestrian,Cross/Enter Not at Intersection,"Dart/Dash, In Roadway Improperly (Standing, Lying, Working, Playing)",Travel Lane Other Location,No,Possible Minor Injury,None,39.06223785,-77.06695588,2024,9,7
240043978,09/15/2024 06:40:00 PM,NA,Pedestrian,Clear,NA,Medium,"Not Suspect of Alcohol Use, Not Suspect of Drug Use",Pedestrian,Other,None (No Improper Action),Intersection Marked Crosswalk,No,Suspected Serious Injury,None,39.09766523,-77.19236342,2024,9,18
240043967,09/15/2024 05:23:00 PM,EMERALD GREEN DR,Cyclist (non-electric),Clear,Dry,Daylight,"Not Suspect of Alcohol Use, Not Suspect of Drug Use",Cyclist (non-electric),Cross/Enter at Intersection,Failure to Yield Right-Of-Way,Intersection Unmarked Crosswalk,Yes,Possible Minor Injury,Helmet,39.22235691,-77.24708679,2024,9,17
240043458,09/12/2024 07:44:00 PM,FREDERICK RD (SB/L),Scooter (electric),Clear,Dry,Medium,"Not Suspect of Alcohol Use, Not Suspect of Drug Use",Scooter (electric),Unknown,"Failure to Yield Right-Of-Way, Improper Passing",Intersection Marked Crosswalk,Yes,Possible Minor Injury,None,39.15474883,-77.21498816,2024,9,19
240043449,09/12/2024 06:51:00 PM,MAPLE AVE,Cyclist (non-electric),Clear,Dry,Daylight,"Not Suspect of Alcohol Use, Not Suspect of Drug Use",Cyclist (non-electric),Walking/Cycling Along Roadway With Traffic (In or Adjacent to Travel Lane),Unknown,Shared Lane Markings),Yes,Possible Minor Injury,Unknown,38.98329967,-77.00537099,2024,9,18
240043406,09/12/2024 03:44:00 PM,WISCONSIN AVE,Pedestrian,Clear,Dry,Daylight,"Not Suspect of Alcohol Use, Not Suspect of Drug Use",Pedestrian,Cross/Enter at Intersection,"Inattentive (Talking, Eating, etc.)",Intersection Marked Crosswalk,No,Possible Minor Injury,None,38.96086302,-77.08582751,2024,9,15
240043312,09/12/2024 04:04:00 AM,BRASSIE WAY,Pedestrian,Clear,Dry,Medium,"Not Suspect of Alcohol Use, Not Suspect of Drug Use",Pedestrian,None,"In Roadway Improperly (Standing, Lying, Working, Playing)",Travel Lane Other Location,No,Possible Minor Injury,None,39.17540261,-77.20233654,2024,9,4
240043220,09/11/2024 03:15:00 PM,NA,Pedestrian,Clear,Dry,Daylight,"Not Suspect of Alcohol Use, Not Suspect of Drug Use",Pedestrian,Cross/Enter at Intersection,None (No Improper Action),Intersection Marked Crosswalk,No,Possible Minor Injury,None,39.01595783,-77.03662176,2024,9,15
240042955,09/10/2024 10:29:00 AM,RANDOLPH RD,Pedestrian,Clear,Dry,Daylight,"Not Suspect of Alcohol Use, Not Suspect of Drug Use",Pedestrian,Cross/Enter at Intersection,None (No Improper Action),Intersection Marked Crosswalk,No,Possible Minor Injury,None,39.05906953,-77.06885197,2024,9,10
240042953,09/10/2024 10:03:00 AM,HAMILTON SPRING RD,Pedestrian,Clear,Dry,Daylight,"Not Suspect of Alcohol Use, Not Suspect of Drug Use",Pedestrian,Other Working,Other,Other,Yes,Possible Minor Injury,Reflectors,38.98861496,-77.16815297,2024,9,10
240042885,09/09/2024 09:13:00 PM,FIELDS RD,Pedestrian,Clear,Dry,Medium,"Not Suspect of Alcohol Use, Not Suspect of Drug Use",Pedestrian,Cross/Enter at Intersection,None (No Improper Action),Intersection Marked Crosswalk,No,Possible Minor Injury,None,39.11583623,-77.20382941,2024,9,21
240042790,09/09/2024 02:44:00 PM,ROCK SPRING DR,Pedestrian,Clear,Dry,Daylight,"Not Suspect of Alcohol Use, Not Suspect of Drug Use",Pedestrian,Cross/Enter at Intersection,Dart/Dash,Intersection Marked Crosswalk,Yes,Possible Minor Injury,None,39.02675978,-77.12771321,2024,9,14
240042560,09/08/2024 04:40:00 AM,NEW HAMPSHIRE AVE (SB/L),Pedestrian,Clear,Dry,Dark,"Suspect of Alcohol Use, Unknown",Pedestrian,Cross/Enter at Intersection,Unknown,Intersection Other,Yes,Fatal Injury,None,39.02867395,-76.98327452,2024,9,4
240042507,09/07/2024 07:47:00 PM,NA,Pedestrian,Clear,NA,Medium,"Unknown, Unknown",Pedestrian,Cross/Enter at Intersection,None (No Improper Action),Intersection Marked Crosswalk,No,No Apparent Injury,None,39.05462575,-76.95611885,2024,9,19
240042354,09/06/2024 06:55:00 PM,W DIAMOND AVE (WB/L),Cyclist (non-electric),Clear,Dry,Daylight,"Not Suspect of Alcohol Use, Not Suspect of Drug Use",Cyclist (non-electric),Cross/Enter at Intersection,None (No Improper Action),Intersection Marked Crosswalk,No,Possible Minor Injury,None,39.14053567,-77.20945223,2024,9,18
240042272,09/06/2024 01:01:00 PM,KARA LA,Cyclist (non-electric),Cloudy,Dry,Daylight,"Not Suspect of Alcohol Use, Not Suspect of Drug Use",Cyclist (non-electric),Cross/Enter at Intersection,None (No Improper Action),Intersection Unmarked Crosswalk,No,No Apparent Injury,Unknown,39.0755665,-77.00053517,2024,9,13
240042227,09/06/2024 08:41:00 AM,DALEWOOD DR,Cyclist (Electric),Clear,Dry,Daylight,"Not Suspect of Alcohol Use, Not Suspect of Drug Use",Cyclist (Electric),Cross/Enter at Intersection,None (No Improper Action),Intersection Marked Crosswalk,No,Possible Minor Injury,Unknown,39.05921025,-77.06917922,2024,9,8
240042261,09/05/2024 01:15:00 PM,VEIRS MILL RD (WB/L),Pedestrian,Clear,Dry,Daylight,"Unknown, Unknown",Pedestrian,Cross/Enter Not at Intersection,Other,Shoulder/Roadside,Yes,Possible Minor Injury,None,39.03701011,-77.05100781,2024,9,13
240041930,09/04/2024 03:20:00 PM,NA,Pedestrian,Clear,Dry,Daylight,"Not Suspect of Alcohol Use, Not Suspect of Drug Use",Pedestrian,Cross/Enter at Intersection,"Failure to Obey Traffic Signs, Signals, or Officer",Intersection Marked Crosswalk,Yes,No Apparent Injury,None,39.00538358,-77.02277701,2024,9,15
240041652,09/03/2024 08:08:00 AM,NA,Pedestrian,Clear,NA,Daylight,"Not Suspect of Alcohol Use, Not Suspect of Drug Use",Pedestrian,Cross/Enter Not at Intersection,Failure to Yield Right-Of-Way,Other,No,Possible Minor Injury,None,39.16635011,-77.24670117,2024,9,8
240041626,09/02/2024 09:21:00 PM,GEORGIA AVE (SB/L),Pedestrian,Clear,Dry,Medium,"Not Suspect of Alcohol Use, Not Suspect of Drug Use",Pedestrian,Getting Off/On Vehicle,Entering/Exiting Parked/Standing Vehicle,Other,Yes,Possible Minor Injury,None,39.03211558,-77.04851317,2024,9,21
240041593,09/02/2024 06:22:00 PM,ASPEN HILL RD,Pedestrian,Clear,Dry,Daylight,"Not Suspect of Alcohol Use, Not Suspect of Drug Use",Pedestrian,Cross/Enter at Intersection,Dart/Dash,Intersection Marked Crosswalk,No,Suspected Serious Injury,None,39.07915718,-77.08712813,2024,9,18
240042127,09/02/2024 03:00:00 PM,TULIP DR,Pedestrian,Clear,Dry,Daylight,"Unknown, Unknown",Pedestrian,Other,Other,Shoulder/Roadside,No,Possible Minor Injury,None,39.13759112,-77.19061836,2024,9,15
240041558,09/02/2024 02:54:00 PM,WIGHTMAN RD,Cyclist (Electric),Clear,Dry,Daylight,"Not Suspect of Alcohol Use, Not Suspect of Drug Use",Cyclist (Electric),Walking/Cycling Along Roadway With Traffic (In or Adjacent to Travel Lane),None (No Improper Action),Shoulder/Roadside,No,Possible Minor Injury,Unknown,39.19406525,-77.19494219,2024,9,14
240041511,09/02/2024 08:11:00 AM,NA,"Other Pedestrian (person in a building, skater, personal conveyance, etc.)",Clear,NA,Daylight,"Not Suspect of Alcohol Use, Not Suspect of Drug Use","Other Pedestrian (person in a building, skater, personal conveyance, etc.)",Other,None (No Improper Action),Other,No,Possible Minor Injury,None,39.18837347,-77.20186459,2024,9,8
240041253,08/31/2024 01:06:00 PM,NA,Cyclist (non-electric),Cloudy,Dry,Daylight,"Not Suspect of Alcohol Use, Not Suspect of Drug Use",Cyclist (non-electric),None,None (No Improper Action),Separated Bike Lanes,No,No Apparent Injury,Helmet,39.09041919,-77.15369751,2024,8,13
240041201,08/31/2024 02:58:00 AM,NA,Pedestrian,Clear,NA,Medium,"Unknown, Unknown",Pedestrian,Standing,None (No Improper Action),Other,No,Possible Minor Injury,None,39.16694259,-77.17132507,2024,8,2
240041163,08/30/2024 08:18:00 PM,NA,Pedestrian,Clear,NA,Medium,"Unknown, Unknown",Pedestrian,Cross/Enter at Intersection,None (No Improper Action),Intersection Marked Crosswalk,No,No Apparent Injury,None,39.17096881,-77.20523324,2024,8,20
240041161,08/30/2024 08:00:00 PM,PARK RD (WB/L),Pedestrian,Clear,Dry,Dark,"Not Suspect of Alcohol Use, Not Suspect of Drug Use",Pedestrian,Cross/Enter at Intersection,None (No Improper Action),Intersection Marked Crosswalk,No,Possible Minor Injury,None,39.08552556,-77.14668688,2024,8,20
240041121,08/30/2024 04:04:00 PM,COLESVILLE RD,Scooter (electric),Cloudy,Dry,Daylight,"Not Suspect of Alcohol Use, Not Suspect of Drug Use",Scooter (electric),Cross/Enter at Intersection,None (No Improper Action),Intersection Unmarked Crosswalk,No,Possible Minor Injury,None,39.02793225,-77.00900529,2024,8,16
240041112,08/30/2024 03:35:00 PM,NA,Pedestrian,Cloudy,NA,Daylight,"Not Suspect of Alcohol Use, Not Suspect of Drug Use",Pedestrian,Cross/Enter Not at Intersection,None (No Improper Action),Intersection Marked Crosswalk,No,Possible Minor Injury,None,39.0788641,-77.07960701,2024,8,15
240041093,08/30/2024 01:42:00 PM,NA,Pedestrian,Cloudy,NA,Daylight,"Not Suspect of Alcohol Use, Not Suspect of Drug Use",Pedestrian,Standing,Unknown,NonTrafficway Area,Yes,Possible Minor Injury,None,39.08077603,-77.14607822,2024,8,13
240041477,08/29/2024 10:31:00 PM,W DEER PARK RD (WB/L),Pedestrian,Clear,Dry,Medium,"Not Suspect of Alcohol Use, Not Suspect of Drug Use",Pedestrian,Cross/Enter at Intersection,None (No Improper Action),Intersection Marked Crosswalk,No,Possible Minor Injury,None,39.13477125,-77.20578609,2024,8,22
240040952,08/29/2024 03:51:00 PM,NA,Pedestrian,Clear,Dry,Daylight,"Not Suspect of Alcohol Use, Not Suspect of Drug Use",Pedestrian,Cross/Enter at Intersection,"Dart/Dash, Failure to Obey Traffic Signs, Signals, or Officer, In Roadway Improperly (Standing, Lying, Working, Playing)",Intersection Other,Yes,Possible Minor Injury,None,39.16749165,-77.06793965,2024,8,15
240040945,08/29/2024 03:43:00 PM,KENNETT ST,Scooter (electric),Clear,Dry,Daylight,"Not Suspect of Alcohol Use, Not Suspect of Drug Use",Scooter (electric),Cross/Enter at Intersection,None (No Improper Action),Intersection Marked Crosswalk,No,Possible Minor Injury,None,38.98728559,-77.02777053,2024,8,15
240040825,08/28/2024 09:37:00 PM,THAYER AVE,Pedestrian,Clear,Dry,Medium,"Unknown, Unknown",Pedestrian,Other,"In Roadway Improperly (Standing, Lying, Working, Playing)",Shoulder/Roadside,No,Suspected Serious Injury,None,38.99307087,-77.02342134,2024,8,21
240040763,08/28/2024 03:00:00 PM,NA,Pedestrian,Clear,NA,Daylight,"Unknown, Unknown",Pedestrian,Cross/Enter Not at Intersection,None (No Improper Action),NonTrafficway Area,No,Possible Minor Injury,None,39.05612513,-77.08337787,2024,8,15
240040599,08/27/2024 05:35:00 PM,COLFAX ST,Cyclist (non-electric),Clear,Dry,Daylight,"Not Suspect of Alcohol Use, Not Suspect of Drug Use",Cyclist (non-electric),Other,None (No Improper Action),Intersection Other,No,Possible Minor Injury,Helmet,39.02827167,-77.08720667,2024,8,17
240040696,08/27/2024 12:00:00 PM,GROSVENOR PL,Cyclist (non-electric),Clear,Dry,Daylight,"Not Suspect of Alcohol Use, Not Suspect of Drug Use",Cyclist (non-electric),Walking/Cycling Along Roadway With Traffic (In or Adjacent to Travel Lane),None (No Improper Action),Shoulder/Roadside,No,Possible Minor Injury,Helmet,39.02763539,-77.1071842,2024,8,12
240040465,08/27/2024 06:55:00 AM,BOURNEFIELD WAY,Cyclist (Electric),Clear,Dry,Daylight,"Not Suspect of Alcohol Use, Not Suspect of Drug Use",Cyclist (Electric),Cross/Enter at Intersection,Unknown,Intersection Marked Crosswalk,No,No Apparent Injury,None,39.05556281,-76.96164673,2024,8,6
240040443,08/26/2024 05:00:00 PM,CORDELL AVE,Pedestrian,Clear,Dry,Daylight,"Unknown, Unknown",Pedestrian,Cross/Enter at Intersection,Dart/Dash,Intersection Marked Crosswalk,No,Possible Minor Injury,None,38.99083185,-77.09561066,2024,8,17
240040233,08/25/2024 05:20:00 PM,ST MARGARETS WAY,Scooter (electric),Clear,Dry,Daylight,"Not Suspect of Alcohol Use, Not Suspect of Drug Use",Scooter (electric),Standing,Failure to Yield Right-Of-Way,NonTrafficway Area,No,Possible Minor Injury,None,39.0316729,-77.05186466,2024,8,17
240040060,08/24/2024 01:43:00 PM,E MONTGOMERY AVE,Pedestrian,Clear,Dry,Daylight,"Not Suspect of Alcohol Use, Not Suspect of Drug Use",Pedestrian,None,None (No Improper Action),Travel Lane Other Location,No,Suspected Serious Injury,None,39.08411388,-77.14956697,2024,8,13
240040037,08/24/2024 09:54:00 AM,NA,Cyclist (non-electric),Clear,Dry,Daylight,"Not Suspect of Alcohol Use, Not Suspect of Drug Use",Cyclist (non-electric),Cross/Enter Not at Intersection,Failure to Yield Right-Of-Way,Driveway Access,Yes,Possible Minor Injury,None,39.17652336,-77.26924694,2024,8,9
240039986,08/23/2024 10:05:00 PM,MONTROSE RD (WB/L),Cyclist (Electric),Clear,Dry,Medium,"Not Suspect of Alcohol Use, Not Suspect of Drug Use",Cyclist (Electric),Walking/Cycling on Sidewalk,None (No Improper Action),Intersection Marked Crosswalk,No,No Apparent Injury,Unknown,39.05590032,-77.14961333,2024,8,22
240039789,08/22/2024 06:30:00 PM,NA,Pedestrian,Clear,NA,Daylight,"Unknown, Unknown",Pedestrian,Cross/Enter Not at Intersection,None (No Improper Action),Other,No,Possible Minor Injury,None,39.0833628,-76.94584732,2024,8,18
240039777,08/22/2024 06:26:00 PM,NA,Pedestrian,Clear,Dry,Daylight,"Not Suspect of Alcohol Use, Not Suspect of Drug Use",Pedestrian,Cross/Enter at Intersection,None (No Improper Action),Intersection Marked Crosswalk,No,Possible Minor Injury,None,39.04147389,-76.98294091,2024,8,18
240035989,08/21/2024 05:20:00 PM,S WESTLAND DR,Pedestrian,Clear,Dry,Daylight,"Not Suspect of Alcohol Use, Not Suspect of Drug Use",Pedestrian,Cross/Enter at Intersection,Unknown,Intersection Marked Crosswalk,No,Possible Minor Injury,None,39.12591519,-77.18288302,2024,8,17
240039393,08/20/2024 03:37:00 PM,S PARK AVE,Pedestrian,Clear,Dry,Daylight,"Not Suspect of Alcohol Use, Not Suspect of Drug Use",Pedestrian,Cross/Enter at Intersection,None (No Improper Action),Intersection Marked Crosswalk,No,Possible Minor Injury,None,38.9636814,-77.08714388,2024,8,15
240039366,08/20/2024 01:13:00 PM,GREAT SENECA HWY,"Other Pedestrian (person in a building, skater, personal conveyance, etc.)",Clear,Dry,Daylight,"Not Suspect of Alcohol Use, Not Suspect of Drug Use","Other Pedestrian (person in a building, skater, personal conveyance, etc.)",Other Working,None (No Improper Action),Travel Lane Other Location,No,Fatal Injury,None,39.11585044,-77.22315079,2024,8,13
240039168,08/19/2024 01:48:00 PM,DALE DR,Scooter (electric),Clear,Dry,Daylight,"Not Suspect of Alcohol Use, Not Suspect of Drug Use",Scooter (electric),Cross/Enter at Intersection,"Inattentive (Talking, Eating, etc.), None (No Improper Action)",Intersection Marked Crosswalk,Yes,Possible Minor Injury,None,39.00521457,-77.02278187,2024,8,13
240039168,08/19/2024 01:48:00 PM,DALE DR,Scooter (electric),Clear,Dry,Daylight,"Not Suspect of Alcohol Use, Not Suspect of Drug Use",Scooter (electric),Cross/Enter at Intersection,"Inattentive (Talking, Eating, etc.), None (No Improper Action)",Intersection Marked Crosswalk,No,Possible Minor Injury,None,39.00521457,-77.02278187,2024,8,13
240038860,08/17/2024 11:25:00 AM,NA,Unknown,Cloudy,NA,Daylight,"Not Suspect of Alcohol Use, Not Suspect of Drug Use",Unknown,None,None (No Improper Action),Other,No,No Apparent Injury,Other,38.99857529,-77.00397893,2024,8,11
240038809,08/16/2024 10:37:00 PM,S SUMMIT AVE,Pedestrian,Clear,Dry,Medium,"Unknown, Unknown",Pedestrian,Cross/Enter at Intersection,Unknown,Intersection Marked Crosswalk,No,Possible Minor Injury,None,39.13918461,-77.19388883,2024,8,22
240038586,08/15/2024 03:56:00 PM,NA,Cyclist (non-electric),Clear,Dry,Daylight,"Suspect of Alcohol Use, Not Suspect of Drug Use",Cyclist (non-electric),Standing,None (No Improper Action),Sidewalk,No,No Apparent Injury,Helmet,39.02525731,-77.04617356,2024,8,15
240038575,08/15/2024 02:10:00 PM,NA,Pedestrian,Clear,NA,Daylight,"Not Suspect of Alcohol Use, Not Suspect of Drug Use",Pedestrian,Standing,None (No Improper Action),Other,No,Possible Minor Injury,None,39.01429389,-77.10458823,2024,8,14
240038880,08/09/2024 10:00:00 AM,WISCONSIN AVE (SB/L),Pedestrian,Clear,Dry,Daylight,"Unknown, Unknown",Pedestrian,Walking/Cycling on Sidewalk,None (No Improper Action),Sidewalk,No,No Apparent Injury,None,38.97563932,-77.09023673,2024,8,10
240037511,08/08/2024 08:45:00 PM,MANOR RD,Pedestrian,Rain,Wet,Medium,"Unknown, Unknown",Pedestrian,Cross/Enter at Intersection,None (No Improper Action),Intersection Marked Crosswalk,No,Possible Minor Injury,None,38.99612451,-77.07707977,2024,8,20
240037314,08/07/2024 08:45:00 PM,JAEGER RD,Scooter (electric),Rain,Wet,Medium,"Not Suspect of Alcohol Use, Not Suspect of Drug Use",Scooter (electric),Cross/Enter Not at Intersection,Failure to Yield Right-Of-Way,Intersection Unmarked Crosswalk,Yes,No Apparent Injury,Lighting,39.2169725,-77.29690183,2024,8,20
240037251,08/07/2024 03:20:00 PM,CEDAR LA,Occupant Of a Non-Motor Vehicle Transportation Device,Cloudy,Dry,Daylight,"Not Suspect of Alcohol Use, Not Suspect of Drug Use",Occupant Of a Non-Motor Vehicle Transportation Device,Cross/Enter Not at Intersection,Failure to Yield Right-Of-Way,Travel Lane Other Location,Yes,Possible Minor Injury,"Reflective Wear (backpack, triangles, etc.)",39.00905406,-77.09220885,2024,8,15
240037202,08/07/2024 12:03:00 PM,W GREENVALE PKWY,Cyclist (non-electric),Clear,Dry,Daylight,"Not Suspect of Alcohol Use, Not Suspect of Drug Use",Cyclist (non-electric),Walking/Cycling Along Roadway Against Traffic (In or Adjacent to Travel Lane),None (No Improper Action),Shoulder/Roadside,No,Possible Minor Injury,"Helmet, Protective Pads (elbows, knees, shins, etc.)",38.98281107,-77.06055932,2024,8,12
240036949,08/05/2024 05:12:00 PM,NA,Pedestrian,Clear,NA,Daylight,"Unknown, Unknown",Pedestrian,Standing,Unknown,Other,No,Possible Minor Injury,None,39.15652094,-77.21366786,2024,8,17
240036835,08/05/2024 08:22:00 AM,MUSGROVE RD,Pedestrian,Clear,Dry,Daylight,"Not Suspect of Alcohol Use, Not Suspect of Drug Use",Pedestrian,Cross/Enter at Intersection,None (No Improper Action),Intersection Marked Crosswalk,No,Suspected Serious Injury,None,39.06778062,-76.95954629,2024,8,8
240036833,08/05/2024 08:10:00 AM,TRIMFIELD LA,Pedestrian,Clear,Dry,Daylight,"Not Suspect of Alcohol Use, Not Suspect of Drug Use",Pedestrian,Other,None (No Improper Action),Intersection Marked Crosswalk,No,Possible Minor Injury,None,39.18631928,-77.27359669,2024,8,8
240036833,08/05/2024 08:10:00 AM,TRIMFIELD LA,Pedestrian,Clear,Dry,Daylight,"Not Suspect of Alcohol Use, Not Suspect of Drug Use",Pedestrian,Cross/Enter at Intersection,None (No Improper Action),Intersection Marked Crosswalk,No,Possible Minor Injury,None,39.18631928,-77.27359669,2024,8,8
240036793,08/04/2024 08:25:00 PM,NA,Pedestrian,Clear,Dry,Medium,"Not Suspect of Alcohol Use, Not Suspect of Drug Use",Pedestrian,Cross/Enter Not at Intersection,None (No Improper Action),Travel Lane Other Location,No,Possible Minor Injury,None,39.15893146,-77.21104845,2024,8,20
240036664,08/03/2024 07:36:00 PM,NA,Pedestrian,Rain,NA,Daylight,"Not Suspect of Alcohol Use, Not Suspect of Drug Use",Pedestrian,Other,None (No Improper Action),Other,No,Possible Minor Injury,None,39.05723327,-77.1229836,2024,8,19
240036587,08/03/2024 12:51:00 PM,NEW HAMPSHIRE AVE,Pedestrian,Clear,Dry,Daylight,"Not Suspect of Alcohol Use, Not Suspect of Drug Use",Pedestrian,Cross/Enter Not at Intersection,Dart/Dash,Travel Lane Other Location,Yes,Possible Minor Injury,None,39.07454339,-77.00220428,2024,8,12
240036577,08/03/2024 12:00:00 PM,MACARTHUR BLVD,Cyclist (non-electric),Clear,Dry,Daylight,"Not Suspect of Alcohol Use, Not Suspect of Drug Use",Cyclist (non-electric),Walking/Cycling Along Roadway Against Traffic (In or Adjacent to Travel Lane),None (No Improper Action),Intersection Marked Crosswalk,No,No Apparent Injury,Unknown,38.96973175,-77.14141059,2024,8,12
240036561,08/03/2024 09:01:00 AM,MAIN ST,Cyclist (non-electric),Clear,Dry,Daylight,"Not Suspect of Alcohol Use, Not Suspect of Drug Use",Cyclist (non-electric),Walking/Cycling Along Roadway With Traffic (In or Adjacent to Travel Lane),None (No Improper Action),Intersection Other,No,Possible Minor Injury,"Helmet, Reflectors",39.28710118,-77.19972721,2024,8,9
240036475,08/02/2024 05:30:00 PM,NA,Wheelchair (electric),Clear,NA,Daylight,"Not Suspect of Alcohol Use, Not Suspect of Drug Use",Wheelchair (electric),Unknown,Unknown,Other,Yes,Possible Minor Injury,None,39.15485431,-77.04042973,2024,8,17
240036417,08/02/2024 01:22:00 PM,NA,Pedestrian,Clear,Dry,Daylight,"Not Suspect of Alcohol Use, Not Suspect of Drug Use",Pedestrian,Cross/Enter Not at Intersection,"In Roadway Improperly (Standing, Lying, Working, Playing)",Intersection Unmarked Crosswalk,Yes,Possible Minor Injury,None,38.9983434,-77.00244513,2024,8,13
240036398,08/02/2024 10:11:00 AM,MACARTHUR BLVD,Cyclist (non-electric),Clear,Other,Daylight,"Not Suspect of Alcohol Use, Not Suspect of Drug Use",Cyclist (non-electric),Walking/Cycling Along Roadway With Traffic (In or Adjacent to Travel Lane),None (No Improper Action),Median/Crossing Island,No,Possible Minor Injury,"Helmet, Lighting, Reflective Wear (backpack, triangles, etc.), Reflectors",38.96859387,-77.13859468,2024,8,10
240036296,08/01/2024 04:48:00 PM,FREDERICK RD,Pedestrian,Clear,Dry,Daylight,"Not Suspect of Alcohol Use, Not Suspect of Drug Use",Pedestrian,Cross/Enter at Intersection,None (No Improper Action),Intersection Marked Crosswalk,No,Possible Minor Injury,None,39.11729908,-77.16900744,2024,8,16
240036302,08/01/2024 03:15:00 PM,UNIVERSITY BLVD E (WB/L),Cyclist (non-electric),Clear,Dry,Daylight,"Not Suspect of Alcohol Use, Not Suspect of Drug Use",Cyclist (non-electric),Walking/Cycling Along Roadway Against Traffic (In or Adjacent to Travel Lane),"In Roadway Improperly (Standing, Lying, Working, Playing)",Travel Lane Other Location,Yes,Possible Minor Injury,None,39.02245517,-77.01586467,2024,8,15
240036156,07/31/2024 07:48:00 PM,GEORGIA AVE (SB/L),Cyclist (Electric),Clear,Dry,Daylight,"Not Suspect of Alcohol Use, Not Suspect of Drug Use",Cyclist (Electric),Other,"Failure to Obey Traffic Signs, Signals, or Officer, In Roadway Improperly (Standing, Lying, Working, Playing), Inattentive (Talking, Eating, etc.)",Other,Yes,Possible Minor Injury,None,38.99490383,-77.02715783,2024,7,19
240035977,07/30/2024 10:15:00 PM,GEORGIA AVE (SB/L),Pedestrian,Clear,Dry,Dark,"Not Suspect of Alcohol Use, Not Suspect of Drug Use",Pedestrian,Other,"In Roadway Improperly (Standing, Lying, Working, Playing), Not Visible (Dark Clothing, No Lighting, etc.)",Travel Lane Other Location,No,No Apparent Injury,None,39.10563754,-77.07652208,2024,7,22
240035968,07/30/2024 08:40:00 PM,DALEWOOD DR,Pedestrian,Clear,Dry,Medium,"Not Suspect of Alcohol Use, Not Suspect of Drug Use",Pedestrian,Cross/Enter at Intersection,"Not Visible (Dark Clothing, No Lighting, etc.)",Intersection Other,Yes,Possible Minor Injury,None,39.05910446,-77.06910479,2024,7,20
240035888,07/30/2024 01:02:00 PM,ALLIED PL,Pedestrian,Cloudy,Dry,Daylight,"Not Suspect of Alcohol Use, Not Suspect of Drug Use",Pedestrian,Cross/Enter Not at Intersection,Failure to Yield Right-Of-Way,Travel Lane Other Location,No,Possible Minor Injury,None,39.15061464,-77.19135549,2024,7,13
240035871,07/30/2024 11:11:00 AM,ODENDHAL AVE (EB/L),Pedestrian,Clear,Dry,Daylight,"Not Suspect of Alcohol Use, Not Suspect of Drug Use",Pedestrian,Cross/Enter at Intersection,None (No Improper Action),Intersection Marked Crosswalk,No,Possible Minor Injury,None,39.15051068,-77.20399225,2024,7,11
240035777,07/29/2024 06:25:00 PM,NA,Pedestrian,Clear,NA,Daylight,"Not Suspect of Alcohol Use, Not Suspect of Drug Use",Pedestrian,Cross/Enter Not at Intersection,"Dart/Dash, Failure to Obey Traffic Signs, Signals, or Officer, Other, Wrong-Way Riding or Walking",Travel Lane Other Location,Yes,Possible Minor Injury,None,39.18030889,-77.23685557,2024,7,18
24001524,07/28/2024 06:20:00 PM,NA,Pedestrian,Clear,NA,Daylight,"Not Suspect of Alcohol Use, Not Suspect of Drug Use",Pedestrian,Standing,None (No Improper Action),Other,No,Possible Minor Injury,None,38.95230817,-76.95163183,2024,7,18
240035544,07/28/2024 10:11:00 AM,BETHESDA AVE,Cyclist (non-electric),Clear,Dry,Daylight,"Not Suspect of Alcohol Use, Not Suspect of Drug Use",Cyclist (non-electric),Walking/Cycling on Sidewalk,Improper Turn/Merge),OnStreet Bike Lanes,Yes,Possible Minor Injury,None,38.981119,-77.09399717,2024,7,10
240035512,07/27/2024 11:56:00 PM,NA,Pedestrian,Clear,NA,Medium,"Unknown, Unknown",Pedestrian,Standing,None (No Improper Action),Other,No,Possible Minor Injury,None,39.14203074,-77.1916528,2024,7,23
240035498,07/27/2024 08:59:00 PM,UNIVERSITY BLVD E,Pedestrian,Clear,Dry,Medium,"Not Suspect of Alcohol Use, Not Suspect of Drug Use",Pedestrian,Cross/Enter Not at Intersection,Unknown,Travel Lane Other Location,No,Fatal Injury,None,39.00201999,-76.99573611,2024,7,20
240035464,07/27/2024 03:30:00 PM,FREDERICK RD (SB/L),Pedestrian,Clear,Dry,Daylight,"Not Suspect of Alcohol Use, Not Suspect of Drug Use",Pedestrian,Cross/Enter Not at Intersection,Dart/Dash,Travel Lane Other Location,Yes,Possible Minor Injury,None,39.16330606,-77.22608385,2024,7,15
240035360,07/26/2024 08:10:00 PM,NA,Pedestrian,Clear,NA,Daylight,"Not Suspect of Alcohol Use, Not Suspect of Drug Use",Pedestrian,Standing,"Inattentive (Talking, Eating, etc.)",Other,No,Possible Minor Injury,None,39.06081345,-77.12513362,2024,7,20
240035207,07/25/2024 06:20:00 PM,NA,Cyclist (non-electric),Cloudy,Dry,Daylight,"Not Suspect of Alcohol Use, Not Suspect of Drug Use",Cyclist (non-electric),Walking/Cycling Along Roadway With Traffic (In or Adjacent to Travel Lane),None (No Improper Action),Intersection Other,No,Suspected Serious Injury,"Helmet, Lighting",39.1792493,-77.41292448,2024,7,18
240035120,07/25/2024 01:05:00 PM,NA,Pedestrian,Cloudy,NA,Daylight,"Not Suspect of Alcohol Use, Not Suspect of Drug Use",Pedestrian,Other,None (No Improper Action),Other,No,Possible Minor Injury,None,39.03841117,-77.05670907,2024,7,13
240034935,07/24/2024 01:03:00 PM,BLAIR MILL RD,Cyclist (non-electric),Clear,Dry,Daylight,"Not Suspect of Alcohol Use, Not Suspect of Drug Use",Cyclist (non-electric),Walking/Cycling on Sidewalk,Unknown,Sidewalk,No,No Apparent Injury,None,38.98906515,-77.02776729,2024,7,13
240034801,07/23/2024 05:36:00 PM,GEORGIA AVE,Pedestrian,Clear,Dry,Daylight,"Not Suspect of Alcohol Use, Not Suspect of Drug Use",Pedestrian,Cross/Enter at Intersection,None (No Improper Action),Intersection Marked Crosswalk,No,Possible Minor Injury,None,38.99827494,-77.03067058,2024,7,17
240034690,07/23/2024 08:43:00 AM,NA,Pedestrian,Clear,Dry,Daylight,"Not Suspect of Alcohol Use, Not Suspect of Drug Use",Pedestrian,Cross/Enter at Intersection,None (No Improper Action),Intersection Unmarked Crosswalk,No,Possible Minor Injury,None,39.1700757,-77.17902897,2024,7,8
240034607,07/22/2024 04:38:00 PM,WISCONSIN CIR,Pedestrian,Clear,Dry,Daylight,"Not Suspect of Alcohol Use, Not Suspect of Drug Use",Pedestrian,Cross/Enter at Intersection,None (No Improper Action),Intersection Marked Crosswalk,No,Possible Minor Injury,None,38.96189063,-77.08536461,2024,7,16
240034580,07/22/2024 01:40:00 PM,LONG CORNER RD,Pedestrian,Rain,Wet,Daylight,"Suspect of Alcohol Use, Not Suspect of Drug Use",Pedestrian,Other,Unknown,Shoulder/Roadside,No,Possible Minor Injury,None,39.28970664,-77.16109331,2024,7,13
240034353,07/20/2024 10:43:00 PM,NEW HAMPSHIRE AVE (SB/L),Cyclist (non-electric),Clear,Dry,Dark,"Not Suspect of Alcohol Use, Not Suspect of Drug Use",Cyclist (non-electric),Walking/Cycling Along Roadway With Traffic (In or Adjacent to Travel Lane),"Not Visible (Dark Clothing, No Lighting, etc.)",OnStreet Bike Lanes,No,Possible Minor Injury,None,39.02607271,-76.98112869,2024,7,22
240034286,07/20/2024 02:20:00 PM,NA,Pedestrian,Cloudy,NA,Daylight,"Not Suspect of Alcohol Use, Not Suspect of Drug Use",Pedestrian,Other,None (No Improper Action),Driveway Access,No,Possible Minor Injury,None,39.14570983,-77.20552117,2024,7,14
240034253,07/20/2024 10:40:00 AM,GEORGIA AVE (SB/L),Cyclist (non-electric),Clear,Dry,Daylight,"Not Suspect of Alcohol Use, Not Suspect of Drug Use",Cyclist (non-electric),Walking/Cycling Along Roadway With Traffic (In or Adjacent to Travel Lane),Improper Turn/Merge),Travel Lane Other Location,No,Suspected Serious Injury,Helmet,39.07042517,-77.0630785,2024,7,10
240034192,07/19/2024 09:15:00 PM,THOMPSON AVE,Pedestrian,Clear,Dry,Medium,"Not Suspect of Alcohol Use, Not Suspect of Drug Use",Pedestrian,Cross/Enter at Intersection,None (No Improper Action),Intersection Marked Crosswalk,No,Possible Minor Injury,None,39.06002079,-77.1201543,2024,7,21
240034186,07/19/2024 09:15:00 PM,GUNNERS BRANCH RD,Cyclist (Electric),Cloudy,Dry,Medium,"Not Suspect of Alcohol Use, Not Suspect of Drug Use",Cyclist (Electric),Cross/Enter at Intersection,"Failure to Obey Traffic Signs, Signals, or Officer, Failure to Yield Right-Of-Way",Travel Lane Other Location,Yes,Possible Minor Injury,None,39.17540204,-77.23822779,2024,7,21
240034144,07/19/2024 04:59:00 PM,SYCAMORE AVE,Pedestrian,Clear,Dry,Daylight,"Not Suspect of Alcohol Use, Not Suspect of Drug Use",Pedestrian,Getting Off/On Vehicle,"Entering/Exiting Parked/Standing Vehicle, Other",Driveway Access,No,Possible Minor Injury,None,38.97641824,-77.00453773,2024,7,16
240034043,07/19/2024 06:28:00 AM,NA,Cyclist (non-electric),Cloudy,Dry,Daylight,"Not Suspect of Alcohol Use, Not Suspect of Drug Use",Cyclist (non-electric),Walking/Cycling Along Roadway With Traffic (In or Adjacent to Travel Lane),None (No Improper Action),Travel Lane Other Location,No,Possible Minor Injury,None,38.99367978,-77.0323648,2024,7,6
240033854,07/17/2024 05:47:00 PM,NA,Pedestrian,Clear,NA,Daylight,"Unknown, Unknown",Pedestrian,Walking/Cycling on Sidewalk,None (No Improper Action),Driveway Access,No,Possible Minor Injury,None,39.07844182,-77.071745,2024,7,17
240033573,07/16/2024 03:00:00 PM,CHERRY TREE LA,Scooter (electric),Clear,Dry,Daylight,"Not Suspect of Alcohol Use, Not Suspect of Drug Use",Scooter (electric),Cross/Enter at Intersection,"Inattentive (Talking, Eating, etc.)",Intersection Unmarked Crosswalk,Yes,Possible Minor Injury,None,39.02564708,-77.00448051,2024,7,15
240033576,07/16/2024 12:30:00 PM,CHEVY CHASE LAKE TER,Pedestrian,Clear,Dry,Daylight,"Not Suspect of Alcohol Use, Not Suspect of Drug Use",Pedestrian,Getting Off/On Vehicle,None (No Improper Action),Travel Lane Other Location,No,No Apparent Injury,None,38.99545804,-77.07582841,2024,7,12
240033251,07/14/2024 07:45:00 PM,GEORGIA AVE,Pedestrian,Clear,Dry,Daylight,"Not Suspect of Alcohol Use, Not Suspect of Drug Use",Pedestrian,Cross/Enter at Intersection,None (No Improper Action),Intersection Marked Crosswalk,No,Possible Minor Injury,None,39.0530695,-77.05088383,2024,7,19
240033247,07/14/2024 07:18:00 PM,GEORGIA AVE,Scooter (electric),Clear,Dry,Daylight,"Not Suspect of Alcohol Use, Not Suspect of Drug Use",Scooter (electric),Other,Unknown,Intersection Marked Crosswalk,Yes,Possible Minor Injury,None,38.99031993,-77.02653908,2024,7,19
240033235,07/14/2024 06:00:00 PM,NA,Scooter (electric),Clear,NA,Daylight,"Unknown, Unknown",Scooter (electric),Walking/Cycling on Sidewalk,None (No Improper Action),Driveway Access,No,Possible Minor Injury,None,38.99770457,-77.03005705,2024,7,18
240033105,07/13/2024 06:08:00 PM,DILSTON RD,Cyclist (non-electric),Clear,Dry,Daylight,"Not Suspect of Alcohol Use, Not Suspect of Drug Use",Cyclist (non-electric),Cross/Enter at Intersection,"Failure to Obey Traffic Signs, Signals, or Officer",Intersection Marked Crosswalk,Yes,Possible Minor Injury,None,39.01143909,-76.97903835,2024,7,18
240033057,07/13/2024 11:21:00 AM,NA,Pedestrian,Clear,NA,Daylight,"Not Suspect of Alcohol Use, Not Suspect of Drug Use",Pedestrian,Walking/Cycling on Sidewalk,None (No Improper Action),Sidewalk,No,Possible Minor Injury,None,39.03981656,-77.10981687,2024,7,11
240032939,07/12/2024 05:00:00 PM,MUDDY BRANCH RD (SB/L),Unknown Type Of Non-Motorist,Clear,Dry,Daylight,"Not Suspect of Alcohol Use, Not Suspect of Drug Use",Unknown Type Of Non-Motorist,Cross/Enter at Intersection,Failure to Yield Right-Of-Way,Intersection Other,Yes,Suspected Serious Injury,None,39.11514333,-77.21599867,2024,7,17
240032948,07/12/2024 04:14:00 PM,COLESVILLE RD,Cyclist (non-electric),Cloudy,Wet,Daylight,"Not Suspect of Alcohol Use, Not Suspect of Drug Use",Cyclist (non-electric),Cross/Enter at Intersection,None (No Improper Action),Intersection Marked Crosswalk,No,Possible Minor Injury,None,38.99421812,-77.03097413,2024,7,16
240032765,07/11/2024 04:24:00 PM,LINTON ST,Cyclist (non-electric),Clear,Dry,Daylight,"Not Suspect of Alcohol Use, Not Suspect of Drug Use",Cyclist (non-electric),Cross/Enter at Intersection,"Failure to Obey Traffic Signs, Signals, or Officer, Inattentive (Talking, Eating, etc.)",Intersection Other,Yes,Suspected Serious Injury,None,39.00378717,-76.99330517,2024,7,16
240032727,07/11/2024 01:39:00 PM,BETHESDA AVE,Cyclist (non-electric),Clear,Dry,Daylight,"Not Suspect of Alcohol Use, Not Suspect of Drug Use",Cyclist (non-electric),Cross/Enter at Intersection,None (No Improper Action),Intersection Marked Crosswalk,No,Possible Minor Injury,Unknown,38.98109123,-77.09277356,2024,7,13
240032627,07/10/2024 11:35:00 PM,MONTGOMERY VILLAGE AVE,Pedestrian,Clear,Dry,Medium,"Not Suspect of Alcohol Use, Not Suspect of Drug Use",Pedestrian,Cross/Enter at Intersection,"Dart/Dash, Failure to Yield Right-Of-Way, Not Visible (Dark Clothing, No Lighting, etc.)",Travel Lane Other Location,No,Possible Minor Injury,None,39.1584435,-77.20367813,2024,7,23
240032387,07/09/2024 08:02:00 PM,ARORA HILLS DR,Cyclist (non-electric),Clear,Dry,Daylight,"Not Suspect of Alcohol Use, Not Suspect of Drug Use",Cyclist (non-electric),Cross/Enter at Intersection,"Dart/Dash, Failure to Obey Traffic Signs, Signals, or Officer, Failure to Yield Right-Of-Way",Driveway Access,Yes,Possible Minor Injury,None,39.23150167,-77.24889833,2024,7,20
240032286,07/09/2024 11:08:00 AM,ORCHARD BROOK DR,Pedestrian,Clear,Dry,Daylight,NA,Pedestrian,Other,Other,Driveway Access,Yes,Possible Minor Injury,None,39.06119767,-77.18940983,2024,7,11
240032218,07/08/2024 08:13:00 PM,NA,Pedestrian,Clear,NA,Daylight,"Not Suspect of Alcohol Use, Not Suspect of Drug Use",Pedestrian,Standing,None (No Improper Action),Driveway Access,No,Possible Minor Injury,None,39.20313147,-77.2645931,2024,7,20
240028452,07/08/2024 06:30:00 AM,BEGONIA WAY,Pedestrian,Clear,Dry,Daylight,"Not Suspect of Alcohol Use, Not Suspect of Drug Use",Pedestrian,Cross/Enter at Intersection,None (No Improper Action),Intersection Unmarked Crosswalk,No,Possible Minor Injury,None,39.15740393,-77.16958744,2024,7,6
240032045,07/07/2024 09:40:00 PM,NA,Pedestrian,Clear,NA,Medium,"Not Suspect of Alcohol Use, Not Suspect of Drug Use, Unknown, Unknown",Pedestrian,Standing,None (No Improper Action),Other,No,No Apparent Injury,None,38.99824041,-77.00109701,2024,7,21
240032045,07/07/2024 09:40:00 PM,NA,Pedestrian,Clear,NA,Medium,"Not Suspect of Alcohol Use, Not Suspect of Drug Use, Unknown, Unknown",Pedestrian,Standing,None (No Improper Action),Other,No,No Apparent Injury,None,38.99824041,-77.00109701,2024,7,21
240032015,07/07/2024 05:59:00 PM,MONTGOMERY VILLAGE AVE (SB/L),Pedestrian,Clear,Dry,Daylight,"Not Suspect of Alcohol Use, Not Suspect of Drug Use",Pedestrian,Standing,None (No Improper Action),Intersection Marked Crosswalk,No,Possible Minor Injury,None,39.16780443,-77.20505412,2024,7,17
240032008,07/07/2024 05:27:00 PM,NA,Cyclist (non-electric),Clear,Dry,Daylight,"Not Suspect of Alcohol Use, Not Suspect of Drug Use",Cyclist (non-electric),Cross/Enter at Intersection,"Failure to Obey Traffic Signs, Signals, or Officer",Intersection Marked Crosswalk,No,Possible Minor Injury,None,38.9935308,-77.0321831,2024,7,17
240032219,07/06/2024 11:45:00 AM,MONTROSE PKWY,Cyclist (non-electric),Clear,Dry,Daylight,"Not Suspect of Alcohol Use, Not Suspect of Drug Use",Cyclist (non-electric),Cross/Enter at Intersection,None (No Improper Action),Intersection Marked Crosswalk,No,Possible Minor Injury,Helmet,39.05275733,-77.11540621,2024,7,11
240031817,07/06/2024 10:13:00 AM,MACARTHUR BLVD,Cyclist (non-electric),Clear,Dry,Daylight,"Not Suspect of Alcohol Use, Not Suspect of Drug Use",Cyclist (non-electric),Walking/Cycling Along Roadway With Traffic (In or Adjacent to Travel Lane),Other,Travel Lane Other Location,Yes,Possible Minor Injury,Helmet,38.98257417,-77.22673683,2024,7,10
240031762,07/05/2024 09:25:00 PM,NA,Pedestrian,Clear,Dry,Medium,"Not Suspect of Alcohol Use, Not Suspect of Drug Use",Pedestrian,Cross/Enter at Intersection,None (No Improper Action),Intersection Marked Crosswalk,No,Possible Minor Injury,None,39.16140052,-77.22264372,2024,7,21
240031575,07/05/2024 04:31:00 PM,NA,Scooter (non-Electric),Clear,Dry,Daylight,"Not Suspect of Alcohol Use, Not Suspect of Drug Use",Scooter (non-Electric),Cross/Enter at Intersection,Failure to Yield Right-Of-Way,Intersection Unmarked Crosswalk,Yes,Possible Minor Injury,None,39.23630848,-77.26186039,2024,7,16
240031646,07/05/2024 08:44:00 AM,GEORGIA AVE (SB/L),Cyclist (non-electric),Clear,Dry,Daylight,"Not Suspect of Alcohol Use, Not Suspect of Drug Use",Cyclist (non-electric),Cross/Enter at Intersection,Unknown,Intersection Marked Crosswalk,No,No Apparent Injury,Helmet,39.12614608,-77.07261279,2024,7,8
240031418,07/03/2024 04:50:00 AM,NEW HAMPSHIRE AVE SER RD,Pedestrian,Clear,NA,Medium,"Unknown, Unknown",Pedestrian,Other Working,None (No Improper Action),Intersection Marked Crosswalk,No,Possible Minor Injury,None,39.01542333,-76.97791332,2024,7,4
240031266,07/02/2024 04:35:00 PM,NA,Pedestrian,Clear,NA,Daylight,"Not Suspect of Alcohol Use, Not Suspect of Drug Use",Pedestrian,Other,Other,Other,Yes,Possible Minor Injury,None,39.14455605,-77.21957523,2024,7,16
240031248,07/02/2024 03:29:00 PM,NA,Pedestrian,Clear,NA,Daylight,"Not Suspect of Alcohol Use, Not Suspect of Drug Use",Pedestrian,Other,None (No Improper Action),Driveway Access,No,Possible Minor Injury,None,39.04848233,-77.102242,2024,7,15
240031111,07/01/2024 07:02:00 PM,NA,Pedestrian,Clear,Dry,Daylight,"Unknown, Unknown",Pedestrian,Walking/Cycling Along Roadway Against Traffic (In or Adjacent to Travel Lane),None (No Improper Action),OnStreet Bike Lanes,No,Possible Minor Injury,None,39.01581641,-77.03994642,2024,7,19
240031080,07/01/2024 04:35:00 PM,HUNGERFORD DR,Wheelchair (electric),Clear,Dry,Daylight,"Not Suspect of Alcohol Use, Not Suspect of Drug Use",Wheelchair (electric),Walking/Cycling on Sidewalk,None (No Improper Action),Driveway Access,No,Possible Minor Injury,None,39.09476779,-77.15319541,2024,7,16
240031033,07/01/2024 12:40:00 PM,NA,"Other Pedestrian (person in a building, skater, personal conveyance, etc.)",Clear,NA,Daylight,"Not Suspect of Alcohol Use, Not Suspect of Drug Use","Other Pedestrian (person in a building, skater, personal conveyance, etc.)",Standing,None (No Improper Action),Other,No,Possible Minor Injury,None,39.04179573,-77.04923866,2024,7,12
240030898,06/30/2024 01:29:00 PM,GEORGIA AVE (SB/L),Cyclist (non-electric),Clear,Dry,Daylight,"Not Suspect of Alcohol Use, Not Suspect of Drug Use",Cyclist (non-electric),Walking/Cycling on Sidewalk,None (No Improper Action),Driveway Access,No,No Apparent Injury,Helmet,38.99129379,-77.0267533,2024,6,13
240030725,06/29/2024 11:22:00 AM,NA,Pedestrian,Clear,NA,Daylight,"Unknown, Unknown",Pedestrian,Cross/Enter Not at Intersection,None (No Improper Action),Travel Lane Other Location,No,Possible Minor Injury,None,39.08025277,-77.07335497,2024,6,11
240030530,06/28/2024 09:02:00 AM,LOCKWOOD DR,Pedestrian,Clear,Dry,Daylight,"Not Suspect of Alcohol Use, Not Suspect of Drug Use, Not Suspect of Alcohol Use, Not Suspect of Drug Use",Pedestrian,Standing,None (No Improper Action),Shoulder/Roadside,No,Possible Minor Injury,None,39.0379242,-76.99440642,2024,6,9
240030530,06/28/2024 09:02:00 AM,LOCKWOOD DR,Pedestrian,Clear,Dry,Daylight,"Not Suspect of Alcohol Use, Not Suspect of Drug Use, Not Suspect of Alcohol Use, Not Suspect of Drug Use",Pedestrian,Standing,None (No Improper Action),Shoulder/Roadside,No,Possible Minor Injury,None,39.0379242,-76.99440642,2024,6,9
240030460,06/27/2024 07:47:00 PM,ELKIN ST,Cyclist (non-electric),Clear,Dry,Daylight,"Not Suspect of Alcohol Use, Not Suspect of Drug Use",Cyclist (non-electric),Cross/Enter at Intersection,Failure to Yield Right-Of-Way,Intersection Unmarked Crosswalk,Yes,Possible Minor Injury,None,39.04447922,-77.0490021,2024,6,19
240030409,06/27/2024 02:45:00 PM,NA,Pedestrian,Clear,NA,Daylight,"Not Suspect of Alcohol Use, Not Suspect of Drug Use",Pedestrian,Other,None (No Improper Action),Other,No,Suspected Serious Injury,None,39.19829218,-77.25145092,2024,6,14
240030394,06/27/2024 01:42:00 PM,WALTON RD,Pedestrian,Clear,Dry,Daylight,"Not Suspect of Alcohol Use, Not Suspect of Drug Use",Pedestrian,Standing,Unknown,Travel Lane Other Location,No,Possible Minor Injury,None,39.00986683,-77.11743058,2024,6,13
240030308,06/26/2024 09:58:00 PM,WASHINGTON GROVE LA,Pedestrian,Rain,Wet,Dark,"Not Suspect of Alcohol Use, Not Suspect of Drug Use",Pedestrian,Cross/Enter Not at Intersection,"Dart/Dash, Inattentive (Talking, Eating, etc.), Not Visible (Dark Clothing, No Lighting, etc.)",Travel Lane Other Location,Yes,Suspected Serious Injury,None,39.1522949,-77.16479472,2024,6,21
240030113,06/25/2024 06:37:00 PM,STRAWBERRY KNOLL RD,Cyclist (Electric),Clear,Dry,Daylight,"Unknown, Unknown",Cyclist (Electric),Walking/Cycling Along Roadway With Traffic (In or Adjacent to Travel Lane),None (No Improper Action),Shoulder/Roadside,No,Possible Minor Injury,Helmet,39.16819578,-77.17985375,2024,6,18
240030045,06/25/2024 12:46:00 PM,NO NAME,Pedestrian,Cloudy,Dry,Daylight,"Not Suspect of Alcohol Use, Not Suspect of Drug Use",Pedestrian,Walking/Cycling Along Roadway Against Traffic (In or Adjacent to Travel Lane),"In Roadway Improperly (Standing, Lying, Working, Playing)",Travel Lane Other Location,Yes,Possible Minor Injury,None,39.122285,-77.23392333,2024,6,12
240030019,06/25/2024 09:46:00 AM,NA,Pedestrian,Clear,Dry,Daylight,"Not Suspect of Alcohol Use, Not Suspect of Drug Use",Pedestrian,Cross/Enter Not at Intersection,Dart/Dash,Travel Lane Other Location,Yes,Possible Minor Injury,None,38.96121317,-77.09816067,2024,6,9
240029977,06/24/2024 09:55:00 PM,NICHOLSON LA,Pedestrian,Clear,Dry,Medium,"Not Suspect of Alcohol Use, Not Suspect of Drug Use",Pedestrian,Cross/Enter Not at Intersection,"In Roadway Improperly (Standing, Lying, Working, Playing), Not Visible (Dark Clothing, No Lighting, etc.), Other",Travel Lane Other Location,Yes,Possible Minor Injury,None,39.04744423,-77.10214177,2024,6,21
240029942,06/24/2024 05:41:00 PM,NA,Pedestrian,Clear,NA,Daylight,"Not Suspect of Alcohol Use, Not Suspect of Drug Use",Pedestrian,Other,None (No Improper Action),Other,No,Possible Minor Injury,None,38.97832867,-77.08997755,2024,6,17
240029888,06/24/2024 02:10:00 PM,NA,Cyclist (non-electric),Clear,NA,Daylight,"Not Suspect of Alcohol Use, Not Suspect of Drug Use",Cyclist (non-electric),Walking/Cycling on Sidewalk,None (No Improper Action),Driveway Access,No,Possible Minor Injury,Unknown,39.03926731,-77.05235801,2024,6,14
240029707,06/23/2024 11:00:00 AM,RIVER RD,Cyclist (non-electric),Cloudy,Dry,Daylight,"Not Suspect of Alcohol Use, Not Suspect of Drug Use",Cyclist (non-electric),Walking/Cycling Along Roadway With Traffic (In or Adjacent to Travel Lane),"Inattentive (Talking, Eating, etc.)",Travel Lane Other Location,Yes,Possible Minor Injury,Helmet,39.02959499,-77.22828614,2024,6,11
240029645,06/22/2024 07:34:00 PM,NA,Cyclist (non-electric),Clear,Dry,Daylight,"Not Suspect of Alcohol Use, Not Suspect of Drug Use",Cyclist (non-electric),Cross/Enter at Intersection,Other,Intersection Other,Yes,Possible Minor Injury,None,39.18783438,-77.18696789,2024,6,19
240029630,06/22/2024 05:41:00 PM,NA,Pedestrian,Clear,NA,Daylight,"Not Suspect of Alcohol Use, Not Suspect of Drug Use",Pedestrian,Cross/Enter Not at Intersection,Dart/Dash,Travel Lane Other Location,Yes,Possible Minor Injury,None,39.17157726,-77.20507312,2024,6,17
240029615,06/22/2024 04:34:00 PM,FREDERICK RD,Pedestrian,Clear,Dry,Daylight,"Not Suspect of Alcohol Use, Not Suspect of Drug Use",Pedestrian,Cross/Enter at Intersection,None (No Improper Action),Intersection Marked Crosswalk,No,Possible Minor Injury,None,39.11742428,-77.16901823,2024,6,16
240029440,06/21/2024 12:05:00 PM,NEW HAMPSHIRE AVE (SB/L),Scooter (electric),Clear,Dry,Daylight,"Not Suspect of Alcohol Use, Not Suspect of Drug Use",Scooter (electric),Cross/Enter at Intersection,"Failure to Obey Traffic Signs, Signals, or Officer",Intersection Marked Crosswalk,No,Possible Minor Injury,None,39.03979415,-76.99075001,2024,6,12
240029430,06/21/2024 10:00:00 AM,E JEFFERSON ST,Pedestrian,Clear,Dry,Daylight,"Not Suspect of Alcohol Use, Not Suspect of Drug Use",Pedestrian,Other Working,None (No Improper Action),Intersection Other,No,Possible Minor Injury,"Reflective Wear (backpack, triangles, etc.)",39.05090634,-77.12610338,2024,6,10
240029336,06/20/2024 05:15:00 PM,NA,Pedestrian,Clear,NA,Daylight,"Not Suspect of Alcohol Use, Not Suspect of Drug Use",Pedestrian,Walking/Cycling Along Roadway Against Traffic (In or Adjacent to Travel Lane),None (No Improper Action),Other,No,Possible Minor Injury,None,39.15644589,-77.21386805,2024,6,17
240029336,06/20/2024 05:15:00 PM,NA,Pedestrian,Clear,NA,Daylight,"Not Suspect of Alcohol Use, Not Suspect of Drug Use",Pedestrian,Walking/Cycling Along Roadway Against Traffic (In or Adjacent to Travel Lane),None (No Improper Action),Other,No,No Apparent Injury,None,39.15644589,-77.21386805,2024,6,17
240029325,06/20/2024 05:11:00 PM,QUINCE ORCHARD RD (SB/L),Pedestrian,Clear,Dry,Daylight,"Not Suspect of Alcohol Use, Not Suspect of Drug Use",Pedestrian,Cross/Enter at Intersection,Failure to Yield Right-Of-Way,Intersection Marked Crosswalk,No,Possible Minor Injury,None,39.14510035,-77.21997238,2024,6,17
240029321,06/20/2024 04:41:00 PM,NA,Pedestrian,Clear,Dry,Daylight,"Not Suspect of Alcohol Use, Not Suspect of Drug Use",Pedestrian,Cross/Enter at Intersection,Unknown,Intersection Marked Crosswalk,No,Possible Minor Injury,None,39.02641051,-77.14402384,2024,6,16
240029248,06/20/2024 09:59:00 AM,WILSON LA (WB/L),Cyclist (non-electric),Clear,Dry,Daylight,"Not Suspect of Alcohol Use, Not Suspect of Drug Use",Cyclist (non-electric),Standing,None (No Improper Action),Travel Lane Other Location,No,Possible Minor Injury,Helmet,38.98399202,-77.13715592,2024,6,9
240029193,06/19/2024 06:58:00 PM,NA,Scooter (electric),Clear,NA,Daylight,"Unknown, Unknown",Scooter (electric),Walking/Cycling on Sidewalk,None (No Improper Action),Sidewalk,No,Possible Minor Injury,None,39.02066497,-77.01440095,2024,6,18
240029076,06/19/2024 07:45:00 AM,MOLECULAR DR (SB/L),Pedestrian,Clear,Dry,Daylight,"Not Suspect of Alcohol Use, Not Suspect of Drug Use",Pedestrian,Cross/Enter at Intersection,None (No Improper Action),Intersection Marked Crosswalk,No,Possible Minor Injury,None,39.09265667,-77.21064667,2024,6,7
240029076,06/19/2024 07:45:00 AM,MOLECULAR DR (SB/L),Pedestrian,Clear,Dry,Daylight,"Not Suspect of Alcohol Use, Not Suspect of Drug Use",Pedestrian,Cross/Enter at Intersection,None (No Improper Action),Intersection Marked Crosswalk,No,Possible Minor Injury,None,39.09265667,-77.21064667,2024,6,7
240028629,06/16/2024 10:58:00 AM,NA,Scooter (electric),Clear,NA,Daylight,"Not Suspect of Alcohol Use, Not Suspect of Drug Use",Scooter (electric),Walking/Cycling on Sidewalk,None (No Improper Action),Driveway Access,No,Possible Minor Injury,None,39.07920182,-77.07283351,2024,6,10
240028594,06/16/2024 01:39:00 AM,NA,Cyclist (non-electric),Clear,NA,Medium,"Unknown, Unknown",Cyclist (non-electric),Walking/Cycling on Sidewalk,None (No Improper Action),Driveway Access,No,Possible Minor Injury,None,39.05907262,-77.05004018,2024,6,1
240028574,06/15/2024 10:45:00 PM,ELM ST,Pedestrian,Clear,Dry,Medium,"Not Suspect of Alcohol Use, Not Suspect of Drug Use, Not Suspect of Alcohol Use, Not Suspect of Drug Use, Unknown, Unknown",Pedestrian,Other,Entering/Exiting Parked/Standing Vehicle,Shoulder/Roadside,No,Possible Minor Injury,None,38.98208602,-77.09833455,2024,6,22
240028574,06/15/2024 10:45:00 PM,ELM ST,Pedestrian,Clear,Dry,Medium,"Not Suspect of Alcohol Use, Not Suspect of Drug Use, Not Suspect of Alcohol Use, Not Suspect of Drug Use, Unknown, Unknown",Pedestrian,Other,Entering/Exiting Parked/Standing Vehicle,Shoulder/Roadside,No,Possible Minor Injury,None,38.98208602,-77.09833455,2024,6,22
240028528,06/15/2024 05:30:00 PM,NA,Cyclist (Electric),Clear,Dry,Daylight,"Not Suspect of Alcohol Use, Not Suspect of Drug Use",Cyclist (Electric),Other,Improper Passing,Other,Yes,Possible Minor Injury,None,39.01480934,-76.9750047,2024,6,17
240028480,06/15/2024 11:58:00 AM,NA,Pedestrian,Clear,NA,Daylight,"Not Suspect of Alcohol Use, Not Suspect of Drug Use",Pedestrian,Walking/Cycling on Sidewalk,None (No Improper Action),Driveway Access,No,Possible Minor Injury,None,39.06083701,-77.05172456,2024,6,11
240028400,06/14/2024 07:09:00 PM,ROSEMARY ST #2,Cyclist (non-electric),Clear,Dry,Daylight,"Not Suspect of Alcohol Use, Not Suspect of Drug Use",Cyclist (non-electric),None,Other,Other,No,Possible Minor Injury,None,38.97782517,-77.07825833,2024,6,19
240028307,06/14/2024 10:45:00 AM,GOOD HOPE RD,Cyclist (non-electric),Clear,Dry,Daylight,"Not Suspect of Alcohol Use, Not Suspect of Drug Use",Cyclist (non-electric),Walking/Cycling Along Roadway With Traffic (In or Adjacent to Travel Lane),None (No Improper Action),Other,No,Possible Minor Injury,Helmet,39.09892295,-76.98443781,2024,6,10
240028268,06/14/2024 06:44:00 AM,CONNECTOR RD,Cyclist (non-electric),Clear,Dry,Daylight,"Not Suspect of Alcohol Use, Not Suspect of Drug Use",Cyclist (non-electric),Cross/Enter at Intersection,None (No Improper Action),Intersection Marked Crosswalk,No,Possible Minor Injury,Helmet,38.96457655,-77.13603545,2024,6,6
240028091,06/13/2024 09:10:00 AM,NA,Pedestrian,Clear,Dry,Daylight,"Not Suspect of Alcohol Use, Not Suspect of Drug Use",Pedestrian,Cross/Enter Not at Intersection,Dart/Dash,Shoulder/Roadside,Yes,Possible Minor Injury,None,39.03809458,-76.99413381,2024,6,9
240028081,06/13/2024 08:08:00 AM,NA,Occupant of Motor Vehicle Not in Transport,Clear,Dry,Daylight,"Not Suspect of Alcohol Use, Not Suspect of Drug Use, Not Suspect of Alcohol Use, Not Suspect of Drug Use",Occupant of Motor Vehicle Not in Transport,Other Working,None (No Improper Action),Other,No,Suspected Serious Injury,Reflectors,39.11804553,-76.97834633,2024,6,8
240028019,06/12/2024 05:47:00 PM,COLESVILLE RD (WB/L),Cyclist (non-electric),Cloudy,Dry,Daylight,"Not Suspect of Alcohol Use, Not Suspect of Drug Use",Cyclist (non-electric),Cross/Enter at Intersection,None (No Improper Action),Intersection Marked Crosswalk,No,Possible Minor Injury,Helmet,38.99368589,-77.03235792,2024,6,17
240026966,06/12/2024 04:21:00 PM,GREAT SENECA HWY (SB/L),Cyclist (non-electric),Clear,Dry,Daylight,"Unknown, Unknown",Cyclist (non-electric),Cross/Enter at Intersection,None (No Improper Action),Intersection Marked Crosswalk,No,Possible Minor Injury,None,39.15708253,-77.27609527,2024,6,16
240027904,06/12/2024 08:07:00 AM,NA,Pedestrian,Clear,Dry,Daylight,"Not Suspect of Alcohol Use, Not Suspect of Drug Use",Pedestrian,Cross/Enter at Intersection,None (No Improper Action),Intersection Marked Crosswalk,No,Suspected Serious Injury,None,39.00126456,-77.12319671,2024,6,8
240027847,06/11/2024 06:30:00 PM,WELLER RD,Cyclist (non-electric),Clear,Dry,Daylight,"Not Suspect of Alcohol Use, Not Suspect of Drug Use",Cyclist (non-electric),Cross/Enter at Intersection,Failure to Yield Right-Of-Way,Intersection Unmarked Crosswalk,No,Possible Minor Injury,None,39.0640855,-77.06972183,2024,6,18
240027736,06/11/2024 09:52:00 AM,WAYNE AVE,Scooter (electric),Cloudy,Dry,Daylight,"Not Suspect of Alcohol Use, Not Suspect of Drug Use",Scooter (electric),Cross/Enter at Intersection,None (No Improper Action),Intersection Marked Crosswalk,No,Possible Minor Injury,"Helmet, Reflective Wear (backpack, triangles, etc.)",38.99445555,-77.02798297,2024,6,9
240027742,06/11/2024 09:22:00 AM,PRELUDE DR,Pedestrian,Clear,Dry,Daylight,"Not Suspect of Alcohol Use, Not Suspect of Drug Use",Pedestrian,Cross/Enter at Intersection,None (No Improper Action),Intersection Marked Crosswalk,No,No Apparent Injury,None,39.03945034,-76.99790002,2024,6,9
240027631,06/10/2024 04:13:00 PM,NA,Pedestrian,Clear,NA,Daylight,"Not Suspect of Alcohol Use, Not Suspect of Drug Use",Pedestrian,Other,None (No Improper Action),NonTrafficway Area,No,Possible Minor Injury,None,39.06484179,-77.12803409,2024,6,16
240027621,06/10/2024 03:20:00 PM,OLD GEORGETOWN RD,Scooter (electric),Clear,Dry,Daylight,"Not Suspect of Alcohol Use, Not Suspect of Drug Use",Scooter (electric),Walking/Cycling Along Roadway With Traffic (In or Adjacent to Travel Lane),None (No Improper Action),OnStreet Buffered Bike Lanes,No,Possible Minor Injury,None,39.02312364,-77.12386055,2024,6,15
240027354,06/09/2024 12:03:00 AM,GEORGIA AVE (SB/L),Cyclist (Electric),Clear,Dry,Medium,"Not Suspect of Alcohol Use, Not Suspect of Drug Use",Cyclist (Electric),Cross/Enter at Intersection,None (No Improper Action),Intersection Unmarked Crosswalk,Yes,Possible Minor Injury,None,39.06657696,-77.05971898,2024,6,0
240027178,06/07/2024 06:24:00 PM,GRANT AVE,Scooter (electric),Clear,Dry,Daylight,"Not Suspect of Alcohol Use, Not Suspect of Drug Use",Scooter (electric),Walking/Cycling Along Roadway Against Traffic (In or Adjacent to Travel Lane),Other,Other,No,No Apparent Injury,Helmet,38.97809118,-77.00623602,2024,6,18
240027078,06/07/2024 10:10:00 AM,SHADY GROVE RD,Occupant Of a Non-Motor Vehicle Transportation Device,Clear,Dry,Daylight,"Not Suspect of Alcohol Use, Not Suspect of Drug Use",Occupant Of a Non-Motor Vehicle Transportation Device,Other Working,None (No Improper Action),Other,No,Possible Minor Injury,None,39.12839914,-77.16881396,2024,6,10
240027052,06/07/2024 05:37:00 AM,TAMARACK RD,Pedestrian,Clear,Wet,Medium,"Not Suspect of Alcohol Use, Not Suspect of Drug Use",Pedestrian,Cross/Enter at Intersection,None (No Improper Action),Intersection Marked Crosswalk,No,Possible Minor Injury,None,39.0677689,-76.98574508,2024,6,5
240027023,06/06/2024 09:07:00 PM,NA,Pedestrian,Clear,NA,Medium,"Not Suspect of Alcohol Use, Not Suspect of Drug Use",Pedestrian,Other,None (No Improper Action),Other,No,Possible Minor Injury,None,39.19832197,-77.25103668,2024,6,21
240026896,06/06/2024 09:38:00 AM,NA,Scooter (non-Electric),Clear,Dry,Daylight,"Unknown, Unknown",Scooter (non-Electric),Cross/Enter at Intersection,None (No Improper Action),Intersection Marked Crosswalk,No,Possible Minor Injury,None,39.09035726,-77.05366061,2024,6,9
240026879,06/06/2024 05:22:00 AM,NA,Pedestrian,Clear,NA,Dark,"Not Suspect of Alcohol Use, Not Suspect of Drug Use",Pedestrian,Walking/Cycling on Sidewalk,"Not Visible (Dark Clothing, No Lighting, etc.)",Sidewalk,No,Possible Minor Injury,None,38.97583083,-76.99340711,2024,6,5
240026811,06/05/2024 04:15:00 PM,NA,Pedestrian,Rain,NA,Daylight,"Not Suspect of Alcohol Use, Not Suspect of Drug Use",Pedestrian,Unknown,Unknown,Other,No,No Apparent Injury,None,39.10186971,-77.07568447,2024,6,16
240026802,06/05/2024 03:36:00 PM,OAKVIEW DR,Pedestrian,Rain,Wet,Daylight,"Not Suspect of Alcohol Use, Not Suspect of Drug Use",Pedestrian,Cross/Enter at Intersection,None (No Improper Action),Intersection Marked Crosswalk,No,Suspected Serious Injury,Unknown,39.01534218,-76.97805876,2024,6,15
240026244,06/05/2024 06:57:00 AM,FLOWER HILL WAY,Scooter (electric),Clear,Dry,Daylight,"Not Suspect of Alcohol Use, Not Suspect of Drug Use",Scooter (electric),Other,None (No Improper Action),Travel Lane Other Location,No,Possible Minor Injury,None,39.16329101,-77.17414479,2024,6,6
240026690,06/05/2024 05:13:00 AM,NA,Pedestrian,Clear,Dry,Medium,"Unknown, Unknown",Pedestrian,Cross/Enter at Intersection,None (No Improper Action),Intersection Marked Crosswalk,No,Possible Minor Injury,None,38.99282056,-77.03154602,2024,6,5
240026627,06/04/2024 07:30:00 PM,CHASE AVE,Pedestrian,Clear,Dry,Daylight,"Not Suspect of Alcohol Use, Not Suspect of Drug Use",Pedestrian,Cross/Enter Not at Intersection,Dart/Dash,Travel Lane Other Location,No,Possible Minor Injury,None,38.9897745,-77.0934855,2024,6,19
240026636,06/04/2024 06:00:00 PM,NA,Pedestrian,Cloudy,NA,Daylight,"Unknown, Unknown",Pedestrian,Other,None (No Improper Action),Other,No,Possible Minor Injury,"Reflective Wear (backpack, triangles, etc.)",39.05757651,-77.11733708,2024,6,18
240026468,06/04/2024 08:48:00 AM,RIPLEY ST,Pedestrian,Clear,Dry,Daylight,"Not Suspect of Alcohol Use, Not Suspect of Drug Use",Pedestrian,Cross/Enter at Intersection,None (No Improper Action),Intersection Other,Yes,Suspected Serious Injury,None,38.99249509,-77.02663011,2024,6,8
240026455,06/04/2024 06:39:00 AM,GEORGIA AVE,Pedestrian,Clear,Dry,Daylight,"Not Suspect of Alcohol Use, Not Suspect of Drug Use",Pedestrian,Unknown,Unknown,Unknown,No,Suspected Serious Injury,None,39.10939844,-77.07577749,2024,6,6
240026236,06/03/2024 01:17:00 AM,ANNE AVE,Pedestrian,Clear,Dry,Medium,"Unknown, Unknown",Pedestrian,Standing,"In Roadway Improperly (Standing, Lying, Working, Playing), Not Visible (Dark Clothing, No Lighting, etc.)",Travel Lane Other Location,Yes,Fatal Injury,None,38.99090245,-76.98979047,2024,6,1
240026054,06/01/2024 06:27:00 PM,16TH ST,Pedestrian,Clear,Dry,Daylight,"Not Suspect of Alcohol Use, Not Suspect of Drug Use",Pedestrian,Cross/Enter at Intersection,None (No Improper Action),Intersection Marked Crosswalk,No,Possible Minor Injury,None,38.99466641,-77.03614579,2024,6,18
240025999,06/01/2024 12:25:00 PM,NA,Cyclist (Electric),Clear,NA,Daylight,"Not Suspect of Alcohol Use, Not Suspect of Drug Use",Cyclist (Electric),Walking/Cycling on Sidewalk,Unknown,Intersection Unmarked Crosswalk,No,Possible Minor Injury,None,39.08537506,-77.07840224,2024,6,12
240025890,05/31/2024 05:11:00 PM,BROADWAY AVE,Cyclist (non-electric),Clear,Dry,Daylight,"Not Suspect of Alcohol Use, Not Suspect of Drug Use",Cyclist (non-electric),Cross/Enter at Intersection,"Dart/Dash, Failure to Yield Right-Of-Way, In Roadway Improperly (Standing, Lying, Working, Playing)",Intersection Unmarked Crosswalk,Yes,No Apparent Injury,None,39.21944333,-77.2862065,2024,5,17
240025812,05/31/2024 11:57:00 AM,ASPEN HILL RD,"Other Pedestrian (person in a building, skater, personal conveyance, etc.)",Clear,Dry,Daylight,"Not Suspect of Alcohol Use, Not Suspect of Drug Use","Other Pedestrian (person in a building, skater, personal conveyance, etc.)",Standing,None (No Improper Action),Other,No,Possible Minor Injury,None,39.08023358,-77.08100069,2024,5,11
240025697,05/30/2024 07:21:00 PM,EAST WEST HWY,Pedestrian,Clear,Dry,Daylight,"Not Suspect of Alcohol Use, Not Suspect of Drug Use, Unknown, Unknown",Pedestrian,Walking/Cycling on Sidewalk,None (No Improper Action),Sidewalk,No,Possible Minor Injury,None,38.98797057,-77.08202809,2024,5,19
240025636,05/30/2024 02:14:00 PM,MAPLE AVE,Cyclist (non-electric),Clear,Dry,Daylight,"Unknown, Unknown",Cyclist (non-electric),Walking/Cycling Along Roadway With Traffic (In or Adjacent to Travel Lane),Improper Turn/Merge),Intersection Other,Yes,Possible Minor Injury,None,39.08397212,-77.14064733,2024,5,14
240025467,05/29/2024 04:40:00 PM,OLD GEORGETOWN RD (SB/L),Cyclist (non-electric),Rain,Wet,Daylight,"Not Suspect of Alcohol Use, Not Suspect of Drug Use",Cyclist (non-electric),Cross/Enter at Intersection,None (No Improper Action),Intersection Marked Crosswalk,No,Possible Minor Injury,Helmet,39.01002945,-77.11487758,2024,5,16
240025379,05/29/2024 10:30:00 AM,ST PAUL ST,"Other Pedestrian (person in a building, skater, personal conveyance, etc.)",Clear,Dry,Daylight,"Unknown, Unknown","Other Pedestrian (person in a building, skater, personal conveyance, etc.)",Walking/Cycling Along Roadway With Traffic (In or Adjacent to Travel Lane),None (No Improper Action),Travel Lane Other Location,No,No Apparent Injury,Helmet,39.02934967,-77.071074,2024,5,10
240025357,05/29/2024 08:48:00 AM,NEW HAMPSHIRE AVE,Pedestrian,Clear,Dry,Daylight,"Not Suspect of Alcohol Use, Not Suspect of Drug Use, Not Suspect of Alcohol Use, Not Suspect of Drug Use",Pedestrian,Other,"In Roadway Improperly (Standing, Lying, Working, Playing)",Other,Yes,Possible Minor Injury,None,39.02071117,-76.97671633,2024,5,8
240024980,05/26/2024 09:25:00 PM,COLESVILLE RD,Pedestrian,Clear,Dry,Medium,"Not Suspect of Alcohol Use, Not Suspect of Drug Use",Pedestrian,Cross/Enter Not at Intersection,"In Roadway Improperly (Standing, Lying, Working, Playing)",Travel Lane Other Location,Yes,Possible Minor Injury,None,38.99774665,-77.02691171,2024,5,21
240024974,05/26/2024 08:30:00 PM,NA,"Other Pedestrian (person in a building, skater, personal conveyance, etc.)",Clear,Dry,Medium,NA,"Other Pedestrian (person in a building, skater, personal conveyance, etc.)",None,None (No Improper Action),Other,No,No Apparent Injury,None,39.1652883,-77.25132735,2024,5,20
240024947,05/26/2024 04:10:00 PM,NA,Pedestrian,Clear,NA,Daylight,"Unknown, Unknown",Pedestrian,Other,Unknown,Other,No,Possible Minor Injury,None,39.19912508,-77.25506564,2024,5,16
240024940,05/26/2024 03:40:00 PM,WISTERIA DR,Pedestrian,Clear,Dry,Daylight,"Not Suspect of Alcohol Use, Not Suspect of Drug Use",Pedestrian,Cross/Enter at Intersection,Unknown,Intersection Marked Crosswalk,No,No Apparent Injury,None,39.18155678,-77.27635162,2024,5,15
240024847,05/25/2024 08:01:00 PM,NA,Cyclist (Electric),Rain,Wet,Dark,"Not Suspect of Alcohol Use, Not Suspect of Drug Use",Cyclist (Electric),Cross/Enter at Intersection,None (No Improper Action),Intersection Marked Crosswalk,No,No Apparent Injury,"Helmet, Lighting, Reflectors",39.20659944,-77.24652014,2024,5,20
240024798,05/25/2024 03:33:00 PM,NA,Pedestrian,Clear,NA,Daylight,"Not Suspect of Alcohol Use, Not Suspect of Drug Use",Pedestrian,Other,None (No Improper Action),Driveway Access,No,Possible Minor Injury,None,39.02865661,-77.07665438,2024,5,15
240024641,05/24/2024 03:45:00 PM,NA,Scooter (electric),Clear,Dry,Daylight,"Not Suspect of Alcohol Use, Not Suspect of Drug Use",Scooter (electric),Cross/Enter at Intersection,None (No Improper Action),Intersection Marked Crosswalk,No,Possible Minor Injury,None,38.98323571,-77.01546145,2024,5,15
240024640,05/24/2024 03:41:00 PM,NEWCUT RD,Pedestrian,Clear,Dry,Daylight,"Not Suspect of Alcohol Use, Not Suspect of Drug Use",Pedestrian,Cross/Enter Not at Intersection,"Dart/Dash, Failure to Yield Right-Of-Way",Travel Lane Other Location,Yes,Possible Minor Injury,None,39.22681996,-77.25171045,2024,5,15
240024589,05/24/2024 11:54:00 AM,NA,Pedestrian,Cloudy,Dry,Daylight,"Not Suspect of Alcohol Use, Not Suspect of Drug Use",Pedestrian,Cross/Enter at Intersection,Dart/Dash,Intersection Marked Crosswalk,No,Possible Minor Injury,None,39.14751986,-77.23289754,2024,5,11
240024557,05/24/2024 08:51:00 AM,COLUMBIA PIKE,Cyclist (non-electric),Clear,Dry,Daylight,"Not Suspect of Alcohol Use, Not Suspect of Drug Use",Cyclist (non-electric),Walking/Cycling on Sidewalk,None (No Improper Action),Sidewalk,No,Possible Minor Injury,Helmet,39.03178688,-77.00401095,2024,5,8
240024562,05/24/2024 07:42:00 AM,NA,Cyclist (non-electric),Clear,NA,Daylight,"Not Suspect of Alcohol Use, Not Suspect of Drug Use",Cyclist (non-electric),Walking/Cycling on Sidewalk,None (No Improper Action),Driveway Access,No,Possible Minor Injury,None,39.02668311,-77.12765288,2024,5,7
240024489,05/23/2024 05:45:00 PM,RIPPLING BROOK DR,Cyclist (non-electric),Clear,Dry,Daylight,"Not Suspect of Alcohol Use, Not Suspect of Drug Use",Cyclist (non-electric),Walking/Cycling on Sidewalk,Other,Other,No,Possible Minor Injury,Helmet,39.08119582,-77.05585881,2024,5,17
240024468,05/23/2024 04:02:00 PM,WOODMONT AVE,Pedestrian,Clear,Dry,Daylight,"Unknown, Unknown",Pedestrian,Cross/Enter at Intersection,None (No Improper Action),Intersection Marked Crosswalk,No,Possible Minor Injury,None,38.99524152,-77.09669791,2024,5,16
240024035,05/23/2024 03:21:00 PM,NA,Pedestrian,Clear,NA,Daylight,"Unknown, Unknown",Pedestrian,Walking/Cycling on Sidewalk,None (No Improper Action),Driveway Access,No,Possible Minor Injury,None,39.07463562,-77.00210476,2024,5,15
240024343,05/23/2024 07:04:00 AM,FELLOWSHIP CIR,Wheelchair (electric),Cloudy,Dry,Daylight,"Not Suspect of Alcohol Use, Not Suspect of Drug Use",Wheelchair (electric),Cross/Enter at Intersection,Unknown,Intersection Marked Crosswalk,No,Suspected Serious Injury,None,39.14847788,-77.19880316,2024,5,7
240024195,05/22/2024 11:22:00 AM,CLOPPER RD,Pedestrian,Clear,Dry,Daylight,"Not Suspect of Alcohol Use, Not Suspect of Drug Use",Pedestrian,Walking/Cycling on Sidewalk,None (No Improper Action),Sidewalk,No,Possible Minor Injury,None,39.1616434,-77.28091018,2024,5,11
240024175,05/22/2024 07:40:00 AM,BLANDFORD ST,Scooter (electric),Clear,Dry,Daylight,"Not Suspect of Alcohol Use, Not Suspect of Drug Use",Scooter (electric),Cross/Enter at Intersection,"Failure to Obey Traffic Signs, Signals, or Officer",Intersection Unmarked Crosswalk,No,No Apparent Injury,None,39.07865633,-77.1500469,2024,5,7
240023963,05/21/2024 01:00:00 PM,CRYSTAL ROCK DR (SB/L),Wheelchair (non-electric),Clear,Dry,Daylight,"Not Suspect of Alcohol Use, Not Suspect of Drug Use",Wheelchair (non-electric),Cross/Enter at Intersection,None (No Improper Action),Midblock Marked Crosswalk,No,Possible Minor Injury,None,39.18282868,-77.26368294,2024,5,13
240023951,05/21/2024 10:45:00 AM,MANNAKEE ST,Cyclist (non-electric),Clear,Dry,Daylight,"Not Suspect of Alcohol Use, Not Suspect of Drug Use",Cyclist (non-electric),Cross/Enter at Intersection,None (No Improper Action),Intersection Marked Crosswalk,No,Possible Minor Injury,Helmet,39.08687261,-77.16732394,2024,5,10
240023909,05/21/2024 08:10:00 AM,GEORGIA AVE (SB/L),Pedestrian,Clear,Dry,Daylight,"Not Suspect of Alcohol Use, Not Suspect of Drug Use, Not Suspect of Alcohol Use, Not Suspect of Drug Use",Pedestrian,Standing,None (No Improper Action),Other,No,Possible Minor Injury,None,39.03920585,-77.05110082,2024,5,8
240023666,05/19/2024 06:35:00 PM,ROCKVILLE PIKE (SB/L),Cyclist (Electric),Clear,Dry,Daylight,"Not Suspect of Alcohol Use, Not Suspect of Drug Use",Cyclist (Electric),Cross/Enter at Intersection,None (No Improper Action),Intersection Marked Crosswalk,No,Possible Minor Injury,Helmet,39.05809084,-77.12092011,2024,5,18
240023603,05/19/2024 10:41:00 AM,PARKLAWN DR,Cyclist (non-electric),Clear,Dry,Daylight,"Not Suspect of Alcohol Use, Not Suspect of Drug Use",Cyclist (non-electric),Walking/Cycling on Sidewalk,Other,Sidewalk,No,No Apparent Injury,Helmet,39.05091012,-77.10540351,2024,5,10
240023445,05/18/2024 04:57:00 AM,NA,Pedestrian,Rain,NA,Medium,"Not Suspect of Alcohol Use, Not Suspect of Drug Use",Pedestrian,Other,None (No Improper Action),Other,No,Possible Minor Injury,None,38.99615843,-77.02775953,2024,5,4
240023340,05/17/2024 02:40:00 PM,EAST WEST HWY (WB/L),Pedestrian,Cloudy,Dry,Daylight,"Not Suspect of Alcohol Use, Not Suspect of Drug Use",Pedestrian,Cross/Enter at Intersection,None (No Improper Action),Intersection Marked Crosswalk,No,Possible Minor Injury,None,38.99488732,-77.04560998,2024,5,14
240023253,05/17/2024 08:38:00 AM,AMHERST AVE,Cyclist (non-electric),Clear,Dry,Daylight,"Not Suspect of Alcohol Use, Not Suspect of Drug Use",Cyclist (non-electric),Walking/Cycling Along Roadway Against Traffic (In or Adjacent to Travel Lane),"Inattentive (Talking, Eating, etc.), Wrong-Way Riding or Walking",Travel Lane Other Location,Yes,No Apparent Injury,Helmet,39.0364911,-77.04837087,2024,5,8
240022827,05/14/2024 08:56:00 PM,OLD GEORGETOWN RD (SB/L),Pedestrian,Rain,Wet,Dark,"Not Suspect of Alcohol Use, Not Suspect of Drug Use, Not Suspect of Alcohol Use, Not Suspect of Drug Use",Pedestrian,Other,None (No Improper Action),Midblock Marked Crosswalk,No,Possible Minor Injury,None,39.04952927,-77.11431887,2024,5,20
240022658,05/13/2024 11:37:00 PM,BALTIMORE RD,Cyclist (non-electric),Clear,Dry,Medium,"Not Suspect of Alcohol Use, Not Suspect of Drug Use",Cyclist (non-electric),Cross/Enter at Intersection,None (No Improper Action),Shoulder/Roadside,No,No Apparent Injury,Reflectors,39.08469698,-77.13610065,2024,5,23
240022598,05/13/2024 03:40:00 PM,OLD BUCKLODGE LA,Cyclist (non-electric),Clear,Dry,Daylight,"Unknown, Unknown",Cyclist (non-electric),Unknown,None (No Improper Action),Shoulder/Roadside,No,Possible Minor Injury,"Helmet, Reflective Wear (backpack, triangles, etc.)",39.17655502,-77.33912817,2024,5,15
240022292,05/11/2024 06:30:00 PM,NA,Cyclist (non-electric),Rain,Wet,Daylight,"Not Suspect of Alcohol Use, Not Suspect of Drug Use",Cyclist (non-electric),Walking/Cycling Along Roadway Against Traffic (In or Adjacent to Travel Lane),Failure to Yield Right-Of-Way,Intersection Unmarked Crosswalk,Yes,No Apparent Injury,None,39.14292619,-77.22252403,2024,5,18
240022260,05/11/2024 03:30:00 PM,RIVER RD,Cyclist (non-electric),Clear,Dry,Daylight,"Unknown, Unknown",Cyclist (non-electric),Walking/Cycling Along Roadway With Traffic (In or Adjacent to Travel Lane),None (No Improper Action),Travel Lane Other Location,No,Suspected Serious Injury,Helmet,39.06425862,-77.30019961,2024,5,15
240022214,05/11/2024 09:30:00 AM,BEECH TREE RD,Cyclist (non-electric),Clear,Dry,Daylight,"Not Suspect of Alcohol Use, Not Suspect of Drug Use",Cyclist (non-electric),Cross/Enter at Intersection,None (No Improper Action),Intersection Unmarked Crosswalk,No,No Apparent Injury,Helmet,38.98625838,-77.14324522,2024,5,9
240022168,05/10/2024 08:12:00 PM,CALVERTON BLVD,Pedestrian,Rain,Wet,Dark,"Not Suspect of Alcohol Use, Not Suspect of Drug Use",Pedestrian,Cross/Enter at Intersection,Unknown,Intersection Marked Crosswalk,No,Suspected Serious Injury,None,39.05692158,-76.9484018,2024,5,20
240022104,05/10/2024 03:15:00 PM,ROCKVILLE PIKE (SB/L),Scooter (non-Electric),Rain,Wet,Daylight,"Not Suspect of Alcohol Use, Not Suspect of Drug Use",Scooter (non-Electric),Walking/Cycling on Sidewalk,None (No Improper Action),Driveway Access,No,Possible Minor Injury,None,39.07618815,-77.13861157,2024,5,15
240022040,05/10/2024 10:30:00 AM,STEDWICK RD,Cyclist (non-electric),Rain,Wet,Daylight,"Not Suspect of Alcohol Use, Not Suspect of Drug Use",Cyclist (non-electric),Walking/Cycling on Sidewalk,Unknown,Intersection Marked Crosswalk,Yes,Possible Minor Injury,None,39.16981992,-77.20488477,2024,5,10
240022015,05/10/2024 08:44:00 AM,COLUMBIA PIKE (SB/L),Pedestrian,Rain,Wet,Daylight,"Not Suspect of Alcohol Use, Not Suspect of Drug Use",Pedestrian,Cross/Enter at Intersection,Unknown,Intersection Marked Crosswalk,Yes,Possible Minor Injury,None,39.09563465,-76.93813654,2024,5,8
240022004,05/10/2024 07:30:00 AM,WOODFIELD RD (SB/L),Cyclist (non-electric),Cloudy,Dry,Daylight,"Not Suspect of Alcohol Use, Not Suspect of Drug Use",Cyclist (non-electric),Cross/Enter Not at Intersection,"In Roadway Improperly (Standing, Lying, Working, Playing)",Travel Lane Other Location,Yes,Suspected Serious Injury,"Helmet, Lighting, Reflective Wear (backpack, triangles, etc.)",39.16279636,-77.1707702,2024,5,7
240021970,05/09/2024 08:59:00 PM,GEORGIA AVE,Cyclist (non-electric),Clear,Dry,Medium,"Not Suspect of Alcohol Use, Not Suspect of Drug Use",Cyclist (non-electric),Walking/Cycling on Sidewalk,None (No Improper Action),Sidewalk,No,Possible Minor Injury,None,39.08536731,-77.07844132,2024,5,20
240021945,05/09/2024 12:00:00 PM,NA,Pedestrian,Cloudy,NA,Daylight,"Unknown, Unknown",Pedestrian,Other Working,None (No Improper Action),Other,No,Possible Minor Injury,None,39.14057149,-77.19994739,2024,5,12
2400212674,05/08/2024 12:24:00 PM,NA,Pedestrian,Clear,NA,Daylight,"Unknown, Unknown",Pedestrian,Standing,None (No Improper Action),Other,No,Possible Minor Injury,None,39.12543775,-77.23810775,2024,5,12
240021608,05/08/2024 05:37:00 AM,NORBECK RD (WB/L),Pedestrian,Clear,Dry,Medium,"Not Suspect of Alcohol Use, Not Suspect of Drug Use",Pedestrian,Standing,"In Roadway Improperly (Standing, Lying, Working, Playing), Inattentive (Talking, Eating, etc.), Not Visible (Dark Clothing, No Lighting, etc.)",Travel Lane Other Location,Yes,Fatal Injury,None,39.10906085,-77.08024981,2024,5,5
240021515,05/07/2024 04:05:00 PM,FENTON ST,Pedestrian,Clear,Dry,Daylight,"Not Suspect of Alcohol Use, Not Suspect of Drug Use",Pedestrian,Cross/Enter at Intersection,"Inattentive (Talking, Eating, etc.)",Intersection Marked Crosswalk,No,Possible Minor Injury,None,38.99536046,-77.02441446,2024,5,16
240021303,05/06/2024 03:49:00 PM,WOODSON AVE,Pedestrian,Cloudy,Dry,Daylight,"Not Suspect of Alcohol Use, Not Suspect of Drug Use",Pedestrian,Cross/Enter Not at Intersection,"Dart/Dash, In Roadway Improperly (Standing, Lying, Working, Playing)",Travel Lane Other Location,Yes,Possible Minor Injury,None,39.04118444,-77.07513197,2024,5,15
240021303,05/06/2024 03:49:00 PM,WOODSON AVE,Pedestrian,Cloudy,Dry,Daylight,"Not Suspect of Alcohol Use, Not Suspect of Drug Use",Pedestrian,Cross/Enter Not at Intersection,"Dart/Dash, In Roadway Improperly (Standing, Lying, Working, Playing)",Travel Lane Other Location,Yes,Possible Minor Injury,None,39.04118444,-77.07513197,2024,5,15
240021222,05/06/2024 10:25:00 AM,DAHILL RD,Pedestrian,Cloudy,Dry,Daylight,"Not Suspect of Alcohol Use, Not Suspect of Drug Use",Pedestrian,Other Working,None (No Improper Action),Travel Lane Other Location,No,Possible Minor Injury,"Reflective Wear (backpack, triangles, etc.)",39.04790141,-77.08255989,2024,5,10
240020258,05/06/2024 06:50:00 AM,CAMDEN ST,Pedestrian,Clear,Dry,Daylight,"Not Suspect of Alcohol Use, Not Suspect of Drug Use",Pedestrian,Cross/Enter at Intersection,None (No Improper Action),Intersection Unmarked Crosswalk,No,Possible Minor Injury,None,39.05820469,-77.06888661,2024,5,6
240020952,05/04/2024 02:47:00 PM,GRANDVIEW AVE,Cyclist (non-electric),Rain,Wet,Daylight,"Not Suspect of Alcohol Use, Not Suspect of Drug Use",Cyclist (non-electric),Cross/Enter at Intersection,None (No Improper Action),Intersection Marked Crosswalk,No,Possible Minor Injury,None,39.04116014,-77.05310545,2024,5,14
240020933,05/04/2024 11:59:00 AM,SHAKESPEARE BLVD (WB/L),Pedestrian,Rain,Wet,Daylight,"Not Suspect of Alcohol Use, Not Suspect of Drug Use",Pedestrian,Cross/Enter at Intersection,None (No Improper Action),Intersection Marked Crosswalk,No,Possible Minor Injury,None,39.19739283,-77.25253783,2024,5,11
240020920,05/04/2024 08:30:00 AM,NA,Pedestrian,Rain,Wet,Daylight,"Not Suspect of Alcohol Use, Not Suspect of Drug Use",Pedestrian,Unknown,Unknown,Intersection Marked Crosswalk,No,Possible Minor Injury,None,39.09084317,-77.11507983,2024,5,8
240020849,05/03/2024 07:14:00 PM,NA,Pedestrian,Clear,Dry,Daylight,"Not Suspect of Alcohol Use, Not Suspect of Drug Use",Pedestrian,Cross/Enter at Intersection,None (No Improper Action),Intersection Marked Crosswalk,No,No Apparent Injury,None,38.98746491,-77.09876544,2024,5,19
240020681,05/03/2024 07:33:00 AM,NA,Cyclist (non-electric),Clear,NA,Daylight,"Not Suspect of Alcohol Use, Not Suspect of Drug Use",Cyclist (non-electric),Walking/Cycling on Sidewalk,None (No Improper Action),Sidewalk,No,Possible Minor Injury,Helmet,38.98813199,-77.08070527,2024,5,7
240020619,05/02/2024 07:38:00 PM,UNIVERSITY BLVD,Pedestrian,Clear,Dry,Daylight,"Not Suspect of Alcohol Use, Not Suspect of Drug Use",Pedestrian,Walking/Cycling Along Roadway Against Traffic (In or Adjacent to Travel Lane),None (No Improper Action),Intersection Unmarked Crosswalk,No,Possible Minor Injury,None,38.98956538,-76.98858805,2024,5,19
240020615,05/02/2024 04:00:00 PM,KING FARM BLVD,Pedestrian,Clear,Dry,Daylight,"Unknown, Unknown",Pedestrian,Cross/Enter at Intersection,None (No Improper Action),Intersection Marked Crosswalk,No,Possible Minor Injury,None,39.11709539,-77.16900101,2024,5,16
240020371,05/01/2024 05:17:00 PM,CRYSTAL ROCK DR (SB/L),Pedestrian,Clear,Dry,Daylight,"Not Suspect of Alcohol Use, Not Suspect of Drug Use",Pedestrian,Cross/Enter at Intersection,Unknown,Intersection Marked Crosswalk,No,Possible Minor Injury,None,39.18265403,-77.26327362,2024,5,17
240020226,04/30/2024 07:51:00 PM,BRASSIE PL (WB/L),Pedestrian,Clear,Dry,Medium,"Not Suspect of Alcohol Use, Not Suspect of Drug Use",Pedestrian,Cross/Enter at Intersection,"Dart/Dash, Not Visible (Dark Clothing, No Lighting, etc.)",Intersection Other,Yes,Possible Minor Injury,None,39.17415206,-77.20218494,2024,4,19
240020219,04/30/2024 07:02:00 PM,REEDIE DR,Pedestrian,Clear,Dry,Daylight,"Not Suspect of Alcohol Use, Not Suspect of Drug Use",Pedestrian,Cross/Enter Not at Intersection,"Dart/Dash, In Roadway Improperly (Standing, Lying, Working, Playing), Inattentive (Talking, Eating, etc.)",Intersection Other,Yes,Possible Minor Injury,None,39.03850063,-77.05172492,2024,4,19
240020102,04/30/2024 08:00:00 AM,MONTGOMERY VILLAGE AVE,Pedestrian,Clear,Dry,Daylight,"Not Suspect of Alcohol Use, Not Suspect of Drug Use",Pedestrian,Cross/Enter at Intersection,None (No Improper Action),Intersection Marked Crosswalk,No,No Apparent Injury,None,39.16141545,-77.20143321,2024,4,8
240020036,04/29/2024 06:39:00 PM,NA,Pedestrian,Clear,NA,Daylight,"Not Suspect of Alcohol Use, Not Suspect of Drug Use",Pedestrian,Cross/Enter Not at Intersection,"Inattentive (Talking, Eating, etc.)",Other,No,Possible Minor Injury,None,39.03626105,-77.05683106,2024,4,18
240019902,04/29/2024 09:12:00 AM,BURNING BUSH LA,"Other Pedestrian (person in a building, skater, personal conveyance, etc.)",Clear,Dry,Daylight,"Not Suspect of Alcohol Use, Not Suspect of Drug Use","Other Pedestrian (person in a building, skater, personal conveyance, etc.)",None,None (No Improper Action),Other,No,No Apparent Injury,None,39.089868,-77.05889183,2024,4,9
240019891,04/29/2024 07:44:00 AM,NA,Pedestrian,Clear,Dry,Daylight,"Not Suspect of Alcohol Use, Not Suspect of Drug Use",Pedestrian,Cross/Enter at Intersection,None (No Improper Action),Intersection Marked Crosswalk,No,Possible Minor Injury,None,39.09047817,-77.04794717,2024,4,7
240019798,04/28/2024 02:16:00 PM,CENTURY BLVD,Pedestrian,Clear,Dry,Daylight,"Not Suspect of Alcohol Use, Not Suspect of Drug Use",Pedestrian,Cross/Enter Not at Intersection,"Dart/Dash, Failure to Yield Right-Of-Way",Other,Yes,Possible Minor Injury,None,39.18273844,-77.26399388,2024,4,14
240019794,04/28/2024 02:00:00 PM,LANDY LA,Scooter (electric),Clear,Dry,Daylight,"Not Suspect of Alcohol Use, Not Suspect of Drug Use",Scooter (electric),Cross/Enter Not at Intersection,None (No Improper Action),Intersection Marked Crosswalk,No,Possible Minor Injury,None,38.964664139999996,-77.10328567,2024,4,14
240019616,04/26/2024 11:31:00 PM,COBBLER PL,Pedestrian,Clear,Dry,Medium,"Not Suspect of Alcohol Use, Not Suspect of Drug Use",Pedestrian,Cross/Enter at Intersection,None (No Improper Action),Intersection Marked Crosswalk,No,Possible Minor Injury,Unknown,39.13149749,-77.19052225,2024,4,23
240019581,04/26/2024 04:16:00 PM,RAMP 2 FR RANDOLPH RD WB TO MD 97 NB,"Other Pedestrian (person in a building, skater, personal conveyance, etc.), Pedestrian",Clear,Dry,Daylight,"Not Suspect of Alcohol Use, Not Suspect of Drug Use","Other Pedestrian (person in a building, skater, personal conveyance, etc.)",Other,None (No Improper Action),Intersection Marked Crosswalk,No,No Apparent Injury,None,39.05840249,-77.04991186,2024,4,16
240019581,04/26/2024 04:16:00 PM,RAMP 2 FR RANDOLPH RD WB TO MD 97 NB,"Other Pedestrian (person in a building, skater, personal conveyance, etc.), Pedestrian",Clear,Dry,Daylight,"Not Suspect of Alcohol Use, Not Suspect of Drug Use",Pedestrian,Other,None (No Improper Action),Intersection Marked Crosswalk,No,No Apparent Injury,None,39.05840249,-77.04991186,2024,4,16
240019581,04/26/2024 04:16:00 PM,RAMP 2 FR RANDOLPH RD WB TO MD 97 NB,"Other Pedestrian (person in a building, skater, personal conveyance, etc.), Pedestrian",Clear,Dry,Daylight,"Not Suspect of Alcohol Use, Not Suspect of Drug Use",Pedestrian,Other,None (No Improper Action),Intersection Marked Crosswalk,No,No Apparent Injury,None,39.05840249,-77.04991186,2024,4,16
240019307,04/26/2024 12:33:00 PM,NA,Pedestrian,Clear,NA,Daylight,"Unknown, Unknown",Pedestrian,Other Working,None (No Improper Action),Travel Lane Other Location,No,Possible Minor Injury,None,39.23439452,-77.28096699,2024,4,12
240019387,04/25/2024 04:10:00 PM,NA,Pedestrian,Clear,NA,Daylight,"Not Suspect of Alcohol Use, Not Suspect of Drug Use",Pedestrian,Walking/Cycling on Sidewalk,None (No Improper Action),Sidewalk,No,Possible Minor Injury,None,39.11173904,-77.16126246,2024,4,16
240019328,04/25/2024 02:43:00 PM,MONTGOMERY VILLAGE AVE (SB/L),Pedestrian,Clear,Dry,Daylight,"Not Suspect of Alcohol Use, Not Suspect of Drug Use",Pedestrian,Cross/Enter at Intersection,Unknown,Intersection Marked Crosswalk,Yes,Possible Minor Injury,None,39.18686188,-77.19853501,2024,4,14
240019209,04/24/2024 08:32:00 PM,AMHERST AVE,Pedestrian,Clear,Dry,Medium,"Not Suspect of Alcohol Use, Not Suspect of Drug Use",Pedestrian,Cross/Enter at Intersection,Unknown,Intersection Marked Crosswalk,No,No Apparent Injury,None,39.04110667,-77.04817333,2024,4,20
240019199,04/24/2024 07:25:00 PM,DIVISION ST,Cyclist (non-electric),Clear,Dry,Daylight,"Not Suspect of Alcohol Use, Not Suspect of Drug Use",Cyclist (non-electric),Walking/Cycling Along Roadway With Traffic (In or Adjacent to Travel Lane),Failure to Yield Right-Of-Way,Intersection Unmarked Crosswalk,Yes,Possible Minor Injury,None,38.98705937,-77.00000987,2024,4,19
240018994,04/23/2024 04:48:00 PM,NA,Pedestrian,Clear,NA,Daylight,"Not Suspect of Alcohol Use, Not Suspect of Drug Use",Pedestrian,Standing,None (No Improper Action),Other,No,Possible Minor Injury,None,39.1837859,-77.265646,2024,4,16
240018963,04/23/2024 01:30:00 PM,GEORGIA AVE (SB/L),Pedestrian,Clear,Dry,Daylight,"Not Suspect of Alcohol Use, Not Suspect of Drug Use",Pedestrian,Cross/Enter at Intersection,None (No Improper Action),Intersection Marked Crosswalk,No,No Apparent Injury,None,38.99593661,-77.02821263,2024,4,13
240018830,04/22/2024 06:15:00 PM,MIDCOUNTY HWY (NB/L),Cyclist (non-electric),Clear,Dry,Daylight,"Not Suspect of Alcohol Use, Not Suspect of Drug Use",Cyclist (non-electric),Cross/Enter at Intersection,None (No Improper Action),Intersection Marked Crosswalk,No,Possible Minor Injury,Helmet,39.1475622,-77.16905125,2024,4,18
240018830,04/22/2024 06:15:00 PM,MIDCOUNTY HWY (NB/L),Cyclist (non-electric),Clear,Dry,Daylight,"Not Suspect of Alcohol Use, Not Suspect of Drug Use",Cyclist (non-electric),Cross/Enter at Intersection,None (No Improper Action),Intersection Marked Crosswalk,No,Possible Minor Injury,Helmet,39.1475622,-77.16905125,2024,4,18
240018524,04/20/2024 08:12:00 PM,S FREDERICK RD,Pedestrian,Clear,Dry,Medium,"Unknown, Unknown",Pedestrian,Cross/Enter Not at Intersection,"Dart/Dash, Failure to Obey Traffic Signs, Signals, or Officer",Shoulder/Roadside,No,Possible Minor Injury,None,39.13543574,-77.1918265,2024,4,20
240018485,04/20/2024 03:00:00 PM,LOST KNIFE RD (NB/L),Cyclist (non-electric),Clear,Dry,Daylight,"Not Suspect of Alcohol Use, Not Suspect of Drug Use",Cyclist (non-electric),Cross/Enter at Intersection,Dart/Dash,Midblock Marked Crosswalk,No,No Apparent Injury,None,39.153895,-77.19978,2024,4,15
240018409,04/20/2024 01:09:00 AM,SECOND AVE (NB/L),Pedestrian,Clear,Dry,Medium,"Not Suspect of Alcohol Use, Not Suspect of Drug Use",Pedestrian,Getting Off/On Vehicle,"Entering/Exiting Parked/Standing Vehicle, In Roadway Improperly (Standing, Lying, Working, Playing), Not Visible (Dark Clothing, No Lighting, etc.), Other",Other,No,Fatal Injury,None,38.99498073,-77.03051657,2024,4,1
240018190,04/18/2024 08:22:00 PM,NA,Pedestrian,Clear,Dry,Medium,"Not Suspect of Alcohol Use, Not Suspect of Drug Use",Pedestrian,Walking/Cycling on Sidewalk,"Not Visible (Dark Clothing, No Lighting, etc.)",Sidewalk,No,No Apparent Injury,None,39.17609007,-77.20987068,2024,4,20
240018138,04/18/2024 03:14:00 PM,CITADEL AVE,Pedestrian,Clear,Dry,Daylight,"Not Suspect of Alcohol Use, Not Suspect of Drug Use",Pedestrian,Cross/Enter at Intersection,None (No Improper Action),Intersection Marked Crosswalk,No,Suspected Serious Injury,None,39.04483978,-77.10890131,2024,4,15
240018103,04/18/2024 11:25:00 AM,BALTIMORE ST,Pedestrian,Cloudy,Dry,Daylight,"Unknown, Unknown",Pedestrian,Unknown,Unknown,Intersection Unmarked Crosswalk,No,Possible Minor Injury,None,39.02473085,-77.07616238,2024,4,11
240018103,04/18/2024 11:25:00 AM,BALTIMORE ST,Pedestrian,Cloudy,Dry,Daylight,"Unknown, Unknown",Pedestrian,Cross/Enter at Intersection,Unknown,Intersection Unmarked Crosswalk,No,Possible Minor Injury,None,39.02473085,-77.07616238,2024,4,11
240018059,04/18/2024 09:08:00 AM,HARTLEY HALL PL,Cyclist (non-electric),Clear,Dry,Daylight,"Not Suspect of Alcohol Use, Not Suspect of Drug Use",Cyclist (non-electric),Walking/Cycling Along Roadway With Traffic (In or Adjacent to Travel Lane),None (No Improper Action),Intersection Other,No,No Apparent Injury,"Helmet, Reflectors",39.08520636,-77.2983856,2024,4,9
240018173,04/17/2024 07:35:00 AM,WOOTTON PKWY,Cyclist (non-electric),Clear,Dry,Daylight,"Not Suspect of Alcohol Use, Not Suspect of Drug Use",Cyclist (non-electric),Cross/Enter at Intersection,Dart/Dash,Midblock Marked Crosswalk,Yes,Possible Minor Injury,"Helmet, Reflectors",39.08513003,-77.18712133,2024,4,7
240017689,04/16/2024 10:06:00 AM,EAST WEST HWY,Pedestrian,Clear,Dry,Daylight,"Not Suspect of Alcohol Use, Not Suspect of Drug Use",Pedestrian,Cross/Enter at Intersection,None (No Improper Action),Intersection Marked Crosswalk,No,Possible Minor Injury,None,38.99281634,-77.0317111,2024,4,10
240017654,04/16/2024 07:30:00 AM,E DIAMOND AVE,Pedestrian,Clear,Dry,Daylight,"Not Suspect of Alcohol Use, Not Suspect of Drug Use",Pedestrian,Other,"In Roadway Improperly (Standing, Lying, Working, Playing)",Travel Lane Other Location,No,Suspected Serious Injury,None,39.14199308,-77.19535197,2024,4,7
240017628,04/15/2024 09:58:00 PM,KAYSON ST,Pedestrian,Clear,Dry,Dark,"Not Suspect of Alcohol Use, Not Suspect of Drug Use",Pedestrian,Cross/Enter at Intersection,"Not Visible (Dark Clothing, No Lighting, etc.)",Intersection Unmarked Crosswalk,Yes,Possible Minor Injury,None,39.0671244,-77.07042909,2024,4,21
240017529,04/15/2024 12:30:00 PM,COLUMBIA BLVD,Pedestrian,Clear,Dry,Daylight,"Unknown, Unknown",Pedestrian,Unknown,Unknown,Unknown,No,Possible Minor Injury,None,39.00871503,-77.04023594,2024,4,12
240017503,04/15/2024 12:21:00 PM,W MONTGOMERY AVE,Cyclist (non-electric),Clear,Dry,Daylight,"Not Suspect of Alcohol Use, Not Suspect of Drug Use",Cyclist (non-electric),Cross/Enter at Intersection,None (No Improper Action),Intersection Marked Crosswalk,No,Suspected Serious Injury,Helmet,39.08558825,-77.16762163,2024,4,12
240017090,04/12/2024 08:15:00 PM,16TH ST (SB/L),Pedestrian,Clear,Dry,Medium,"Unknown, Unknown",Pedestrian,Cross/Enter Not at Intersection,Other,Shoulder/Roadside,Yes,Possible Minor Injury,None,38.996082,-77.03619031,2024,4,20
240017238,04/12/2024 03:30:00 PM,NA,Pedestrian,Clear,Dry,Daylight,"Unknown, Unknown",Pedestrian,Cross/Enter at Intersection,None (No Improper Action),Intersection Marked Crosswalk,No,Possible Minor Injury,None,38.98790066,-77.09950347,2024,4,15
240016842,04/11/2024 01:46:00 PM,RUDYARD DR,Unknown Type Of Non-Motorist,Clear,Dry,Daylight,"Not Suspect of Alcohol Use, Not Suspect of Drug Use",Unknown Type Of Non-Motorist,Standing,None (No Improper Action),Driveway Access,No,Suspected Serious Injury,None,39.02810683,-77.1210385,2024,4,13
240016679,04/10/2024 01:00:00 PM,KNOWLES AVE,"Other Pedestrian (person in a building, skater, personal conveyance, etc.)",Clear,Dry,Daylight,"Not Suspect of Alcohol Use, Not Suspect of Drug Use","Other Pedestrian (person in a building, skater, personal conveyance, etc.)",Cross/Enter Not at Intersection,Dart/Dash,Intersection Marked Crosswalk,No,Possible Minor Injury,None,39.03098125,-77.08612198,2024,4,13
240016560,04/09/2024 05:00:00 PM,MONTGOMERY VILLAGE AVE,Cyclist (non-electric),Clear,Dry,Daylight,"Not Suspect of Alcohol Use, Not Suspect of Drug Use",Cyclist (non-electric),Cross/Enter at Intersection,"Failure to Obey Traffic Signs, Signals, or Officer",Intersection Marked Crosswalk,Yes,Possible Minor Injury,None,39.18790352,-77.19726271,2024,4,17
240016455,04/09/2024 09:12:00 AM,PARAMOUNT PARK DR (NB/L),Cyclist (non-electric),Clear,Dry,Daylight,"Not Suspect of Alcohol Use, Not Suspect of Drug Use",Cyclist (non-electric),Cross/Enter at Intersection,None (No Improper Action),Intersection Marked Crosswalk,No,Possible Minor Injury,None,39.16031938,-77.22104135,2024,4,9
240016375,04/08/2024 02:51:00 PM,ROCKVILLE PIKE (SB/L),Cyclist (non-electric),Clear,Dry,Daylight,"Not Suspect of Alcohol Use, Not Suspect of Drug Use",Cyclist (non-electric),Walking/Cycling on Sidewalk,None (No Improper Action),Sidewalk,No,Possible Minor Injury,None,39.0661019,-77.1276435,2024,4,14
240016275,04/08/2024 12:02:00 AM,VEIRS MILL RD (WB/L),"Other Pedestrian (person in a building, skater, personal conveyance, etc.)",Clear,Dry,Medium,"Unknown, Unknown","Other Pedestrian (person in a building, skater, personal conveyance, etc.)",Other,Unknown,Travel Lane Other Location,No,Fatal Injury,None,39.0438054,-77.06244142,2024,4,0
240016177,04/07/2024 12:00:00 PM,NO NAME,Pedestrian,Clear,Dry,Daylight,"Not Suspect of Alcohol Use, Not Suspect of Drug Use",Pedestrian,Cross/Enter at Intersection,None (No Improper Action),Midblock Marked Crosswalk,No,Possible Minor Injury,None,39.12142939,-77.23319732,2024,4,12
240016048,04/06/2024 12:23:00 PM,GREAT SENECA HWY,Cyclist (non-electric),Cloudy,Dry,Daylight,"Not Suspect of Alcohol Use, Not Suspect of Drug Use",Cyclist (non-electric),Cross/Enter at Intersection,"Failure to Obey Traffic Signs, Signals, or Officer",Intersection Marked Crosswalk,Yes,Possible Minor Injury,None,39.17502518,-77.26104048,2024,4,12
240016049,04/06/2024 12:20:00 PM,ROCKVILLE PIKE,Pedestrian,Clear,Dry,Daylight,"Not Suspect of Alcohol Use, Not Suspect of Drug Use",Pedestrian,None,None (No Improper Action),Driveway Access,No,Possible Minor Injury,None,39.06473867,-77.1262035,2024,4,12
240016003,04/05/2024 10:12:00 PM,RANDOLPH RD (WB/L),Pedestrian,Clear,Dry,Dark,"Not Suspect of Alcohol Use, Not Suspect of Drug Use, Unknown, Unknown",Pedestrian,Walking/Cycling on Sidewalk,None (No Improper Action),Sidewalk,No,Fatal Injury,None,39.07065997,-77.0127855,2024,4,22
240015645,04/04/2024 07:49:00 AM,RIDGE RD (SB/L),Pedestrian,Clear,Wet,Daylight,"Not Suspect of Alcohol Use, Not Suspect of Drug Use",Pedestrian,Cross/Enter at Intersection,None (No Improper Action),Intersection Marked Crosswalk,No,Suspected Serious Injury,None,39.27546833,-77.21441833,2024,4,7
240015508,04/03/2024 12:17:00 PM,HOLTON LA,Pedestrian,Rain,Wet,Daylight,"Not Suspect of Alcohol Use, Not Suspect of Drug Use",Pedestrian,Cross/Enter at Intersection,None (No Improper Action),Intersection Marked Crosswalk,No,Possible Minor Injury,None,38.98579474,-76.98682494,2024,4,12
240015181,04/01/2024 01:44:00 PM,PINNACLE DR,Pedestrian,Clear,Wet,Daylight,"Not Suspect of Alcohol Use, Not Suspect of Drug Use",Pedestrian,Cross/Enter at Intersection,None (No Improper Action),Intersection Marked Crosswalk,No,Possible Minor Injury,None,39.182118,-77.26520344,2024,4,13
240015168,04/01/2024 01:00:00 PM,NA,Pedestrian,Rain,Wet,Daylight,"Not Suspect of Alcohol Use, Not Suspect of Drug Use",Pedestrian,Cross/Enter at Intersection,None (No Improper Action),Intersection Marked Crosswalk,No,Possible Minor Injury,None,39.08032107,-77.08031318,2024,4,13
240015087,03/31/2024 07:40:00 PM,NA,Pedestrian,Clear,NA,Medium,"Not Suspect of Alcohol Use, Not Suspect of Drug Use",Pedestrian,Push/Work on Vehicle,"Inattentive (Talking, Eating, etc.)",Other,No,Possible Minor Injury,None,39.08628478,-77.15330416,2024,3,19
240014946,03/30/2024 03:30:00 PM,NA,Pedestrian,Clear,NA,Daylight,"Unknown, Unknown",Pedestrian,Standing,None (No Improper Action),Other,No,Possible Minor Injury,None,39.06093394,-77.12691528,2024,3,15
240014854,03/29/2024 08:17:00 PM,E JEFFERSON ST,Scooter (electric),Clear,Dry,Medium,"Not Suspect of Alcohol Use, Not Suspect of Drug Use",Scooter (electric),Cross/Enter Not at Intersection,Failure to Yield Right-Of-Way,Midblock Marked Crosswalk,No,Possible Minor Injury,None,39.05626817,-77.12622401,2024,3,20
240014695,03/28/2024 07:45:00 PM,METRORAIL TRACK B2 RAIL,Scooter (electric),Clear,Dry,Medium,"Not Suspect of Alcohol Use, Not Suspect of Drug Use",Scooter (electric),Other,None (No Improper Action),Intersection Marked Crosswalk,No,Possible Minor Injury,None,39.01558822,-77.04274834,2024,3,19
240014661,03/28/2024 04:35:00 PM,RANDOLPH RD,Pedestrian,Clear,Dry,Daylight,"Not Suspect of Alcohol Use, Not Suspect of Drug Use",Pedestrian,Cross/Enter at Intersection,None (No Improper Action),Intersection Marked Crosswalk,No,Possible Minor Injury,None,39.05601333,-77.08259032,2024,3,16
240014382,03/26/2024 10:45:00 PM,NA,Pedestrian,Cloudy,Dry,Medium,"Unknown, Unknown",Pedestrian,Cross/Enter at Intersection,None (No Improper Action),Intersection Unmarked Crosswalk,No,Possible Minor Injury,None,39.08921605,-77.07181031,2024,3,22
240013927,03/24/2024 08:20:00 AM,NA,Pedestrian,Clear,NA,Daylight,"Not Suspect of Alcohol Use, Not Suspect of Drug Use",Pedestrian,Other,None (No Improper Action),Other,No,Possible Minor Injury,None,39.04886125,-77.06794056,2024,3,8
240013817,03/23/2024 10:31:00 AM,HENSLOWE DR,Cyclist (non-electric),Rain,Wet,Daylight,"Not Suspect of Alcohol Use, Not Suspect of Drug Use",Cyclist (non-electric),Cross/Enter at Intersection,None (No Improper Action),Intersection Marked Crosswalk,No,Possible Minor Injury,None,39.06675831,-77.1647899,2024,3,10
240013810,03/23/2024 08:09:00 AM,CAMERON ST,Pedestrian,Rain,Wet,Daylight,"Not Suspect of Alcohol Use, Not Suspect of Drug Use",Pedestrian,Cross/Enter at Intersection,None (No Improper Action),Intersection Marked Crosswalk,No,Possible Minor Injury,None,38.99760114,-77.02967876,2024,3,8
240013723,03/22/2024 03:10:00 PM,ROCKLEDGE DR (SB/L),Pedestrian,Clear,Dry,Daylight,"Not Suspect of Alcohol Use, Not Suspect of Drug Use",Pedestrian,Other,"In Roadway Improperly (Standing, Lying, Working, Playing)",Travel Lane Other Location,Yes,Possible Minor Injury,None,39.02365833,-77.13244333,2024,3,15
240013645,03/22/2024 09:40:00 AM,NA,Pedestrian,Clear,Dry,Daylight,"Not Suspect of Alcohol Use, Not Suspect of Drug Use",Pedestrian,None,None (No Improper Action),Driveway Access,No,Possible Minor Injury,None,39.10970043,-77.17074205,2024,3,9
240013628,03/22/2024 07:18:00 AM,TUCKERMAN LA,Pedestrian,Clear,Dry,Medium,"Not Suspect of Alcohol Use, Not Suspect of Drug Use",Pedestrian,Cross/Enter at Intersection,None (No Improper Action),Intersection Marked Crosswalk,No,Possible Minor Injury,None,39.0290638,-77.10818382,2024,3,7
240013443,03/21/2024 07:45:00 AM,ENNALLS AVE (EB/L),Pedestrian,Clear,Dry,Daylight,"Not Suspect of Alcohol Use, Not Suspect of Drug Use",Pedestrian,Cross/Enter at Intersection,None (No Improper Action),Intersection Marked Crosswalk,No,Possible Minor Injury,None,39.039995,-77.052830169999993,2024,3,7
240013204,03/19/2024 05:42:00 PM,LAMBERTON DR,Pedestrian,Cloudy,Dry,Daylight,"Not Suspect of Alcohol Use, Not Suspect of Drug Use",Pedestrian,Cross/Enter Not at Intersection,Dart/Dash,Travel Lane Other Location,Yes,Possible Minor Injury,None,39.04367467,-77.0246244,2024,3,17
240013190,03/19/2024 04:32:00 PM,EAST AVE,Pedestrian,Clear,Dry,Daylight,"Not Suspect of Alcohol Use, Not Suspect of Drug Use",Pedestrian,Cross/Enter at Intersection,None (No Improper Action),Intersection Marked Crosswalk,No,Possible Minor Injury,None,38.9772305,-77.086782,2024,3,16
240013000,03/18/2024 06:32:00 PM,DOWNS DR,Scooter (electric),Clear,Dry,Daylight,"Not Suspect of Alcohol Use, Not Suspect of Drug Use",Scooter (electric),Other,"In Roadway Improperly (Standing, Lying, Working, Playing), Wrong-Way Riding or Walking",Travel Lane Other Location,Yes,Possible Minor Injury,Helmet,39.05976183,-76.9878865,2024,3,18
240012802,03/17/2024 01:40:00 PM,DEERHEAD CT,Cyclist (non-electric),Clear,Dry,Daylight,"Not Suspect of Alcohol Use, Not Suspect of Drug Use",Cyclist (non-electric),Walking/Cycling Along Roadway With Traffic (In or Adjacent to Travel Lane),"Failure to Obey Traffic Signs, Signals, or Officer",Intersection Other,Yes,Possible Minor Injury,None,39.06750575,-76.99758036,2024,3,13
240012643,03/16/2024 10:50:00 AM,NA,Pedestrian,Clear,NA,Daylight,NA,Pedestrian,Standing,None (No Improper Action),Driveway Access,No,Possible Minor Injury,None,39.04522453,-77.09713754,2024,3,10
240012584,03/15/2024 11:25:00 PM,FREDERICK RD (SB/L),Pedestrian,Clear,Dry,Dark,"Not Suspect of Alcohol Use, Not Suspect of Drug Use",Pedestrian,Unknown,Unknown,Travel Lane Other Location,No,Suspected Serious Injury,None,39.15761033,-77.21803062,2024,3,23
240012529,03/15/2024 05:03:00 PM,BRUNETT AVE,Cyclist (non-electric),Clear,Dry,Daylight,"Not Suspect of Alcohol Use, Not Suspect of Drug Use",Cyclist (non-electric),Cross/Enter at Intersection,Unknown,Intersection Marked Crosswalk,No,Possible Minor Injury,None,39.02290373,-77.01687151,2024,3,17
240012502,03/15/2024 03:05:00 PM,NA,Pedestrian,Cloudy,NA,Daylight,"Not Suspect of Alcohol Use, Not Suspect of Drug Use, Not Suspect of Alcohol Use, Not Suspect of Drug Use",Pedestrian,Standing,None (No Improper Action),Other,No,Suspected Serious Injury,None,39.12092412,-77.17819375,2024,3,15
240012503,03/15/2024 02:33:00 PM,WILTON AVE,"Other Pedestrian (person in a building, skater, personal conveyance, etc.)",Clear,Dry,Daylight,"Not Suspect of Alcohol Use, Not Suspect of Drug Use","Other Pedestrian (person in a building, skater, personal conveyance, etc.)",Other,None (No Improper Action),Other,No,No Apparent Injury,None,39.01080648,-77.061296,2024,3,14
240012277,03/14/2024 02:34:00 PM,NA,Pedestrian,Clear,Dry,Daylight,"Not Suspect of Alcohol Use, Not Suspect of Drug Use",Pedestrian,Walking/Cycling on Sidewalk,None (No Improper Action),Sidewalk,No,Possible Minor Injury,None,39.14769554,-77.20609231,2024,3,14
240012277,03/14/2024 02:34:00 PM,NA,Pedestrian,Clear,Dry,Daylight,"Not Suspect of Alcohol Use, Not Suspect of Drug Use",Pedestrian,Walking/Cycling on Sidewalk,None (No Improper Action),Sidewalk,No,Possible Minor Injury,None,39.14769554,-77.20609231,2024,3,14
240012171,03/13/2024 10:18:00 PM,OAKVIEW DR,Pedestrian,Clear,Dry,Medium,"Not Suspect of Alcohol Use, Not Suspect of Drug Use",Pedestrian,Cross/Enter at Intersection,None (No Improper Action),Intersection Marked Crosswalk,No,Possible Minor Injury,None,39.01530819,-76.97797122,2024,3,22
240011915,03/13/2024 02:21:00 PM,NA,Pedestrian,Clear,Dry,Daylight,"Not Suspect of Alcohol Use, Not Suspect of Drug Use",Pedestrian,Cross/Enter at Intersection,None (No Improper Action),Intersection Marked Crosswalk,No,Possible Minor Injury,None,38.9872766,-77.02675594,2024,3,14
240011994,03/12/2024 08:52:00 PM,COLONIAL LA,Pedestrian,Clear,Dry,Medium,"Not Suspect of Alcohol Use, Not Suspect of Drug Use",Pedestrian,Standing,"In Roadway Improperly (Standing, Lying, Working, Playing)",Travel Lane Other Location,Yes,No Apparent Injury,None,38.99188743,-77.0279085,2024,3,20
240011751,03/11/2024 03:42:00 PM,NA,Pedestrian,Clear,Dry,Daylight,"Unknown, Unknown",Pedestrian,None,None (No Improper Action),Other,No,Possible Minor Injury,None,39.1325029,-77.17078989,2024,3,15
240011723,03/11/2024 02:04:00 PM,THAYER AVE,Cyclist (non-electric),Clear,Dry,Daylight,"Not Suspect of Alcohol Use, Not Suspect of Drug Use",Cyclist (non-electric),Walking/Cycling Along Roadway With Traffic (In or Adjacent to Travel Lane),None (No Improper Action),Travel Lane Other Location,No,Possible Minor Injury,"Helmet, Reflectors",38.99298247,-77.02617465,2024,3,14
240011633,03/11/2024 06:43:00 AM,NEW HAMPSHIRE AVE,Pedestrian,Clear,Dry,Daylight,"Not Suspect of Alcohol Use, Not Suspect of Drug Use",Pedestrian,Cross/Enter at Intersection,None (No Improper Action),Intersection Marked Crosswalk,No,Possible Minor Injury,None,39.01535671,-76.97775138,2024,3,6
240011476,03/09/2024 07:50:00 PM,SCARLET SAGE DR,Pedestrian,Rain,Wet,Dark,"Not Suspect of Alcohol Use, Not Suspect of Drug Use",Pedestrian,Cross/Enter at Intersection,Unknown,Intersection Unmarked Crosswalk,No,No Apparent Injury,None,39.10359182,-76.92336952,2024,3,19
240011337,03/08/2024 08:12:00 PM,ROCKVILLE PIKE,Pedestrian,Clear,Dry,Medium,"Unknown, Unknown",Pedestrian,Cross/Enter at Intersection,None (No Improper Action),Intersection Marked Crosswalk,No,Possible Minor Injury,None,39.08355692,-77.14678104,2024,3,20
240011196,03/08/2024 08:00:00 AM,STEDWICK RD,Pedestrian,Clear,Dry,Daylight,"Not Suspect of Alcohol Use, Not Suspect of Drug Use",Pedestrian,Cross/Enter at Intersection,"Failure to Obey Traffic Signs, Signals, or Officer",Intersection Marked Crosswalk,No,Possible Minor Injury,None,39.17055719,-77.20888961,2024,3,8
240011146,03/07/2024 08:29:00 PM,NA,Cyclist (non-electric),Clear,Dry,Medium,"Not Suspect of Alcohol Use, Not Suspect of Drug Use",Cyclist (non-electric),Walking/Cycling on Sidewalk,None (No Improper Action),Intersection Marked Crosswalk,No,Possible Minor Injury,Reflectors,38.96456566,-77.13610046,2024,3,20
240011067,03/07/2024 12:28:00 PM,IDEAL DR,Pedestrian,Clear,Dry,Daylight,"Not Suspect of Alcohol Use, Not Suspect of Drug Use",Pedestrian,Getting Off/On Vehicle,Unknown,Driveway Access,No,Possible Minor Injury,None,39.07059356,-77.04769143,2024,3,12
240011001,03/07/2024 03:46:00 AM,E GUDE DR (WB/L),Cyclist (non-electric),Cloudy,Wet,Medium,"Not Suspect of Alcohol Use, Not Suspect of Drug Use",Cyclist (non-electric),Cross/Enter at Intersection,"Not Visible (Dark Clothing, No Lighting, etc.)",Intersection Marked Crosswalk,No,Possible Minor Injury,None,39.10667667,-77.15829333,2024,3,3
240010945,03/06/2024 04:40:00 PM,WALTER JOHNSON RD,Pedestrian,Rain,Wet,Daylight,"Not Suspect of Alcohol Use, Not Suspect of Drug Use",Pedestrian,Walking/Cycling on Sidewalk,Failure to Yield Right-Of-Way,Intersection Marked Crosswalk,Yes,Possible Minor Injury,None,39.17612608,-77.26878147,2024,3,16
240010884,03/06/2024 12:02:00 PM,A ST (WB/L),Pedestrian,Cloudy,Dry,Daylight,"Not Suspect of Alcohol Use, Not Suspect of Drug Use",Pedestrian,Cross/Enter at Intersection,None (No Improper Action),Intersection Marked Crosswalk,No,Possible Minor Injury,None,39.09199536,-77.15319388,2024,3,12
240010871,03/06/2024 10:45:00 AM,E DEER PARK DR,Pedestrian,Cloudy,Dry,Daylight,"Not Suspect of Alcohol Use, Not Suspect of Drug Use",Pedestrian,Cross/Enter at Intersection,"Dart/Dash, Failure to Obey Traffic Signs, Signals, or Officer",Intersection Marked Crosswalk,No,Possible Minor Injury,None,39.13226188,-77.18883231,2024,3,10
240010850,03/06/2024 08:38:00 AM,16TH ST,Pedestrian,Rain,Wet,Daylight,"Unknown, Unknown",Pedestrian,Cross/Enter at Intersection,None (No Improper Action),Intersection Marked Crosswalk,No,Possible Minor Injury,None,38.99462923,-77.0361474,2024,3,8
240010850,03/06/2024 08:38:00 AM,16TH ST,Pedestrian,Rain,Wet,Daylight,"Unknown, Unknown",Pedestrian,Cross/Enter at Intersection,None (No Improper Action),Intersection Marked Crosswalk,No,Possible Minor Injury,None,38.99462923,-77.0361474,2024,3,8
240010602,03/04/2024 09:10:00 PM,AMHERST AVE,Pedestrian,Clear,Dry,Dark,"Not Suspect of Alcohol Use, Not Suspect of Drug Use",Pedestrian,Cross/Enter at Intersection,None (No Improper Action),Intersection Marked Crosswalk,No,Possible Minor Injury,None,39.0414744,-77.04813343,2024,3,21
240010204,03/02/2024 12:15:00 PM,NA,Pedestrian,Rain,NA,Daylight,"Not Suspect of Alcohol Use, Not Suspect of Drug Use",Pedestrian,Cross/Enter Not at Intersection,Dart/Dash,Other,No,Possible Minor Injury,None,39.08761108,-77.07762369,2024,3,12
240010146,03/01/2024 08:05:00 PM,NA,Pedestrian,Rain,NA,Medium,"Unknown, Unknown",Pedestrian,Other,"In Roadway Improperly (Standing, Lying, Working, Playing), Not Visible (Dark Clothing, No Lighting, etc.), Other",NonTrafficway Area,No,Possible Minor Injury,None,39.14671797,-77.20447312,2024,3,20
240010015,03/01/2024 07:40:00 AM,NA,Pedestrian,Clear,NA,Daylight,"Not Suspect of Alcohol Use, Not Suspect of Drug Use",Pedestrian,Other Working,None (No Improper Action),Other,No,No Apparent Injury,None,39.07626056,-77.18332196,2024,3,7
240009989,03/01/2024 01:29:00 AM,BONIFANT ST,Pedestrian,Clear,Dry,Medium,"Unknown, Unknown",Pedestrian,Unknown,Unknown,Intersection Marked Crosswalk,No,Suspected Serious Injury,None,38.9944221,-77.02414245,2024,3,1
240009833,02/29/2024 08:03:00 AM,DENNIS AVE,Pedestrian,Clear,Dry,Daylight,"Not Suspect of Alcohol Use, Not Suspect of Drug Use",Pedestrian,Cross/Enter Not at Intersection,None (No Improper Action),Intersection Marked Crosswalk,No,Suspected Serious Injury,None,39.02604876,-77.03444774,2024,2,8
240010048,02/28/2024 08:15:00 AM,CENTURY BLVD,Pedestrian,Cloudy,Wet,Daylight,"Unknown, Unknown",Pedestrian,Cross/Enter at Intersection,Unknown,Intersection Marked Crosswalk,Yes,Suspected Serious Injury,None,39.18033057,-77.26837062,2024,2,8
240009648,02/27/2024 11:48:00 PM,W EDMONSTON DR,Pedestrian,Rain,Wet,Medium,"Not Suspect of Alcohol Use, Not Suspect of Drug Use",Pedestrian,Cross/Enter at Intersection,"Dart/Dash, Failure to Obey Traffic Signs, Signals, or Officer",Intersection Marked Crosswalk,No,Possible Minor Injury,None,39.07435802,-77.13568165,2024,2,23
240009464,02/27/2024 08:04:00 AM,NA,Pedestrian,Clear,NA,Daylight,"Not Suspect of Alcohol Use, Not Suspect of Drug Use",Pedestrian,Getting Off/On Vehicle,Unknown,Other,No,Possible Minor Injury,None,39.20058292,-77.2482529,2024,2,8
240009407,02/26/2024 06:41:00 PM,RANDOLPH RD,Pedestrian,Clear,Dry,Medium,"Unknown, Unknown",Pedestrian,Cross/Enter at Intersection,Unknown,Intersection Marked Crosswalk,No,Possible Minor Injury,None,39.05603947,-77.08254334,2024,2,18
240009398,02/26/2024 05:40:00 PM,WATKINS MILL RD,Pedestrian,Clear,Dry,Medium,"Not Suspect of Alcohol Use, Not Suspect of Drug Use",Pedestrian,Cross/Enter at Intersection,None (No Improper Action),Intersection Marked Crosswalk,No,Possible Minor Injury,None,39.17054729,-77.20894132,2024,2,17
240009383,02/26/2024 04:01:00 PM,NA,Pedestrian,Clear,Dry,Daylight,"Not Suspect of Alcohol Use, Not Suspect of Drug Use",Pedestrian,Getting Off/On Vehicle,None (No Improper Action),Shoulder/Roadside,No,Possible Minor Injury,None,39.10394969,-77.28633395,2024,2,16
240009531,02/26/2024 12:04:00 PM,NA,Pedestrian,Clear,NA,Daylight,"Not Suspect of Alcohol Use, Not Suspect of Drug Use",Pedestrian,Standing,None (No Improper Action),NonTrafficway Area,No,Possible Minor Injury,None,39.14830061,-77.01966318,2024,2,12
240009297,02/26/2024 09:43:00 AM,KING FARM BLVD,Pedestrian,Clear,Dry,Daylight,"Unknown, Unknown",Pedestrian,Cross/Enter at Intersection,None (No Improper Action),Intersection Marked Crosswalk,No,Possible Minor Injury,None,39.11710704,-77.16889101,2024,2,9
240009261,02/25/2024 11:58:00 PM,CHERRY HILL RD,Pedestrian,Clear,Dry,Medium,"Not Suspect of Alcohol Use, Not Suspect of Drug Use",Pedestrian,Cross/Enter Not at Intersection,"Dart/Dash, Not Visible (Dark Clothing, No Lighting, etc.)",Travel Lane Other Location,Yes,Suspected Serious Injury,None,39.04950426,-76.95247673,2024,2,23
240009208,02/25/2024 02:53:00 PM,NA,Cyclist (non-electric),Clear,Dry,Daylight,"Not Suspect of Alcohol Use, Not Suspect of Drug Use",Cyclist (non-electric),Cross/Enter at Intersection,Unknown,Intersection Marked Crosswalk,No,Possible Minor Injury,Unknown,39.065096,-76.93851683,2024,2,14
240008929,02/23/2024 04:59:00 PM,NO NAME,Cyclist (Electric),Cloudy,Dry,Daylight,"Not Suspect of Alcohol Use, Not Suspect of Drug Use",Cyclist (Electric),Walking/Cycling Along Roadway Against Traffic (In or Adjacent to Travel Lane),Wrong-Way Riding or Walking,Intersection Other,No,Possible Minor Injury,Helmet,38.99233604,-77.05548154,2024,2,16
240008881,02/23/2024 01:30:00 PM,NA,Pedestrian,Cloudy,NA,Daylight,"Not Suspect of Alcohol Use, Not Suspect of Drug Use",Pedestrian,Standing,None (No Improper Action),Other,No,Possible Minor Injury,None,39.06689895,-76.97527262,2024,2,13
240008837,02/23/2024 10:04:00 AM,NA,Pedestrian,Rain,NA,Daylight,"Not Suspect of Alcohol Use, Not Suspect of Drug Use",Pedestrian,Other,None (No Improper Action),Other,No,Possible Minor Injury,None,39.10715961,-77.18904446,2024,2,10
240008837,02/23/2024 10:04:00 AM,NA,Pedestrian,Rain,NA,Daylight,"Not Suspect of Alcohol Use, Not Suspect of Drug Use",Pedestrian,Other,None (No Improper Action),Other,No,Possible Minor Injury,None,39.10715961,-77.18904446,2024,2,10
240008772,02/22/2024 07:57:00 PM,CONNECTICUT AVE,Pedestrian,Rain,Wet,Medium,"Not Suspect of Alcohol Use, Not Suspect of Drug Use",Pedestrian,Cross/Enter Not at Intersection,Other,Travel Lane Other Location,No,Possible Minor Injury,None,38.9879328,-77.07702617,2024,2,19
240008765,02/22/2024 05:00:00 PM,CARROLL AVE,Pedestrian,Clear,Dry,Daylight,"Unknown, Unknown",Pedestrian,Cross/Enter at Intersection,None (No Improper Action),Intersection Marked Crosswalk,No,No Apparent Injury,None,38.99991903,-76.99070816,2024,2,17
240008731,02/22/2024 04:56:00 PM,NA,Pedestrian,Rain,Wet,Daylight,"Not Suspect of Alcohol Use, Not Suspect of Drug Use",Pedestrian,Cross/Enter at Intersection,None (No Improper Action),Intersection Marked Crosswalk,No,Possible Minor Injury,None,39.15467038,-77.16380452,2024,2,16
240008731,02/22/2024 04:56:00 PM,NA,Pedestrian,Rain,Wet,Daylight,"Not Suspect of Alcohol Use, Not Suspect of Drug Use",Pedestrian,Cross/Enter at Intersection,None (No Improper Action),Intersection Marked Crosswalk,No,Possible Minor Injury,None,39.15467038,-77.16380452,2024,2,16
240008357,02/20/2024 03:30:00 PM,BRIGGS CHANEY RD,Pedestrian,Clear,Dry,Daylight,"Not Suspect of Alcohol Use, Not Suspect of Drug Use",Pedestrian,Cross/Enter at Intersection,None (No Improper Action),Intersection Marked Crosswalk,No,No Apparent Injury,None,39.07707533,-76.94250183,2024,2,15
240008233,02/20/2024 12:14:00 AM,NA,Pedestrian,Clear,NA,Medium,"Not Suspect of Alcohol Use, Not Suspect of Drug Use",Pedestrian,Standing,None (No Improper Action),Other,No,Possible Minor Injury,None,39.08240035,-76.94295242,2024,2,0
240008174,02/19/2024 04:13:00 PM,NA,Cyclist (Electric),Clear,Dry,Daylight,"Not Suspect of Alcohol Use, Not Suspect of Drug Use",Cyclist (Electric),Walking/Cycling Along Roadway With Traffic (In or Adjacent to Travel Lane),Unknown,Driveway Access,No,No Apparent Injury,Helmet,39.09016879,-77.1537381,2024,2,16
240008172,02/19/2024 03:56:00 PM,NA,Pedestrian,Clear,Dry,Daylight,"Not Suspect of Alcohol Use, Not Suspect of Drug Use",Pedestrian,Cross/Enter at Intersection,None (No Improper Action),Intersection Marked Crosswalk,No,Possible Minor Injury,None,39.05483341,-77.11595507,2024,2,15
240007550,02/15/2024 06:51:00 PM,NA,Cyclist (non-electric),Clear,Dry,Dark,"Not Suspect of Alcohol Use, Not Suspect of Drug Use",Cyclist (non-electric),Walking/Cycling Along Roadway With Traffic (In or Adjacent to Travel Lane),None (No Improper Action),Travel Lane Other Location,No,Possible Minor Injury,"Helmet, Reflective Wear (backpack, triangles, etc.)",39.01542819,-77.04747522,2024,2,18
240007274,02/14/2024 08:24:00 AM,NA,Pedestrian,Clear,NA,Daylight,"Not Suspect of Alcohol Use, Not Suspect of Drug Use",Pedestrian,Cross/Enter at Intersection,None (No Improper Action),Intersection Marked Crosswalk,No,Possible Minor Injury,None,39.19862631,-77.25173547,2024,2,8
240007244,02/13/2024 08:04:00 PM,METRORAIL TRACK B1 RAIL,Pedestrian,Clear,Dry,Dark,"Not Suspect of Alcohol Use, Not Suspect of Drug Use",Pedestrian,Standing,"In Roadway Improperly (Standing, Lying, Working, Playing), Not Visible (Dark Clothing, No Lighting, etc.)",Travel Lane Other Location,Yes,Fatal Injury,None,39.01069829,-77.04096076,2024,2,20
240007186,02/13/2024 03:30:00 PM,NA,Wheelchair (electric),Clear,NA,Daylight,"Not Suspect of Alcohol Use, Not Suspect of Drug Use",Wheelchair (electric),Walking/Cycling Along Roadway With Traffic (In or Adjacent to Travel Lane),"In Roadway Improperly (Standing, Lying, Working, Playing)",NonTrafficway Area,Yes,No Apparent Injury,None,39.08983882,-77.15176414,2024,2,15
240007132,02/13/2024 10:45:00 AM,ELLINGTON BLVD,Pedestrian,Rain,Wet,Daylight,"Not Suspect of Alcohol Use, Not Suspect of Drug Use",Pedestrian,Cross/Enter Not at Intersection,None (No Improper Action),Other,No,Possible Minor Injury,None,39.11489385,-77.20476717,2024,2,10
240007142,02/13/2024 09:15:00 AM,PEARL ST,Pedestrian,Snow,Slush,Daylight,"Not Suspect of Alcohol Use, Not Suspect of Drug Use",Pedestrian,Cross/Enter at Intersection,None (No Improper Action),Intersection Marked Crosswalk,No,Possible Minor Injury,None,38.98499677,-77.09115335,2024,2,9
240007101,02/13/2024 06:42:00 AM,WMATA ENT,Pedestrian,Rain,Wet,Daylight,"Not Suspect of Alcohol Use, Not Suspect of Drug Use",Pedestrian,Cross/Enter at Intersection,None (No Improper Action),Intersection Marked Crosswalk,No,Suspected Serious Injury,None,38.99420124,-77.03096797,2024,2,6
240007076,02/12/2024 08:36:00 PM,MUSGROVE RD,Pedestrian,Rain,Wet,Medium,"Not Suspect of Alcohol Use, Not Suspect of Drug Use",Pedestrian,Unknown,Unknown,Intersection Marked Crosswalk,No,Possible Minor Injury,None,39.06768364,-76.95952942,2024,2,20
240007070,02/12/2024 07:33:00 PM,PHILADELPHIA AVE,Pedestrian,Rain,Wet,Medium,"Not Suspect of Alcohol Use, Not Suspect of Drug Use",Pedestrian,Cross/Enter at Intersection,None (No Improper Action),Intersection Marked Crosswalk,No,Possible Minor Injury,None,38.98333776,-77.01572177,2024,2,19
240007066,02/12/2024 07:33:00 PM,NA,Pedestrian,Rain,NA,Medium,"Not Suspect of Alcohol Use, Not Suspect of Drug Use",Pedestrian,Walking/Cycling on Sidewalk,None (No Improper Action),Other,No,Possible Minor Injury,None,38.99614787,-77.02767684,2024,2,19
240006567,02/09/2024 05:30:00 PM,NA,Occupant of Motor Vehicle Not in Transport,Clear,NA,Medium,"Unknown, Unknown",Occupant of Motor Vehicle Not in Transport,Standing,None (No Improper Action),Other,No,Possible Minor Injury,None,39.05992043,-77.04762788,2024,2,17
240006558,02/09/2024 04:00:00 PM,NA,Scooter (electric),Clear,NA,Daylight,"Not Suspect of Alcohol Use, Not Suspect of Drug Use",Scooter (electric),Walking/Cycling on Sidewalk,Unknown,Sidewalk,No,Possible Minor Injury,None,39.07218788,-77.01051342,2024,2,16
240006253,02/08/2024 06:11:00 AM,FRIENDSHIP BLVD,Scooter (electric),Clear,Dry,Medium,"Not Suspect of Alcohol Use, Not Suspect of Drug Use",Scooter (electric),Other,None (No Improper Action),Shoulder/Roadside,No,Possible Minor Injury,None,38.96065304,-77.08796601,2024,2,6
240006093,02/07/2024 09:30:00 AM,WOODMONT AVE,Pedestrian,Clear,Dry,Daylight,"Not Suspect of Alcohol Use, Not Suspect of Drug Use",Pedestrian,Cross/Enter at Intersection,"Failure to Obey Traffic Signs, Signals, or Officer, Inattentive (Talking, Eating, etc.)",Intersection Marked Crosswalk,Yes,Possible Minor Injury,None,38.98099904,-77.0953276,2024,2,9
240006066,02/07/2024 06:50:00 AM,ARLINGTON RD,Pedestrian,Clear,Dry,Daylight,"Not Suspect of Alcohol Use, Not Suspect of Drug Use",Pedestrian,Cross/Enter at Intersection,"Failure to Yield Right-Of-Way, Other",Intersection Unmarked Crosswalk,Yes,Suspected Serious Injury,None,38.97798609,-77.09864215,2024,2,6
240006008,02/06/2024 06:10:00 PM,NA,Pedestrian,Clear,Dry,Medium,"Not Suspect of Alcohol Use, Not Suspect of Drug Use, Not Suspect of Alcohol Use, Not Suspect of Drug Use",Pedestrian,Standing,None (No Improper Action),Sidewalk,No,Possible Minor Injury,None,39.07846387,-77.11221092,2024,2,18
240005545,02/03/2024 08:38:00 PM,CONNECTICUT AVE,Pedestrian,Clear,Dry,Medium,"Not Suspect of Alcohol Use, Not Suspect of Drug Use",Pedestrian,Standing,"In Roadway Improperly (Standing, Lying, Working, Playing)",Travel Lane Other Location,No,Possible Minor Injury,None,39.02926367,-77.075944,2024,2,20
240005474,02/03/2024 10:31:00 AM,GREAT SENECA HWY,Pedestrian,Clear,Dry,Daylight,"Not Suspect of Alcohol Use, Not Suspect of Drug Use",Pedestrian,Cross/Enter at Intersection,Unknown,Intersection Marked Crosswalk,No,Suspected Serious Injury,None,39.14623737,-77.274678840000007,2024,2,10
240005434,02/02/2024 11:41:00 PM,W EDMONSTON DR,Cyclist (non-electric),Clear,Dry,Medium,"Not Suspect of Alcohol Use, Not Suspect of Drug Use",Cyclist (non-electric),Cross/Enter at Intersection,None (No Improper Action),Intersection Marked Crosswalk,No,Possible Minor Injury,None,39.07451754,-77.13566528,2024,2,23
240005414,02/02/2024 08:32:00 PM,OLNEY SANDY SPRING RD (WB/L),Pedestrian,Clear,Dry,Medium,"Not Suspect of Alcohol Use, Not Suspect of Drug Use",Pedestrian,Cross/Enter Not at Intersection,None (No Improper Action),Travel Lane Other Location,Yes,Suspected Serious Injury,None,39.15296583,-77.0662905,2024,2,20
240005352,02/02/2024 02:45:00 PM,NEW HAMPSHIRE AVE (SB/L),Pedestrian,Clear,Dry,Daylight,"Not Suspect of Alcohol Use, Not Suspect of Drug Use",Pedestrian,Walking/Cycling on Sidewalk,"In Roadway Improperly (Standing, Lying, Working, Playing)",Sidewalk,No,Possible Minor Injury,None,39.0206038,-76.97690901,2024,2,14
240005184,02/01/2024 11:50:00 AM,QUINCE ORCHARD HS ENT,Pedestrian,Clear,Dry,Daylight,"Not Suspect of Alcohol Use, Unknown",Pedestrian,Standing,None (No Improper Action),Driveway Access,No,Possible Minor Injury,Other,39.11757882,-77.25384597,2024,2,11
240005047,01/31/2024 07:39:00 PM,N STONESTREET AVE,Pedestrian,Clear,Dry,Medium,"Not Suspect of Alcohol Use, Not Suspect of Drug Use",Pedestrian,Cross/Enter at Intersection,Failure to Yield Right-Of-Way,Intersection Other,No,Possible Minor Injury,None,39.0855119,-77.1466818,2024,1,19
240005047,01/31/2024 07:39:00 PM,N STONESTREET AVE,Pedestrian,Clear,Dry,Medium,"Not Suspect of Alcohol Use, Not Suspect of Drug Use",Pedestrian,Cross/Enter at Intersection,Failure to Yield Right-Of-Way,Intersection Other,No,Possible Minor Injury,None,39.0855119,-77.1466818,2024,1,19
240004368,01/27/2024 08:30:00 PM,GRANT AVE,Pedestrian,Clear,Dry,Medium,"Not Suspect of Alcohol Use, Not Suspect of Drug Use",Pedestrian,Cross/Enter at Intersection,None (No Improper Action),Intersection Marked Crosswalk,No,No Apparent Injury,None,38.98149561,-77.00943623,2024,1,20
240004325,01/27/2024 02:07:00 PM,NA,Pedestrian,Cloudy,NA,Daylight,"Unknown, Unknown",Pedestrian,None,Other,Sidewalk,No,Possible Minor Injury,None,39.0585491,-77.1189759,2024,1,14
240004178,01/26/2024 03:05:00 PM,RIVER RD,Cyclist (non-electric),Clear,Dry,Daylight,"Not Suspect of Alcohol Use, Not Suspect of Drug Use",Cyclist (non-electric),Walking/Cycling Along Roadway With Traffic (In or Adjacent to Travel Lane),None (No Improper Action),Intersection Other,No,Suspected Serious Injury,Helmet,38.97303657,-77.12209734,2024,1,15
240003512,01/26/2024 12:34:00 PM,NA,Pedestrian,Clear,NA,Daylight,"Not Suspect of Alcohol Use, Not Suspect of Drug Use",Pedestrian,Other,Other,Other,Yes,Possible Minor Injury,None,39.07979336,-77.07961771,2024,1,12
240004076,01/26/2024 08:17:00 AM,PARK VISTA DR,Pedestrian,Cloudy,Wet,Daylight,"Not Suspect of Alcohol Use, Not Suspect of Drug Use",Pedestrian,Cross/Enter at Intersection,"In Roadway Improperly (Standing, Lying, Working, Playing)",Intersection Unmarked Crosswalk,No,Possible Minor Injury,None,39.10663583,-77.05214172,2024,1,8
240004121,01/26/2024 07:54:00 AM,NA,Pedestrian,Clear,NA,Daylight,"Not Suspect of Alcohol Use, Not Suspect of Drug Use",Pedestrian,Cross/Enter at Intersection,None (No Improper Action),Intersection Marked Crosswalk,Yes,Possible Minor Injury,None,39.13589548,-77.19316343,2024,1,7
240004121,01/26/2024 07:54:00 AM,NA,Pedestrian,Clear,NA,Daylight,"Not Suspect of Alcohol Use, Not Suspect of Drug Use",Pedestrian,Cross/Enter at Intersection,None (No Improper Action),Intersection Marked Crosswalk,No,Possible Minor Injury,None,39.13589548,-77.19316343,2024,1,7
240004121,01/26/2024 07:54:00 AM,NA,Pedestrian,Clear,NA,Daylight,"Not Suspect of Alcohol Use, Not Suspect of Drug Use",Pedestrian,Cross/Enter at Intersection,None (No Improper Action),Intersection Marked Crosswalk,No,Possible Minor Injury,None,39.13589548,-77.19316343,2024,1,7
240004060,01/26/2024 07:33:00 AM,ARLINGTON RD,Pedestrian,Cloudy,Wet,Medium,"Not Suspect of Alcohol Use, Not Suspect of Drug Use",Pedestrian,Cross/Enter at Intersection,None (No Improper Action),Intersection Marked Crosswalk,No,Possible Minor Injury,None,38.98465601,-77.09870588,2024,1,7
240004060,01/26/2024 07:33:00 AM,ARLINGTON RD,Pedestrian,Cloudy,Wet,Medium,"Not Suspect of Alcohol Use, Not Suspect of Drug Use",Pedestrian,Cross/Enter at Intersection,None (No Improper Action),Intersection Marked Crosswalk,No,Possible Minor Injury,None,38.98465601,-77.09870588,2024,1,7
240004023,01/25/2024 09:27:00 PM,ASPEN HILL RD,Pedestrian,Rain,Wet,Dark,"Not Suspect of Alcohol Use, Not Suspect of Drug Use, Not Suspect of Alcohol Use, Not Suspect of Drug Use",Pedestrian,Cross/Enter Not at Intersection,"In Roadway Improperly (Standing, Lying, Working, Playing), Inattentive (Talking, Eating, etc.), Not Visible (Dark Clothing, No Lighting, etc.), Other, Wrong-Way Riding or Walking",Travel Lane Other Location,Yes,Possible Minor Injury,None,39.0753445,-77.09380633,2024,1,21
240003997,01/25/2024 06:44:00 PM,RIPPLING BROOK DR,Pedestrian,Rain,Wet,Dark,"Not Suspect of Alcohol Use, Not Suspect of Drug Use",Pedestrian,Cross/Enter at Intersection,"Not Visible (Dark Clothing, No Lighting, etc.)",Intersection Marked Crosswalk,No,Possible Minor Injury,None,39.09014707,-77.05357651,2024,1,18
240003850,01/25/2024 06:21:00 AM,REEDIE DR,Pedestrian,Rain,Wet,Medium,"Not Suspect of Alcohol Use, Not Suspect of Drug Use",Pedestrian,Cross/Enter at Intersection,None (No Improper Action),Intersection Marked Crosswalk,No,Suspected Serious Injury,None,39.03861435,-77.05094,2024,1,6
240003813,01/24/2024 08:40:00 PM,RANDOLPH RD (WB/L),Pedestrian,Cloudy,Wet,Medium,"Not Suspect of Alcohol Use, Not Suspect of Drug Use",Pedestrian,Cross/Enter at Intersection,None (No Improper Action),Intersection Marked Crosswalk,No,Possible Minor Injury,None,39.05627232,-77.08254668,2024,1,20
240003654,01/24/2024 06:25:00 AM,CRABBS BRANCH WAY,Pedestrian,Rain,Wet,Medium,"Not Suspect of Alcohol Use, Not Suspect of Drug Use",Pedestrian,Cross/Enter at Intersection,None (No Improper Action),Median/Crossing Island,No,Possible Minor Injury,None,39.11931225,-77.15678466,2024,1,6
240003543,01/23/2024 02:47:00 PM,WISCONSIN AVE (SB/L),Pedestrian,Clear,Dry,Daylight,"Not Suspect of Alcohol Use, Not Suspect of Drug Use",Pedestrian,Cross/Enter at Intersection,Unknown,Intersection Marked Crosswalk,No,Possible Minor Injury,Unknown,38.96178017,-77.08618317,2024,1,14
240003452,01/23/2024 07:00:00 AM,BRANDERMILL DR,Pedestrian,Clear,Dry,Medium,"Not Suspect of Alcohol Use, Not Suspect of Drug Use",Pedestrian,Getting Off/On Vehicle,None (No Improper Action),Shoulder/Roadside,No,Possible Minor Injury,None,39.18448333,-77.23691167,2024,1,7
240003404,01/22/2024 06:54:00 PM,COLUMBIA PIKE,Pedestrian,Clear,Dry,Medium,"Not Suspect of Alcohol Use, Not Suspect of Drug Use",Pedestrian,Walking/Cycling on Sidewalk,None (No Improper Action),Sidewalk,No,Possible Minor Injury,None,39.03182903,-77.00405563,2024,1,18
240003113,01/20/2024 04:40:00 PM,NA,Pedestrian,Clear,NA,Daylight,NA,Pedestrian,Other,Other,Driveway Access,Yes,Possible Minor Injury,None,39.05784781,-77.11721447,2024,1,16
240002912,01/18/2024 10:30:00 PM,COLUMBIA PIKE (SB/L),Occupant of Motor Vehicle Not in Transport,Clear,Dry,Medium,"Not Suspect of Alcohol Use, Not Suspect of Drug Use",Occupant of Motor Vehicle Not in Transport,Push/Work on Vehicle,None (No Improper Action),Shoulder/Roadside,No,Possible Minor Injury,None,39.12681134,-76.92309001,2024,1,22
240002912,01/18/2024 10:30:00 PM,COLUMBIA PIKE (SB/L),Occupant of Motor Vehicle Not in Transport,Clear,Dry,Medium,"Not Suspect of Alcohol Use, Not Suspect of Drug Use",Occupant of Motor Vehicle Not in Transport,Other Working,None (No Improper Action),Shoulder/Roadside,No,Possible Minor Injury,None,39.12681134,-76.92309001,2024,1,22
240002647,01/17/2024 01:14:00 PM,NA,Pedestrian,Clear,NA,Daylight,"Not Suspect of Alcohol Use, Not Suspect of Drug Use",Pedestrian,Standing,None (No Improper Action),NonTrafficway Area,No,Possible Minor Injury,None,39.20158825,-77.24670089,2024,1,13
240002647,01/17/2024 01:14:00 PM,NA,Pedestrian,Clear,NA,Daylight,"Not Suspect of Alcohol Use, Not Suspect of Drug Use",Pedestrian,Standing,None (No Improper Action),NonTrafficway Area,No,Possible Minor Injury,None,39.20158825,-77.24670089,2024,1,13
240002647,01/17/2024 01:14:00 PM,NA,Pedestrian,Clear,NA,Daylight,"Not Suspect of Alcohol Use, Not Suspect of Drug Use",Pedestrian,Standing,None (No Improper Action),NonTrafficway Area,No,Possible Minor Injury,None,39.20158825,-77.24670089,2024,1,13
240002606,01/17/2024 09:20:00 AM,PLUM ORCHARD DR,Pedestrian,Clear,Snow,Daylight,"Unknown, Unknown",Pedestrian,Cross/Enter at Intersection,Unknown,Unknown,No,Possible Minor Injury,None,39.05261194,-76.953173,2024,1,9
240002271,01/14/2024 06:46:00 PM,NA,Pedestrian,Clear,Dry,Medium,"Not Suspect of Alcohol Use, Not Suspect of Drug Use",Pedestrian,Cross/Enter at Intersection,"Dart/Dash, Failure to Obey Traffic Signs, Signals, or Officer, Inattentive (Talking, Eating, etc.), Not Visible (Dark Clothing, No Lighting, etc.)",Intersection Marked Crosswalk,Yes,Possible Minor Injury,None,39.13670597,-77.2057709,2024,1,18
240002228,01/14/2024 12:01:00 PM,NA,Unknown Type Of Non-Motorist,Clear,NA,Daylight,"Not Suspect of Alcohol Use, Not Suspect of Drug Use",Unknown Type Of Non-Motorist,Other,"None (No Improper Action), Other",Other,No,No Apparent Injury,None,38.9657486,-77.104895,2024,1,12
240002228,01/14/2024 12:01:00 PM,NA,Unknown Type Of Non-Motorist,Clear,NA,Daylight,"Not Suspect of Alcohol Use, Not Suspect of Drug Use",Unknown Type Of Non-Motorist,Other,"None (No Improper Action), Other",Other,No,No Apparent Injury,None,38.9657486,-77.104895,2024,1,12
240002228,01/14/2024 12:01:00 PM,NA,Unknown Type Of Non-Motorist,Clear,NA,Daylight,"Not Suspect of Alcohol Use, Not Suspect of Drug Use",Unknown Type Of Non-Motorist,Other,"None (No Improper Action), Other",Other,No,No Apparent Injury,None,38.9657486,-77.104895,2024,1,12
240002018,01/12/2024 09:50:00 PM,NA,Pedestrian,Rain,NA,Medium,"Not Suspect of Alcohol Use, Not Suspect of Drug Use",Pedestrian,Other,"Not Visible (Dark Clothing, No Lighting, etc.)",Other,No,Possible Minor Injury,None,39.11708795,-77.20066521,2024,1,21
240002011,01/12/2024 08:40:00 PM,PHILMONT DR,Pedestrian,Rain,Wet,Medium,"Not Suspect of Alcohol Use, Not Suspect of Drug Use",Pedestrian,Other,"Inattentive (Talking, Eating, etc.), Other",Driveway Access,No,Possible Minor Injury,None,39.1237536,-77.21372062,2024,1,20
240001994,01/12/2024 06:00:00 PM,CONNECTICUT AVE,Pedestrian,Cloudy,Dry,Dark,"Not Suspect of Alcohol Use, Not Suspect of Drug Use",Pedestrian,Cross/Enter Not at Intersection,None (No Improper Action),Midblock Marked Crosswalk,Yes,Possible Minor Injury,None,39.02959455,-77.07579703,2024,1,18
240001987,01/12/2024 05:41:00 PM,NA,Pedestrian,Clear,NA,Medium,"Not Suspect of Alcohol Use, Not Suspect of Drug Use",Pedestrian,Other,Unknown,Other,No,Possible Minor Injury,None,39.07701012,-77.00368684,2024,1,17
240001656,01/11/2024 06:40:00 AM,ASTON MANOR DR,Pedestrian,Clear,Dry,Medium,"Not Suspect of Alcohol Use, Not Suspect of Drug Use",Pedestrian,Cross/Enter at Intersection,None (No Improper Action),Intersection Marked Crosswalk,No,Possible Minor Injury,None,39.07887473,-76.93770202,2024,1,6
240001460,01/10/2024 08:53:00 AM,BUSHEY DR,Pedestrian,Cloudy,Wet,Daylight,"Not Suspect of Alcohol Use, Not Suspect of Drug Use",Pedestrian,Walking/Cycling Along Roadway Against Traffic (In or Adjacent to Travel Lane),"In Roadway Improperly (Standing, Lying, Working, Playing)",Travel Lane Other Location,Yes,Possible Minor Injury,None,39.0592475,-77.07731033,2024,1,8
240001405,01/09/2024 07:23:00 PM,NA,Pedestrian,Rain,NA,Medium,"Not Suspect of Alcohol Use, Not Suspect of Drug Use",Pedestrian,Walking/Cycling Along Roadway Against Traffic (In or Adjacent to Travel Lane),None (No Improper Action),Other,No,Possible Minor Injury,None,39.0538487,-76.95644071,2024,1,19
240001364,01/09/2024 02:13:00 PM,NEW HAMPSHIRE AVE,Pedestrian,Rain,Wet,Daylight,"Not Suspect of Alcohol Use, Not Suspect of Drug Use",Pedestrian,Cross/Enter at Intersection,None (No Improper Action),Intersection Marked Crosswalk,No,Possible Minor Injury,None,39.01556667,-76.97754667,2024,1,14
240001357,01/09/2024 01:53:00 PM,NA,Pedestrian,Rain,NA,Daylight,"Unknown, Unknown",Pedestrian,Cross/Enter Not at Intersection,Other,Intersection Unmarked Crosswalk,No,No Apparent Injury,None,38.98911349,-76.9894316,2024,1,13
240001010,01/07/2024 01:30:00 PM,NEWPORT MILL RD,"Other Pedestrian (person in a building, skater, personal conveyance, etc.)",Clear,Dry,Daylight,"Not Suspect of Alcohol Use, Not Suspect of Drug Use","Other Pedestrian (person in a building, skater, personal conveyance, etc.)",Cross/Enter Not at Intersection,Failure to Yield Right-Of-Way,Travel Lane Other Location,Yes,Possible Minor Injury,None,39.0454076,-77.06449126,2024,1,13
240000932,01/06/2024 06:09:00 PM,16TH ST (SB/L),Pedestrian,Rain,Wet,Medium,"Unknown, Unknown",Pedestrian,Cross/Enter at Intersection,None (No Improper Action),Intersection Marked Crosswalk,No,Possible Minor Injury,None,38.99460669,-77.03640286,2024,1,18
240000929,01/06/2024 05:56:00 PM,W JEFFERSON ST,Pedestrian,Rain,Wet,Daylight,"Not Suspect of Alcohol Use, Not Suspect of Drug Use",Pedestrian,Cross/Enter at Intersection,None (No Improper Action),Intersection Marked Crosswalk,No,Possible Minor Injury,None,39.08319471,-77.15277299,2024,1,17
240000920,01/06/2024 04:23:00 PM,HAMPDEN LA,Pedestrian,Rain,Wet,Daylight,"Not Suspect of Alcohol Use, Not Suspect of Drug Use",Pedestrian,Cross/Enter at Intersection,None (No Improper Action),Intersection Marked Crosswalk,No,Possible Minor Injury,None,38.98271344,-77.09614773,2024,1,16
240000908,01/06/2024 03:09:00 PM,ROCKVILLE PIKE,Pedestrian,Rain,Wet,Daylight,"Not Suspect of Alcohol Use, Not Suspect of Drug Use",Pedestrian,Cross/Enter at Intersection,None (No Improper Action),Intersection Marked Crosswalk,No,No Apparent Injury,None,39.04718005,-77.11280141,2024,1,15
240000846,01/06/2024 01:06:00 AM,CENTER POINT WAY,Scooter (electric),Clear,Dry,Medium,"Unknown, Unknown",Scooter (electric),Cross/Enter at Intersection,None (No Improper Action),Intersection Other,No,No Apparent Injury,None,39.12187321,-77.23458649,2024,1,1
240000846,01/06/2024 01:06:00 AM,CENTER POINT WAY,Scooter (electric),Clear,Dry,Medium,"Unknown, Unknown",Scooter (electric),Cross/Enter at Intersection,None (No Improper Action),Intersection Other,No,No Apparent Injury,None,39.12187321,-77.23458649,2024,1,1
240000673,01/04/2024 01:20:00 PM,NA,Pedestrian,Clear,NA,Daylight,"Unknown, Unknown",Pedestrian,Other,None (No Improper Action),Driveway Access,No,Possible Minor Injury,None,39.19833361,-77.25116728,2024,1,13
240000476,01/03/2024 06:51:00 PM,MUNCASTER RD,Pedestrian,Clear,Dry,Medium,"Not Suspect of Alcohol Use, Not Suspect of Drug Use",Pedestrian,Walking/Cycling Along Roadway With Traffic (In or Adjacent to Travel Lane),"In Roadway Improperly (Standing, Lying, Working, Playing), Not Visible (Dark Clothing, No Lighting, etc.)",Travel Lane Other Location,Yes,Suspected Serious Injury,None,39.15561847,-77.13066812,2024,1,18
240000467,01/03/2024 06:14:00 PM,HENDERSON AVE,Pedestrian,Clear,Dry,Medium,"Unknown, Unknown",Pedestrian,Cross/Enter at Intersection,None (No Improper Action),Intersection Marked Crosswalk,No,Suspected Serious Injury,None,39.05070153,-77.05166649,2024,1,18
240000242,01/02/2024 03:03:00 PM,NA,Scooter (electric),Clear,Dry,Daylight,"Not Suspect of Alcohol Use, Not Suspect of Drug Use",Scooter (electric),Cross/Enter at Intersection,"Failure to Obey Traffic Signs, Signals, or Officer",Intersection Marked Crosswalk,No,Suspected Serious Injury,None,38.98472511,-77.02662959,2024,1,15
240000278,01/02/2024 07:10:00 AM,TUCKERMAN LA,Pedestrian,Clear,Dry,Daylight,"Not Suspect of Alcohol Use, Not Suspect of Drug Use",Pedestrian,Cross/Enter at Intersection,None (No Improper Action),Intersection Marked Crosswalk,No,Possible Minor Injury,None,39.03064752,-77.10527832,2024,1,7
240000031,01/01/2024 06:23:00 AM,RANDOLPH RD,Pedestrian,Clear,Wet,Dark,"Unknown, Unknown",Pedestrian,Other,"Disabled Vehicle-Related (Working on, Pushing, Leaving/Approaching)",Other,No,Possible Minor Injury,None,39.05392942,-77.09529695,2024,1,6
240000031,01/01/2024 06:23:00 AM,RANDOLPH RD,Pedestrian,Clear,Wet,Dark,"Unknown, Unknown",Pedestrian,Push/Work on Vehicle,"Disabled Vehicle-Related (Working on, Pushing, Leaving/Approaching)",Travel Lane Other Location,No,Possible Minor Injury,None,39.05392942,-77.09529695,2024,1,6
230074413,12/31/2023 05:25:00 PM,MONROE ST,PEDESTRIAN,Clear,DRY,Medium,NONE DETECTED,PEDESTRIAN,Cross/Enter at Intersection,NO IMPROPER ACTIONS,ON ROADWAY AT CROSSWALK,No,Suspected Serious Injury,NONE,39.08181926,-77.14892365,2023,12,17
230074399,12/31/2023 03:22:00 PM,NA,PEDESTRIAN,Clear,NA,Daylight,NONE DETECTED,PEDESTRIAN,Other,OTHER,OTHER,No,Possible Minor Injury,N/A,39.07448784,-77.15264647,2023,12,15
240000590,12/31/2023 01:00:00 PM,NA,PEDESTRIAN,Clear,NA,Daylight,UNKNOWN,PEDESTRIAN,Walking/Cycling on Sidewalk,NO IMPROPER ACTIONS,SIDEWALK,No,Possible Minor Injury,N/A,39.14832345,-77.20689024,2023,12,13
230074313,12/30/2023 05:15:00 PM,MOORLAND LA,PEDESTRIAN,Clear,DRY,Medium,NONE DETECTED,PEDESTRIAN,Cross/Enter at Intersection,NO IMPROPER ACTIONS,ON ROADWAY AT CROSSWALK,No,Possible Minor Injury,NONE,38.98591833,-77.09852,2023,12,17
230074264,12/30/2023 11:19:00 AM,GREENCASTLE RD,PEDESTRIAN,Clear,DRY,Daylight,NONE DETECTED,PEDESTRIAN,Cross/Enter at Intersection,NO IMPROPER ACTIONS,ON ROADWAY AT CROSSWALK,No,Possible Minor Injury,N/A,39.08252183,-76.93049133,2023,12,11
230074244,12/30/2023 04:55:00 AM,GEORGIA AVE,OTHER,Clear,DRY,Medium,ALCOHOL PRESENT,OTHER,Other Working,NO IMPROPER ACTIONS,SIDEWALK,No,Suspected Serious Injury,N/A,39.05920152,-77.05011059,2023,12,4
230074174,12/29/2023 04:31:00 PM,MEDICAL CENTER DR,BICYCLIST,Clear,DRY,Daylight,N/A,BICYCLIST,Walking/Cycling on Sidewalk,DART DASH,AT INTERSECTION MARKED CROSSWALK,Yes,Possible Minor Injury,MC/BIKE HELMET,39.09868686,-77.20405464,2023,12,16
230073906,12/27/2023 07:42:00 PM,HAMPDEN LA,PEDESTRIAN,Rain,WET,Dark,NONE DETECTED,PEDESTRIAN,Cross/Enter at Intersection,INATTENTIVE,CURB,No,Possible Minor Injury,N/A,38.98285333,-77.09823333,2023,12,19
230073776,12/27/2023 06:38:00 AM,ROCKVILLE PIKE,PEDESTRIAN,Clear,WET,Medium,NONE DETECTED,PEDESTRIAN,Cross/Enter at Intersection,NO IMPROPER ACTIONS,ON ROADWAY AT CROSSWALK,No,Possible Minor Injury,NONE,38.99933367,-77.09701467,2023,12,6
230073738,12/26/2023 06:49:00 PM,VEIRS MILL RD,PEDESTRIAN,Cloudy,WET,Medium,NONE DETECTED,PEDESTRIAN,Cross/Enter at Intersection,FAILURE TO OBEY TRAFFIC SIGNS SIGNALS OR OFFICER,ON ROADWAY AT CROSSWALK,Yes,Fatal Injury,NONE,39.07488193,-77.11553024,2023,12,18
230073589,12/25/2023 09:27:00 PM,GUNNERS BRANCH RD,PEDESTRIAN,Clear,DRY,Medium,NONE DETECTED,PEDESTRIAN,Cross/Enter at Intersection,NO IMPROPER ACTIONS,ON ROADWAY AT CROSSWALK,No,No Apparent Injury,NONE,39.17799305,-77.24060511,2023,12,21
230073589,12/25/2023 09:27:00 PM,GUNNERS BRANCH RD,PEDESTRIAN,Clear,DRY,Medium,NONE DETECTED,PEDESTRIAN,Cross/Enter at Intersection,NO IMPROPER ACTIONS,AT INTERSECTION BUT NO CROSSWALK,No,Possible Minor Injury,NONE,39.17799305,-77.24060511,2023,12,21
230073488,12/24/2023 06:31:00 PM,NA,PEDESTRIAN,Clear,NA,Medium,NONE DETECTED,PEDESTRIAN,Other,NOT VISIBLE,OTHER,No,Possible Minor Injury,REFLECTIVE CLOTHING,39.28861683,-77.20493983,2023,12,18
230073457,12/24/2023 02:25:00 PM,NA,PEDESTRIAN,Clear,NA,Daylight,N/A,PEDESTRIAN,Walking/Cycling on Sidewalk,NO IMPROPER ACTIONS,SIDEWALK,No,Possible Minor Injury,NONE,39.05594083,-77.0839425,2023,12,14
230073214,12/22/2023 07:17:00 PM,GEORGIA AVE,PEDESTRIAN,Clear,DRY,Medium,UNKNOWN,PEDESTRIAN,Cross/Enter not at Intersection,FAILURE TO YIELD RIGHT OF WAY,ON ROADWAY NOT AT CROSSWALK,Yes,Possible Minor Injury,NONE,39.07969254,-77.07385365,2023,12,19
230073214,12/22/2023 07:17:00 PM,GEORGIA AVE,PEDESTRIAN,Clear,DRY,Medium,UNKNOWN,PEDESTRIAN,Cross/Enter not at Intersection,FAILURE TO YIELD RIGHT OF WAY,ON ROADWAY NOT AT CROSSWALK,Yes,Possible Minor Injury,NONE,39.07969254,-77.07385365,2023,12,19
230072976,12/21/2023 03:34:00 PM,FISHER AVE,PEDESTRIAN,Cloudy,DRY,Daylight,N/A,PEDESTRIAN,Cross/Enter not at Intersection,DART DASH,ON ROADWAY NOT AT CROSSWALK,Yes,Possible Minor Injury,NONE,39.14394667,-77.408745,2023,12,15
230072733,12/20/2023 11:19:00 AM,KNOWLES AVE,PEDESTRIAN,Clear,DRY,Daylight,NONE DETECTED,PEDESTRIAN,Cross/Enter at Intersection,NO IMPROPER ACTIONS,AT INTERSECTION BUT NO CROSSWALK,No,Suspected Serious Injury,NONE,39.027575,-77.077805,2023,12,11
230072598,12/19/2023 03:40:00 PM,EDWIN ST,OTHER,Clear,DRY,Daylight,NONE DETECTED,OTHER,N/A,NO IMPROPER ACTIONS,OTHER,No,No Apparent Injury,N/A,39.053241,-77.07055383,2023,12,15
230072598,12/19/2023 03:40:00 PM,EDWIN ST,OTHER,Clear,DRY,Daylight,NONE DETECTED,OTHER,N/A,NO IMPROPER ACTIONS,OTHER,No,No Apparent Injury,N/A,39.053241,-77.07055383,2023,12,15
230072598,12/19/2023 03:40:00 PM,EDWIN ST,OTHER,Clear,DRY,Daylight,NONE DETECTED,OTHER,N/A,NO IMPROPER ACTIONS,OTHER,No,No Apparent Injury,N/A,39.053241,-77.07055383,2023,12,15
230072585,12/19/2023 03:22:00 PM,BEL PRE RD,PEDESTRIAN,Clear,DRY,Daylight,NONE DETECTED,PEDESTRIAN,Cross/Enter at Intersection,NO IMPROPER ACTIONS,ON ROADWAY AT CROSSWALK,No,Suspected Serious Injury,NONE,39.09041416,-77.05300905,2023,12,15
230072243,12/17/2023 05:43:00 PM,GEORGIA AVE,PEDESTRIAN,Rain,WET,Medium,NONE DETECTED,PEDESTRIAN,Cross/Enter at Intersection,NO IMPROPER ACTIONS,ON ROADWAY AT CROSSWALK,No,Possible Minor Injury,N/A,38.99589921,-77.02818753,2023,12,17
230072234,12/17/2023 04:49:00 PM,GEORGIA AVE,BICYCLIST,Rain,WET,Medium,NONE DETECTED,BICYCLIST,Cross/Enter at Intersection,NO IMPROPER ACTIONS,ON ROADWAY AT CROSSWALK,No,Possible Minor Injury,NONE,38.98484527,-77.02658531,2023,12,16
230072050,12/16/2023 12:36:00 PM,GERMANTOWN RD,BICYCLIST,Clear,DRY,Daylight,NONE DETECTED,BICYCLIST,Cross/Enter at Intersection,FAILURE TO OBEY TRAFFIC SIGNS SIGNALS OR OFFICER,ON ROADWAY AT CROSSWALK,Yes,Possible Minor Injury,MC/BIKE HELMET,39.17877577,-77.26718974,2023,12,12
230071955,12/15/2023 05:26:00 PM,WISTERIA DR,BICYCLIST,Clear,DRY,Medium,NONE DETECTED,BICYCLIST,Cross/Enter at Intersection,UNKNOWN,ON ROADWAY AT CROSSWALK,Unknown,Possible Minor Injury,NONE,39.17235282,-77.26425105,2023,12,17
230071957,12/15/2023 05:24:00 PM,NA,PEDESTRIAN,Clear,NA,Medium,"ALCOHOL PRESENT, NONE DETECTED",PEDESTRIAN,Other,NO IMPROPER ACTIONS,OTHER,No,Possible Minor Injury,NONE,38.99686779,-77.02382004,2023,12,17
230070774,12/09/2023 01:00:00 PM,FLOWER AVE,PEDESTRIAN,Clear,DRY,Daylight,UNKNOWN,PEDESTRIAN,Cross/Enter not at Intersection,IN ROADWAY IMPROPERLY,ON ROADWAY NOT AT CROSSWALK,Yes,Possible Minor Injury,NONE,38.99923466,-77.00384109,2023,12,13
230070703,12/08/2023 10:16:00 PM,MONTERREY DR,BICYCLIST,Clear,DRY,Medium,N/A,BICYCLIST,Cross/Enter at Intersection,NO IMPROPER ACTIONS,ON ROADWAY AT CROSSWALK,No,Possible Minor Injury,NONE,39.04280469,-77.06018926,2023,12,22
230070689,12/08/2023 08:12:00 PM,NA,PEDESTRIAN,Clear,NA,Medium,NONE DETECTED,PEDESTRIAN,Other,NO IMPROPER ACTIONS,ON ROADWAY NOT AT CROSSWALK,No,Possible Minor Injury,N/A,39.07786491,-77.07972789,2023,12,20
230070516,12/07/2023 11:17:00 PM,MONROE ST,PEDESTRIAN,Cloudy,DRY,Medium,UNKNOWN,PEDESTRIAN,Unknown,UNKNOWN,SHOULDER,No,Possible Minor Injury,NONE,39.07795461,-77.15156858,2023,12,23
230070456,12/07/2023 05:40:00 PM,BRIGGS CHANEY RD,PEDESTRIAN,Clear,DRY,Medium,NONE DETECTED,PEDESTRIAN,Cross/Enter at Intersection,INATTENTIVE,ON ROADWAY AT CROSSWALK,Unknown,Possible Minor Injury,NONE,39.0823322,-76.94716118,2023,12,17
230070457,12/07/2023 05:40:00 PM,SHADY GROVE RD,PEDESTRIAN,Clear,DRY,Medium,N/A,PEDESTRIAN,Cross/Enter at Intersection,NO IMPROPER ACTIONS,ON ROADWAY AT CROSSWALK,No,Possible Minor Injury,NONE,39.13371167,-77.15808833,2023,12,17
230070177,12/06/2023 10:56:00 AM,ARLINGTON RD,PEDESTRIAN,Cloudy,DRY,Daylight,NONE DETECTED,PEDESTRIAN,Standing,NO IMPROPER ACTIONS,SIDEWALK,No,Suspected Serious Injury,N/A,38.98077833,-77.09855,2023,12,10
23006974,12/05/2023 12:07:00 PM,EAST WEST HWY,BICYCLIST,Clear,DRY,Daylight,NONE DETECTED,BICYCLIST,Walking/Cycling on Sidewalk,FAILURE TO YIELD RIGHT OF WAY,ON ROADWAY AT CROSSWALK,Yes,No Apparent Injury,NONE,38.99388637,-77.03252315,2023,12,12
230069910,12/05/2023 06:56:00 AM,DEWEY RD,PEDESTRIAN,Clear,DRY,Medium,NONE DETECTED,PEDESTRIAN,Cross/Enter at Intersection,UNKNOWN,ON ROADWAY AT CROSSWALK,Unknown,Possible Minor Injury,N/A,39.05365,-77.08934667,2023,12,6
230069784,12/04/2023 11:58:00 AM,COLUMBIA PIKE,PEDESTRIAN,Clear,DRY,Daylight,N/A,PEDESTRIAN,Push/Work on Vehicle,NO IMPROPER ACTIONS,OTHER,No,Suspected Serious Injury,N/A,39.10491517,-76.9330545,2023,12,11
230069448,12/02/2023 10:21:00 AM,NA,PEDESTRIAN,Cloudy,NA,Daylight,NONE DETECTED,PEDESTRIAN,Standing,NO IMPROPER ACTIONS,OTHER,No,Possible Minor Injury,N/A,39.120346670000004,-77.06979,2023,12,10
230069430,12/02/2023 07:32:00 AM,LONG CORNER RD,BICYCLIST,Cloudy,WET,Daylight,UNKNOWN,BICYCLIST,Cross/Enter at Intersection,NO IMPROPER ACTIONS,AT INTERSECTION BUT NO CROSSWALK,No,Suspected Serious Injury,MC/BIKE HELMET,39.28980167,-77.16105667,2023,12,7
230069381,12/01/2023 07:25:00 PM,FREDERICK RD,PEDESTRIAN,Rain,WET,Medium,NONE DETECTED,PEDESTRIAN,Cross/Enter not at Intersection,IN ROADWAY IMPROPERLY,ON ROADWAY NOT AT CROSSWALK,Yes,Possible Minor Injury,NONE,39.1465181,-77.20470847,2023,12,19
23069359,12/01/2023 05:14:00 PM,NA,PEDESTRIAN,Rain,NA,Medium,ALCOHOL CONTRIBUTED,PEDESTRIAN,Other,NO IMPROPER ACTIONS,OTHER,No,Possible Minor Injury,NONE,39.1269323,-77.2595165,2023,12,17
230069211,11/30/2023 10:55:00 PM,GEORGIA AVE,PEDESTRIAN,Clear,DRY,Medium,NONE DETECTED,PEDESTRIAN,Cross/Enter not at Intersection,IN ROADWAY IMPROPERLY,ON ROADWAY NOT AT CROSSWALK,Yes,Possible Minor Injury,NONE,39.04125105,-77.05169358,2023,11,22
230069182,11/30/2023 06:13:00 PM,SHADY GROVE RD,OTHER,Clear,DRY,Medium,NONE DETECTED,OTHER,Other,NO IMPROPER ACTIONS,OTHER,No,No Apparent Injury,N/A,39.13361819,-77.15808041,2023,11,18
230069152,11/30/2023 04:19:00 PM,NA,PEDESTRIAN,Clear,NA,Daylight,NONE DETECTED,PEDESTRIAN,Standing,NO IMPROPER ACTIONS,OTHER,No,Possible Minor Injury,N/A,39.05606117,-77.0835027,2023,11,16
230068789,11/28/2023 06:07:00 PM,ROCKVILLE PIKE,PEDESTRIAN,Clear,DRY,Medium,NONE DETECTED,PEDESTRIAN,Cross/Enter not at Intersection,DART DASH,ON ROADWAY NOT AT CROSSWALK,Yes,Possible Minor Injury,NONE,39.00666,-77.097365,2023,11,18
230068704,11/28/2023 12:46:00 PM,NA,PEDESTRIAN,Clear,NA,Daylight,NA,PEDESTRIAN,Unknown,INATTENTIVE,OTHER,Yes,Suspected Serious Injury,NONE,39.06961075,-77.17418125,2023,11,12
230068677,11/28/2023 10:42:00 AM,ROCKVILLE PIKE,BICYCLIST,Clear,DRY,Daylight,NONE DETECTED,BICYCLIST,Cross/Enter at Intersection,NO IMPROPER ACTIONS,ON ROADWAY NOT AT CROSSWALK,Yes,No Apparent Injury,MC/BIKE HELMET,39.07178998,-77.13258698,2023,11,10
230068578,11/27/2023 05:42:00 PM,NA,PEDESTRIAN,Clear,NA,Medium,UNKNOWN,PEDESTRIAN,Other,NO IMPROPER ACTIONS,OTHER,No,Possible Minor Injury,N/A,38.98653167,-77.09835333,2023,11,17
230068281,11/26/2023 05:01:00 PM,ROCKVILLE PIKE,PEDESTRIAN,Rain,WET,Medium,NONE DETECTED,PEDESTRIAN,Cross/Enter at Intersection,NO IMPROPER ACTIONS,ON ROADWAY AT CROSSWALK,No,Possible Minor Injury,NONE,39.05904737,-77.1217952,2023,11,17
230068207,11/25/2023 02:19:00 PM,LIVINGSTON ST,PEDESTRIAN,Clear,DRY,Daylight,NONE DETECTED,PEDESTRIAN,Cross/Enter at Intersection,NO IMPROPER ACTIONS,AT INTERSECTION MARKED CROSSWALK,No,Possible Minor Injury,NONE,39.03428767,-77.04852567,2023,11,14
230067838,11/22/2023 03:06:00 PM,CONNECTICUT AVE,PEDESTRIAN,Clear,DRY,Daylight,NONE DETECTED,PEDESTRIAN,Cross/Enter at Intersection,NO IMPROPER ACTIONS,ON ROADWAY AT CROSSWALK,No,Possible Minor Injury,N/A,39.09196775,-77.07041842,2023,11,15
230067818,11/22/2023 01:10:00 PM,NICHOLSON LN,PEDESTRIAN,Cloudy,DRY,Daylight,UNKNOWN,PEDESTRIAN,Walking/Riding w/Traffic,NO IMPROPER ACTIONS,AT INTERSECTION MARKED CROSSWALK,No,Possible Minor Injury,N/A,39.04513667,-77.109205,2023,11,13
230057757,11/22/2023 07:27:00 AM,VEIRS MILL RD,PEDESTRIAN,Cloudy,N/A,Medium,NONE DETECTED,PEDESTRIAN,Cross/Enter at Intersection,UNKNOWN,ON ROADWAY AT CROSSWALK,No,Possible Minor Injury,N/A,39.08069568,-77.14102778,2023,11,7
230067692,11/21/2023 06:35:00 PM,BEL PRE RD,PEDESTRIAN,Rain,WET,Medium,NONE DETECTED,PEDESTRIAN,Cross/Enter at Intersection,UNKNOWN,ON ROADWAY AT CROSSWALK,Unknown,Possible Minor Injury,NONE,39.09059417,-77.04761717,2023,11,18
230067682,11/21/2023 05:54:00 PM,FREDERICK RD,PEDESTRIAN,Rain,WET,Medium,N/A,PEDESTRIAN,Cross/Enter not at Intersection,IN ROADWAY IMPROPERLY,ON ROADWAY NOT AT CROSSWALK,Yes,Possible Minor Injury,NONE,39.11462327,-77.16437638,2023,11,17
230067666,11/21/2023 04:41:00 PM,W DEER PARK RD,PEDESTRIAN,Rain,WET,Medium,NONE DETECTED,PEDESTRIAN,Cross/Enter at Intersection,NO IMPROPER ACTIONS,ON ROADWAY AT CROSSWALK,No,Possible Minor Injury,NONE,39.130494,-77.20112133,2023,11,16
230067487,11/20/2023 06:05:00 PM,MONTGOMERY VILLAGE AVE,PEDESTRIAN,Clear,DRY,Medium,NONE DETECTED,PEDESTRIAN,Walking/Riding w/Traffic,NO IMPROPER ACTIONS,ON ROADWAY AT CROSSWALK,No,Possible Minor Injury,N/A,39.16146833,-77.201725,2023,11,18
230067365,11/20/2023 09:50:00 AM,WOODGLEN DR,MACHINE OPERATOR/RIDER,Cloudy,DRY,Daylight,N/A,MACHINE OPERATOR/RIDER,Cross/Enter at Intersection,NO IMPROPER ACTIONS,ON ROADWAY AT CROSSWALK,No,Possible Minor Injury,MC/BIKE HELMET,39.045225,-77.11219333,2023,11,9
230067301,11/19/2023 09:01:00 PM,ETHAN ALLEN AVE,PEDESTRIAN,Clear,DRY,Medium,N/A,PEDESTRIAN,Cross/Enter at Intersection,N/A,ON ROADWAY AT CROSSWALK,No,Possible Minor Injury,NONE,38.97797936,-77.00163372,2023,11,21
230067257,11/19/2023 03:47:00 PM,FATHER HURLEY BLVD,BICYCLIST,Clear,DRY,Daylight,NONE DETECTED,BICYCLIST,Cross/Enter at Intersection,FAILURE TO OBEY TRAFFIC SIGNS SIGNALS OR OFFICER,ON ROADWAY AT CROSSWALK,Yes,No Apparent Injury,MC/BIKE HELMET,39.19332667,-77.27050823,2023,11,15
230067146,11/18/2023 07:14:00 PM,PINEY BRANCH RD,PEDESTRIAN,Clear,DRY,Medium,NONE DETECTED,PEDESTRIAN,Cross/Enter not at Intersection,NO IMPROPER ACTIONS,ON ROADWAY NOT AT CROSSWALK,Yes,Possible Minor Injury,N/A,38.99802893,-77.00402656,2023,11,19
230066932,11/17/2023 04:10:00 PM,MONTGOMERY VILLAGE AVE,PEDESTRIAN,Clear,DRY,Medium,N/A,PEDESTRIAN,Cross/Enter not at Intersection,DART DASH,ON ROADWAY NOT AT CROSSWALK,Yes,Possible Minor Injury,N/A,39.17238667,-77.20381167,2023,11,16
230066890,11/17/2023 12:30:00 PM,OLD GEORGETOWN RD,PEDESTRIAN,Clear,DRY,Daylight,NONE DETECTED,PEDESTRIAN,Cross/Enter not at Intersection,IN ROADWAY IMPROPERLY,ON ROADWAY NOT AT CROSSWALK,Yes,Possible Minor Injury,N/A,39.02330696,-77.12405435,2023,11,12
230066843,11/17/2023 06:30:00 AM,ASPEN HILL RD,PEDESTRIAN,Clear,DRY,Medium,NONE DETECTED,PEDESTRIAN,Cross/Enter at Intersection,NO IMPROPER ACTIONS,ON ROADWAY AT CROSSWALK,No,Possible Minor Injury,NONE,39.07093817,-77.10181125,2023,11,6
230066764,11/16/2023 06:05:00 PM,SETTLERS LANDING WAY,PEDESTRIAN,Clear,DRY,Medium,NONE DETECTED,PEDESTRIAN,Walking/Cycling on Sidewalk,UNKNOWN,AT INTERSECTION BUT NO CROSSWALK,Unknown,Possible Minor Injury,NONE,39.0906019,-77.22631213,2023,11,18
230066732,11/16/2023 03:20:00 PM,GEORGIA AVE,BICYCLIST,Clear,DRY,Daylight,NONE DETECTED,BICYCLIST,Cross/Enter at Intersection,NO IMPROPER ACTIONS,ON ROADWAY NOT AT CROSSWALK,No,Possible Minor Injury,MC/BIKE HELMET,39.17206833,-77.05902167,2023,11,15
230066664,11/16/2023 10:55:00 AM,NA,MACHINE OPERATOR/RIDER,Clear,NA,Daylight,NONE DETECTED,MACHINE OPERATOR/RIDER,Getting off/on Vehicle,ENTERING EXITING PARKED STANDING VEHICLE,OTHER,No,No Apparent Injury,NONE,39.15458667,-77.06462833,2023,11,10
230066626,11/16/2023 08:06:00 AM,NA,PEDESTRIAN,Clear,NA,Daylight,NONE DETECTED,PEDESTRIAN,Other,NO IMPROPER ACTIONS,OTHER,No,Possible Minor Injury,N/A,39.031155,-77.10003167,2023,11,8
230066555,11/15/2023 06:28:00 PM,NA,MACHINE OPERATOR/RIDER,Cloudy,NA,Dark,N/A,MACHINE OPERATOR/RIDER,Getting off/on Vehicle,NO IMPROPER ACTIONS,OTHER,No,Possible Minor Injury,N/A,39.05949333,-77.04632667,2023,11,18
230066545,11/15/2023 05:42:00 PM,ROCKVILLE PIKE,PEDESTRIAN,Clear,DRY,Medium,NONE DETECTED,PEDESTRIAN,Cross/Enter at Intersection,NO IMPROPER ACTIONS,AT INTERSECTION MARKED CROSSWALK,No,Possible Minor Injury,NONE,39.06202133,-77.12405017,2023,11,17
230066541,11/15/2023 05:27:00 PM,NEW HAMPSHIRE AVE,OTHER PEDALCYCLIST,Clear,DRY,Medium,N/A,OTHER PEDALCYCLIST,Cross/Enter at Intersection,UNKNOWN,ON ROADWAY AT CROSSWALK,No,Possible Minor Injury,NONE,38.98051756,-76.9895641,2023,11,17
230066533,11/15/2023 04:44:00 PM,CORK TREE LA,PEDESTRIAN,Clear,DRY,Medium,UNKNOWN,PEDESTRIAN,Walking/Riding w/Traffic,INATTENTIVE,ON ROADWAY NOT AT CROSSWALK,Yes,Possible Minor Injury,NONE,39.1139464,-77.16635814,2023,11,16
230066526,11/15/2023 04:05:00 PM,MANCHESTER RD,PEDESTRIAN,Clear,DRY,Daylight,NONE DETECTED,PEDESTRIAN,Playing,OTHER,ON ROADWAY NOT AT CROSSWALK,Unknown,Possible Minor Injury,NONE,39.00338,-77.01125667,2023,11,16
230066464,11/15/2023 12:25:00 PM,ANITA CT,OTHER,Clear,DRY,Daylight,NONE DETECTED,OTHER,Other,OTHER,OTHER,Yes,No Apparent Injury,REFLECTIVE CLOTHING,39.08364589,-77.13610201,2023,11,12
230066468,11/15/2023 12:00:00 PM,ROCKVILLE PIKE,PEDESTRIAN,Clear,DRY,Daylight,UNKNOWN,PEDESTRIAN,Cross/Enter at Intersection,NO IMPROPER ACTIONS,ON ROADWAY AT CROSSWALK,No,Possible Minor Injury,N/A,39.07695037,-77.13949521,2023,11,12
230066468,11/15/2023 12:00:00 PM,ROCKVILLE PIKE,PEDESTRIAN,Clear,DRY,Daylight,UNKNOWN,PEDESTRIAN,Cross/Enter at Intersection,NO IMPROPER ACTIONS,ON ROADWAY AT CROSSWALK,No,Possible Minor Injury,N/A,39.07695037,-77.13949521,2023,11,12
230066422,11/15/2023 08:23:00 AM,AMHERST AVE,BICYCLIST,Clear,DRY,Daylight,NONE DETECTED,BICYCLIST,Cross/Enter not at Intersection,NO IMPROPER ACTIONS,SIDEWALK,No,Suspected Serious Injury,MC/BIKE HELMET,39.033292,-77.04715867,2023,11,8
230066410,11/15/2023 06:29:00 AM,SANDY SPRING RD,BICYCLIST,Clear,DRY,Dark,NONE DETECTED,BICYCLIST,Walking/Riding w/Traffic,NO IMPROPER ACTIONS,IN BIKEWAY,No,Possible Minor Injury,NONE,39.10559616,-76.91067981,2023,11,6
230066296,11/14/2023 02:58:00 PM,OLNEY LAYTONSVILLE RD,PEDESTRIAN,Clear,DRY,Daylight,NONE DETECTED,PEDESTRIAN,Cross/Enter not at Intersection,IN ROADWAY IMPROPERLY,OUTSIDE RIGHT OF WAY,Yes,Possible Minor Injury,NONE,39.15419684,-77.06907114,2023,11,14
230066205,11/14/2023 08:28:00 AM,FREDERICK RD,PEDESTRIAN,Clear,DRY,Daylight,N/A,PEDESTRIAN,Cross/Enter not at Intersection,IN ROADWAY IMPROPERLY,MEDIAN,Yes,Possible Minor Injury,N/A,39.15993144,-77.21981594,2023,11,8
230065911,11/12/2023 11:50:00 AM,NA,BICYCLIST,Clear,NA,Daylight,NONE DETECTED,BICYCLIST,Other,NO IMPROPER ACTIONS,CURB,No,Possible Minor Injury,NONE,39.15517,-77.06697167,2023,11,11
230065903,11/12/2023 10:45:00 AM,NA,PEDESTRIAN,Clear,NA,Daylight,NONE DETECTED,PEDESTRIAN,N/A,INATTENTIVE,OTHER,Unknown,Possible Minor Injury,NONE,39.08271605,-76.94528133,2023,11,10
230065833,11/11/2023 07:38:00 PM,NA,PEDESTRIAN,Clear,NA,Medium,UNKNOWN,PEDESTRIAN,Cross/Enter at Intersection,NO IMPROPER ACTIONS,ON ROADWAY AT CROSSWALK,No,Possible Minor Injury,NONE,39.03507833,-77.05312667,2023,11,19
230065714,11/11/2023 12:17:00 AM,UNIVERSITY BLVD W,PEDESTRIAN,Clear,DRY,Medium,NONE DETECTED,PEDESTRIAN,Cross/Enter not at Intersection,INATTENTIVE,ON ROADWAY NOT AT CROSSWALK,Yes,Suspected Serious Injury,NONE,39.03973071,-77.04286618,2023,11,0
230065681,11/10/2023 06:50:00 PM,NA,PEDESTRIAN,Clear,NA,Medium,UNKNOWN,PEDESTRIAN,Cross/Enter at Intersection,IN ROADWAY IMPROPERLY,SIDEWALK,Yes,Possible Minor Injury,NONE,39.11514581,-77.19761533,2023,11,18
230065407,11/09/2023 03:46:00 PM,CHAPMAN AVE,PEDESTRIAN,Cloudy,DRY,Daylight,NONE DETECTED,PEDESTRIAN,Cross/Enter at Intersection,NO IMPROPER ACTIONS,ON ROADWAY AT CROSSWALK,No,Possible Minor Injury,N/A,39.05874396,-77.11882028,2023,11,15
230065308,11/09/2023 09:57:00 AM,ROCKVILLE PIKE,PEDESTRIAN,Clear,DRY,Daylight,NONE DETECTED,PEDESTRIAN,Cross/Enter at Intersection,N/A,ON ROADWAY AT CROSSWALK,No,No Apparent Injury,N/A,39.06179301,-77.12373409,2023,11,9
230065376,11/09/2023 06:29:00 AM,AVENEL RD,PEDESTRIAN,Clear,DRY,Medium,UNKNOWN,PEDESTRIAN,Cross/Enter at Intersection,NO IMPROPER ACTIONS,ON ROADWAY AT CROSSWALK,No,Possible Minor Injury,NONE,39.00706072,-76.98051033,2023,11,6
230065235,11/08/2023 06:00:00 PM,RICHTER FARM RD,PEDESTRIAN,Clear,DRY,Medium,NONE DETECTED,PEDESTRIAN,Cross/Enter at Intersection,NO IMPROPER ACTIONS,ON ROADWAY AT CROSSWALK,No,Possible Minor Injury,NONE,39.15420562,-77.28726558,2023,11,18
230065146,11/08/2023 02:05:00 PM,FATHER HURLEY BLVD,BICYCLIST,Clear,DRY,Daylight,NONE DETECTED,BICYCLIST,Cross/Enter at Intersection,NO IMPROPER ACTIONS,AT INTERSECTION MARKED CROSSWALK,No,No Apparent Injury,NONE,39.19356016,-77.2699489,2023,11,14
230065076,11/08/2023 09:38:00 AM,BERLEIGH HILL CT,PEDESTRIAN,Clear,DRY,Daylight,NONE DETECTED,PEDESTRIAN,Walking/Cycling on Sidewalk,NO IMPROPER ACTIONS,SIDEWALK,No,Possible Minor Injury,NONE,39.10068183,-76.933366,2023,11,9
230065061,11/08/2023 08:22:00 AM,BEECH AVE,PEDESTRIAN,Clear,DRY,Daylight,NONE DETECTED,PEDESTRIAN,Cross/Enter at Intersection,NOT VISIBLE,ON ROADWAY NOT AT CROSSWALK,No,Possible Minor Injury,NONE,39.00973033,-77.11581167,2023,11,8
230065008,11/07/2023 06:30:00 PM,DAYTON ST,PEDESTRIAN,Clear,DRY,Dark,UNKNOWN,PEDESTRIAN,Cross/Enter at Intersection,UNKNOWN,ON ROADWAY AT CROSSWALK,No,Suspected Serious Injury,NONE,39.03869667,-77.04172576,2023,11,18
230064972,11/07/2023 06:10:00 PM,UNIVERSITY BLVD W,PEDESTRIAN,Clear,DRY,Dark,NONE DETECTED,PEDESTRIAN,Cross/Enter at Intersection,NO IMPROPER ACTIONS,ON ROADWAY AT CROSSWALK,No,Suspected Serious Injury,NONE,39.03956833,-77.04312,2023,11,18
230062614,11/07/2023 07:20:00 AM,FIRSTFIELD RD,PEDESTRIAN,Clear,DRY,Daylight,NONE DETECTED,PEDESTRIAN,Walking/Cycling on Sidewalk,OTHER,SIDEWALK,No,No Apparent Injury,NONE,39.14047212,-77.22466919,2023,11,7
230064765,11/06/2023 05:32:00 PM,RIVER RD,PEDESTRIAN,Clear,DRY,Dark,NONE DETECTED,PEDESTRIAN,Cross/Enter at Intersection,FAILURE TO YIELD RIGHT OF WAY,ON ROADWAY AT CROSSWALK,Yes,Suspected Serious Injury,NONE,39.01013433,-77.19678367,2023,11,17
230064542,11/05/2023 01:58:00 PM,NA,PEDESTRIAN,Clear,NA,Daylight,UNKNOWN,PEDESTRIAN,Cross/Enter not at Intersection,NO IMPROPER ACTIONS,OTHER,No,No Apparent Injury,NONE,38.99176207,-77.03202414,2023,11,13
230064438,11/04/2023 07:21:00 PM,GERMANTOWN RD,PEDESTRIAN,Clear,DRY,Medium,UNKNOWN,PEDESTRIAN,Cross/Enter at Intersection,UNKNOWN,ON ROADWAY AT CROSSWALK,Unknown,Suspected Serious Injury,NONE,39.17880397,-77.26718663,2023,11,19
230064525,11/04/2023 03:00:00 PM,GEORGIA AVE,PEDESTRIAN,Clear,DRY,Daylight,UNKNOWN,PEDESTRIAN,Cross/Enter at Intersection,UNKNOWN,UNKNOWN,Unknown,Possible Minor Injury,UNKNOWN,39.08029934,-77.07441062,2023,11,15
230064246,11/03/2023 05:15:00 PM,WISCONSIN AVE,PEDESTRIAN,Clear,DRY,Daylight,N/A,PEDESTRIAN,Standing,NO IMPROPER ACTIONS,SIDEWALK,No,Possible Minor Injury,N/A,38.976962,-77.09091333,2023,11,17
230064018,11/02/2023 04:25:00 PM,NA,"OTHER, PEDESTRIAN",Clear,NA,Daylight,NONE DETECTED,PEDESTRIAN,Other,NO IMPROPER ACTIONS,OTHER,No,Possible Minor Injury,NONE,39.15722808,-77.21204947,2023,11,16
230064018,11/02/2023 04:25:00 PM,NA,"OTHER, PEDESTRIAN",Clear,NA,Daylight,NONE DETECTED,OTHER,Other,NO IMPROPER ACTIONS,OTHER,No,No Apparent Injury,NONE,39.15722808,-77.21204947,2023,11,16
230063890,11/02/2023 06:58:00 AM,METROPOLITAN GROVE RD,BICYCLIST,Clear,DRY,Dark,NONE DETECTED,BICYCLIST,Cross/Enter at Intersection,NO IMPROPER ACTIONS,ON ROADWAY AT CROSSWALK,No,Possible Minor Injury,NONE,39.14615537,-77.22819747,2023,11,6
230063844,11/01/2023 07:02:00 PM,NEW HAMPSHIRE AVE,PEDESTRIAN,Clear,DRY,Medium,N/A,PEDESTRIAN,Cross/Enter at Intersection,NO IMPROPER ACTIONS,ON ROADWAY AT CROSSWALK,No,Possible Minor Injury,NONE,38.97686288,-76.9923875,2023,11,19
230063652,10/31/2023 05:49:00 PM,ASPEN HILL RD,PEDESTRIAN,Clear,DRY,Daylight,N/A,PEDESTRIAN,Cross/Enter at Intersection,NO IMPROPER ACTIONS,ON ROADWAY AT CROSSWALK,No,Possible Minor Injury,NONE,39.0712315,-77.09882583,2023,10,17
230063645,10/31/2023 05:28:00 PM,ARLINGTON RD,BICYCLIST,Clear,DRY,Daylight,UNKNOWN,BICYCLIST,Other,NO IMPROPER ACTIONS,SHOULDER,No,No Apparent Injury,NONE,38.98111189,-77.09848336,2023,10,17
230063524,10/31/2023 07:51:00 AM,GREYSWOOD RD,PEDESTRIAN,Clear,DRY,Daylight,NONE DETECTED,PEDESTRIAN,Cross/Enter not at Intersection,DART DASH,OUTSIDE RIGHT OF WAY,Yes,Possible Minor Injury,NONE,39.01833783,-77.13647233,2023,10,7
230063405,10/30/2023 01:51:00 PM,SECOND AVE,BICYCLIST,Clear,DRY,Daylight,NONE DETECTED,BICYCLIST,Walking/Riding against Traffic,FAILURE TO YIELD RIGHT OF WAY,OTHER,Yes,No Apparent Injury,NONE,38.9971265,-77.0334099,2023,10,13
230063091,10/28/2023 05:04:00 PM,NA,PEDESTRIAN,Clear,NA,Daylight,NONE DETECTED,PEDESTRIAN,Other,NO IMPROPER ACTIONS,OTHER,No,Possible Minor Injury,NONE,39.104894,-77.05995717,2023,10,17
230062906,10/27/2023 12:23:00 PM,NA,PEDESTRIAN,Clear,NA,Daylight,UNKNOWN,PEDESTRIAN,Cross/Enter not at Intersection,UNKNOWN,ON ROADWAY AT CROSSWALK,No,Possible Minor Injury,NONE,39.16409283,-77.22851217,2023,10,12
230062792,10/26/2023 09:14:00 PM,FREAS DR,PEDESTRIAN,Clear,DRY,Dark,UNKNOWN,PEDESTRIAN,N/A,NO IMPROPER ACTIONS,CURB,No,Possible Minor Injury,N/A,39.09659722,-77.23313566,2023,10,21
230062740,10/26/2023 04:41:00 PM,WOOTTON PKWY,PEDESTRIAN,Clear,DRY,Daylight,NONE DETECTED,PEDESTRIAN,Cross/Enter at Intersection,NO IMPROPER ACTIONS,ON ROADWAY AT CROSSWALK,No,Suspected Serious Injury,N/A,39.0680312,-77.1678512,2023,10,16
230062734,10/26/2023 04:34:00 PM,NA,PEDESTRIAN,Clear,NA,Daylight,NONE DETECTED,PEDESTRIAN,Other,NO IMPROPER ACTIONS,OTHER,No,Possible Minor Injury,NONE,38.98181883,-77.09904767,2023,10,16
230062660,10/26/2023 10:59:00 AM,SEVEN LOCKS RD,PEDESTRIAN,Clear,DRY,Daylight,NONE DETECTED,PEDESTRIAN,Cross/Enter at Intersection,UNKNOWN,ON ROADWAY AT CROSSWALK,Unknown,Suspected Serious Injury,NONE,38.97446,-77.1616,2023,10,10
230062625,10/26/2023 08:58:00 AM,HALPINE ROAD,PEDESTRIAN,Clear,DRY,Daylight,N/A,PEDESTRIAN,Cross/Enter at Intersection,UNKNOWN,ON ROADWAY AT CROSSWALK,Unknown,No Apparent Injury,N/A,39.0620035,-77.12353017,2023,10,8
230062617,10/26/2023 08:02:00 AM,VICTORY LA,BICYCLIST,Clear,DRY,Daylight,N/A,BICYCLIST,Cross/Enter at Intersection,OTHER,ON ROADWAY AT CROSSWALK,Yes,No Apparent Injury,MC/BIKE HELMET,39.05007333,-77.17782333,2023,10,8
230062613,10/26/2023 07:20:00 AM,GROSVENOR PL,PEDESTRIAN,Clear,DRY,Medium,NONE DETECTED,PEDESTRIAN,Cross/Enter at Intersection,NO IMPROPER ACTIONS,AT INTERSECTION MARKED CROSSWALK,No,Possible Minor Injury,N/A,39.02299667,-77.10580833,2023,10,7
230062610,10/26/2023 06:30:00 AM,MACARTHUR BLVD,BICYCLIST,Clear,DRY,Medium,NONE DETECTED,BICYCLIST,Walking/Riding w/Traffic,NO IMPROPER ACTIONS,OTHER,No,Possible Minor Injury,MC/BIKE HELMET,38.96858,-77.13904,2023,10,6
230062265,10/25/2023 07:00:00 AM,KEATING ST,PEDESTRIAN,Clear,DRY,Medium,N/A,PEDESTRIAN,Unknown,UNKNOWN,ON ROADWAY AT CROSSWALK,No,Possible Minor Injury,NONE,39.07669637,-77.08936362,2023,10,7
230062419,10/25/2023 06:09:00 AM,CASTLE BLVD,PEDESTRIAN,Clear,DRY,Medium,N/A,PEDESTRIAN,Cross/Enter not at Intersection,FAILURE TO YIELD RIGHT OF WAY,AT INTERSECTION BUT NO CROSSWALK,Yes,Possible Minor Injury,NONE,39.08555076,-76.94044895,2023,10,6
230062386,10/24/2023 08:27:00 PM,UNIVERSITY BLVD E,PEDESTRIAN,Clear,DRY,Medium,NONE DETECTED,PEDESTRIAN,Cross/Enter not at Intersection,DART DASH,ON ROADWAY NOT AT CROSSWALK,Yes,Possible Minor Injury,NONE,39.00154727,-76.99552645,2023,10,20
230062313,10/24/2023 01:34:00 PM,NA,PEDESTRIAN,Clear,NA,Daylight,NONE DETECTED,PEDESTRIAN,Other,OTHER,OTHER,No,Possible Minor Injury,NONE,39.10780605,-77.16144929,2023,10,13
230062197,10/23/2023 06:59:00 PM,NA,PEDESTRIAN,Clear,NA,Medium,NONE DETECTED,PEDESTRIAN,Standing,NO IMPROPER ACTIONS,OTHER,No,Possible Minor Injury,NONE,38.99646417,-77.023829,2023,10,18
230062171,10/23/2023 04:47:00 PM,FREDERICK RD,BICYCLIST,Clear,DRY,Daylight,NONE DETECTED,BICYCLIST,Walking/Cycling on Sidewalk,NO IMPROPER ACTIONS,SIDEWALK,No,Possible Minor Injury,MC/BIKE HELMET,39.14766339,-77.20591178,2023,10,16
230062012,10/22/2023 08:00:00 PM,FLOWER AVE,PEDESTRIAN,Clear,DRY,Medium,"NONE DETECTED, UNKNOWN",PEDESTRIAN,Cross/Enter at Intersection,NO IMPROPER ACTIONS,AT INTERSECTION MARKED CROSSWALK,No,Possible Minor Injury,N/A,38.99261785,-77.00217458,2023,10,20
230061896,10/21/2023 10:34:00 PM,NA,OTHER,Clear,NA,Dark,NA,OTHER,Other,OTHER,OTHER,Yes,Possible Minor Injury,N/A,39.21931,-77.287255,2023,10,22
230061667,10/20/2023 04:03:00 PM,NA,OTHER,Rain,NA,Daylight,UNKNOWN,OTHER,N/A,NO IMPROPER ACTIONS,N/A,No,No Apparent Injury,N/A,39.05587317,-77.114007,2023,10,16
230061569,10/20/2023 08:50:00 AM,SLIGO CREEK PKWY,BICYCLIST,Clear,DRY,Daylight,UNKNOWN,BICYCLIST,Walking/Riding w/Traffic,NO IMPROPER ACTIONS,ON ROADWAY NOT AT CROSSWALK,No,Possible Minor Injury,NONE,39.0077673,-77.02027263,2023,10,8
230061478,10/19/2023 03:54:00 PM,EAST WEST HWY,PEDESTRIAN,Clear,DRY,Daylight,NONE DETECTED,PEDESTRIAN,Cross/Enter at Intersection,DART DASH,ON ROADWAY AT CROSSWALK,Yes,Possible Minor Injury,NONE,38.99385617,-77.0514365,2023,10,15
230061367,10/19/2023 08:05:00 AM,NA,PEDESTRIAN,Clear,NA,Daylight,NONE DETECTED,PEDESTRIAN,Other,NOT VISIBLE,OTHER,No,Suspected Serious Injury,N/A,39.00036667,-76.99516,2023,10,8
230061217,10/18/2023 10:31:00 AM,MACARTHUR BLVD,BICYCLIST,Clear,DRY,Daylight,N/A,BICYCLIST,Walking/Riding w/Traffic,N/A,ON ROADWAY NOT AT CROSSWALK,Unknown,Possible Minor Injury,MC/BIKE HELMET,38.95374833,-77.12781667,2023,10,10
230061130,10/17/2023 06:45:00 PM,MAIN ST,PEDESTRIAN,Clear,DRY,Medium,NONE DETECTED,PEDESTRIAN,Cross/Enter at Intersection,IN ROADWAY IMPROPERLY,ON ROADWAY NOT AT CROSSWALK,No,Possible Minor Injury,NONE,39.12315263,-77.2385025,2023,10,18
230061088,10/17/2023 03:21:00 PM,VEIRS MILL RD,PEDESTRIAN,Clear,DRY,Daylight,NONE DETECTED,PEDESTRIAN,Cross/Enter at Intersection,N/A,ON ROADWAY AT CROSSWALK,No,Possible Minor Injury,N/A,39.06165063,-77.09202394,2023,10,15
230061088,10/17/2023 03:21:00 PM,VEIRS MILL RD,PEDESTRIAN,Clear,DRY,Daylight,NONE DETECTED,PEDESTRIAN,Cross/Enter at Intersection,N/A,ON ROADWAY AT CROSSWALK,No,Suspected Serious Injury,N/A,39.06165063,-77.09202394,2023,10,15
230060993,10/17/2023 07:47:00 AM,UNIVERSITY BLVD W,PEDESTRIAN,Clear,DRY,Daylight,NONE DETECTED,PEDESTRIAN,Cross/Enter not at Intersection,DART DASH,ON ROADWAY NOT AT CROSSWALK,Yes,Possible Minor Injury,NONE,39.03368227,-77.02376056,2023,10,7
230060930,10/16/2023 07:02:00 PM,GEORGIA AVE,PEDESTRIAN,Clear,N/A,Medium,NONE DETECTED,PEDESTRIAN,Cross/Enter at Intersection,NO IMPROPER ACTIONS,ON ROADWAY AT CROSSWALK,No,Suspected Serious Injury,NONE,39.04720007,-77.05195309,2023,10,19
230060788,10/16/2023 08:04:00 AM,CONNECTICUT AVE,PEDESTRIAN,Clear,DRY,Daylight,UNKNOWN,PEDESTRIAN,Walking to/from school,NO IMPROPER ACTIONS,ON ROADWAY AT CROSSWALK,No,Possible Minor Injury,NONE,39.06327274,-77.07347936,2023,10,8
230060572,10/14/2023 09:09:00 PM,CORDELL AVE,PEDESTRIAN,Rain,WET,Medium,NONE DETECTED,PEDESTRIAN,Cross/Enter at Intersection,NO IMPROPER ACTIONS,ON ROADWAY AT CROSSWALK,No,Possible Minor Injury,NONE,38.99114833,-77.09603667,2023,10,21
230060573,10/14/2023 09:07:00 PM,FENTON ST,PEDESTRIAN,Rain,WET,Medium,NONE DETECTED,PEDESTRIAN,Cross/Enter at Intersection,NO IMPROPER ACTIONS,AT INTERSECTION MARKED CROSSWALK,No,Possible Minor Injury,N/A,38.99750567,-77.02716417,2023,10,21
230060111,10/12/2023 03:46:00 PM,ELLSWORTH DR,BICYCLIST,Clear,DRY,Daylight,NONE DETECTED,BICYCLIST,Walking/Riding w/Traffic,NO IMPROPER ACTIONS,ON ROADWAY NOT AT CROSSWALK,No,Possible Minor Injury,MC/BIKE HELMET,38.99732156,-77.02495353,2023,10,15
230060071,10/12/2023 01:28:00 PM,IVY LEAGUE LA,BICYCLIST,Clear,DRY,Daylight,NONE DETECTED,BICYCLIST,Cross/Enter at Intersection,DART DASH,ON ROADWAY AT CROSSWALK,Yes,No Apparent Injury,NONE,39.09504651,-77.15341682,2023,10,13
230059922,10/11/2023 05:21:00 PM,BLACKWELL RD,BICYCLIST,Clear,DRY,Daylight,NONE DETECTED,BICYCLIST,Cross/Enter at Intersection,NO IMPROPER ACTIONS,ON ROADWAY AT CROSSWALK,No,Possible Minor Injury,UNKNOWN,39.1009517,-77.1915665,2023,10,17
230059860,10/11/2023 01:10:00 PM,ONEILL DR,OTHER CONVEYANCE,Clear,DRY,Daylight,NONE DETECTED,OTHER CONVEYANCE,Cross/Enter at Intersection,NO IMPROPER ACTIONS,ON ROADWAY AT CROSSWALK,Yes,Possible Minor Injury,MC/BIKE HELMET,39.13075,-77.19038,2023,10,13
230059800,10/11/2023 08:17:00 AM,SOMERVILLE DR,PEDESTRIAN,Clear,DRY,Daylight,N/A,PEDESTRIAN,Cross/Enter at Intersection,NO IMPROPER ACTIONS,AT INTERSECTION MARKED CROSSWALK,No,Possible Minor Injury,N/A,39.11719093,-77.16484325,2023,10,8
230059730,10/10/2023 07:15:00 PM,GEORGIA AVE,OTHER PEDALCYCLIST,Clear,DRY,Medium,NONE DETECTED,OTHER PEDALCYCLIST,Cross/Enter at Intersection,UNKNOWN,ON ROADWAY AT CROSSWALK,Unknown,Possible Minor Injury,UNKNOWN,38.99628167,-77.02824333,2023,10,19
230059706,10/10/2023 05:07:00 PM,POSTOAK RD,PEDESTRIAN,Clear,DRY,Daylight,NONE DETECTED,PEDESTRIAN,Cross/Enter at Intersection,NO IMPROPER ACTIONS,AT INTERSECTION MARKED CROSSWALK,No,Possible Minor Injury,NONE,39.0500744,-77.178077,2023,10,17
230059699,10/10/2023 04:45:00 PM,UNIVERSITY BLVD W,PEDESTRIAN,Clear,DRY,Daylight,NONE DETECTED,PEDESTRIAN,Other,DART DASH,ON ROADWAY NOT AT CROSSWALK,Yes,Possible Minor Injury,NONE,39.04165286,-77.04984895,2023,10,16
230059680,10/10/2023 03:11:00 PM,TUCKERMAN LA,PEDESTRIAN,Clear,DRY,Daylight,NONE DETECTED,PEDESTRIAN,Cross/Enter at Intersection,NO IMPROPER ACTIONS,AT INTERSECTION MARKED CROSSWALK,No,Possible Minor Injury,NONE,39.0438421,-77.1794784,2023,10,15
230059537,10/09/2023 07:30:00 PM,UNIVERSITY BLVD W,OTHER PEDALCYCLIST,Clear,DRY,Dark,NONE DETECTED,OTHER PEDALCYCLIST,Cross/Enter at Intersection,NO IMPROPER ACTIONS,ON ROADWAY AT CROSSWALK,No,Possible Minor Injury,N/A,39.02294531,-77.0167265,2023,10,19
230059469,10/09/2023 02:18:00 PM,ROCKVILLE PIKE,PEDESTRIAN,Clear,DRY,Daylight,NONE DETECTED,PEDESTRIAN,Walking/Cycling on Sidewalk,NO IMPROPER ACTIONS,DRIVEWAY ACCESS MARKED CROSSWALK,No,Possible Minor Injury,NONE,39.07618533,-77.13832067,2023,10,14
230059367,10/08/2023 08:55:00 PM,NA,PEDESTRIAN,Clear,NA,Medium,UNKNOWN,PEDESTRIAN,Standing,OTHER,OTHER,Yes,Possible Minor Injury,NONE,39.06087652,-77.05072432,2023,10,20
230059682,10/08/2023 06:56:00 PM,16TH ST,MACHINE OPERATOR/RIDER,Clear,DRY,Medium,NONE DETECTED,MACHINE OPERATOR/RIDER,Cross/Enter at Intersection,UNKNOWN,AT INTERSECTION MARKED CROSSWALK,Yes,Possible Minor Injury,N/A,38.99440782,-77.03630577,2023,10,18
230059290,10/08/2023 01:17:00 PM,DALE DR,BICYCLIST,Clear,DRY,Daylight,NONE DETECTED,BICYCLIST,Cross/Enter at Intersection,NO IMPROPER ACTIONS,ON ROADWAY AT CROSSWALK,No,No Apparent Injury,MC/BIKE HELMET,39.00527984,-77.02282108,2023,10,13
230059208,10/07/2023 11:26:00 PM,SHADY GROVE RD,PEDESTRIAN,Clear,DRY,Medium,NONE DETECTED,PEDESTRIAN,Cross/Enter at Intersection,INATTENTIVE,ON ROADWAY AT CROSSWALK,Unknown,No Apparent Injury,NONE,39.117575,-77.183435,2023,10,23
230059208,10/07/2023 11:26:00 PM,SHADY GROVE RD,PEDESTRIAN,Clear,DRY,Medium,NONE DETECTED,PEDESTRIAN,Cross/Enter at Intersection,INATTENTIVE,ON ROADWAY AT CROSSWALK,Unknown,Possible Minor Injury,NONE,39.117575,-77.183435,2023,10,23
230059194,10/07/2023 08:58:00 PM,SNOUFFERS SCHOOL RD,PEDESTRIAN,Clear,DRY,Dark,NONE DETECTED,PEDESTRIAN,Cross/Enter not at Intersection,DART DASH,ON ROADWAY NOT AT CROSSWALK,Yes,Fatal Injury,N/A,39.16552667,-77.16926167,2023,10,20
230059118,10/07/2023 01:52:00 PM,PARKER AVE,BICYCLIST,Clear,DRY,Daylight,NONE DETECTED,BICYCLIST,Cross/Enter at Intersection,NO IMPROPER ACTIONS,AT INTERSECTION BUT NO CROSSWALK,No,Possible Minor Injury,NONE,39.04950383,-77.05174269,2023,10,13
230059118,10/07/2023 01:52:00 PM,PARKER AVE,BICYCLIST,Clear,DRY,Daylight,NONE DETECTED,BICYCLIST,Cross/Enter at Intersection,NO IMPROPER ACTIONS,AT INTERSECTION BUT NO CROSSWALK,No,Possible Minor Injury,NONE,39.04950383,-77.05174269,2023,10,13
230058682,10/05/2023 10:15:00 AM,NA,PEDESTRIAN,Clear,NA,Daylight,UNKNOWN,PEDESTRIAN,Other,NO IMPROPER ACTIONS,OTHER,No,Possible Minor Injury,N/A,39.07957119,-77.14403051,2023,10,10
230058555,10/04/2023 06:23:00 PM,OBSERVATION DR,BICYCLIST,Clear,DRY,Daylight,N/A,BICYCLIST,Cross/Enter at Intersection,NO IMPROPER ACTIONS,ON ROADWAY AT CROSSWALK,No,No Apparent Injury,NONE,39.19080667,-77.24775667,2023,10,18
230058555,10/04/2023 06:23:00 PM,OBSERVATION DR,BICYCLIST,Clear,DRY,Daylight,N/A,BICYCLIST,Cross/Enter at Intersection,NO IMPROPER ACTIONS,ON ROADWAY AT CROSSWALK,No,Possible Minor Injury,MC/BIKE HELMET,39.19080667,-77.24775667,2023,10,18
230058536,10/04/2023 04:45:00 PM,GOOD HOPE RD,PEDESTRIAN,Clear,DRY,Daylight,NA,PEDESTRIAN,Standing,ENTERING EXITING PARKED STANDING VEHICLE,ON ROADWAY NOT AT CROSSWALK,Yes,Suspected Serious Injury,NONE,39.09764333,-76.98539167,2023,10,16
230058467,10/04/2023 09:00:00 AM,FLEET ST,PEDESTRIAN,Clear,DRY,Daylight,UNKNOWN,PEDESTRIAN,Cross/Enter at Intersection,NO IMPROPER ACTIONS,AT INTERSECTION MARKED CROSSWALK,No,Possible Minor Injury,N/A,39.000535,-77.08415083,2023,10,9
230058043,10/02/2023 12:00:00 PM,HILLWOOD DR,PEDESTRIAN,Clear,DRY,Daylight,NONE DETECTED,PEDESTRIAN,Cross/Enter at Intersection,UNKNOWN,AT INTERSECTION MARKED CROSSWALK,No,Possible Minor Injury,NONE,39.03164233,-77.00418083,2023,10,12
230057932,10/01/2023 08:30:00 PM,UNIVERSITY BLVD E,PEDESTRIAN,Clear,DRY,Medium,NONE DETECTED,PEDESTRIAN,Cross/Enter not at Intersection,IMPROPER PASSING,ON ROADWAY NOT AT CROSSWALK,Yes,Possible Minor Injury,NONE,38.99263303,-76.99154564,2023,10,20
230057882,10/01/2023 03:36:00 PM,FATHER HURLEY BLVD,PEDESTRIAN,Clear,DRY,Daylight,NONE DETECTED,PEDESTRIAN,Cross/Enter at Intersection,UNKNOWN,ON ROADWAY AT CROSSWALK,Unknown,Possible Minor Injury,NONE,39.18394371,-77.27378864,2023,10,15
230057809,10/01/2023 07:30:00 AM,GEORGIA AVE,PEDESTRIAN,Clear,DRY,Daylight,NONE DETECTED,PEDESTRIAN,Unknown,INATTENTIVE,UNKNOWN,Unknown,Possible Minor Injury,NONE,39.08041082,-77.07525236,2023,10,7
230057767,09/30/2023 07:44:00 PM,BONIFANT RD,PEDESTRIAN,Clear,DRY,Medium,ILLEGAL DRUG CONTRIBUTED,PEDESTRIAN,Walking/Cycling on Sidewalk,NO IMPROPER ACTIONS,SIDEWALK,No,Suspected Serious Injury,NONE,39.09064071,-77.04416447,2023,9,19
230057550,09/29/2023 05:18:00 PM,NA,BICYCLIST,Cloudy,NA,Daylight,NONE DETECTED,BICYCLIST,Walking/Cycling on Sidewalk,NO IMPROPER ACTIONS,SHARED USE PATH OR TRAILS,No,Possible Minor Injury,MC/BIKE HELMET,39.00456,-77.18641167,2023,9,17
230057485,09/29/2023 12:50:00 PM,ROLLINS AVE,OTHER,Cloudy,DRY,Daylight,UNKNOWN,OTHER,N/A,NO IMPROPER ACTIONS,N/A,No,No Apparent Injury,N/A,39.05867117,-77.1172765,2023,9,12
230057465,09/29/2023 12:00:00 PM,CONNECTICUT AVE,OTHER,Cloudy,DRY,Daylight,N/A,OTHER,Other,N/A,N/A,No,No Apparent Injury,N/A,38.97973783,-77.077215,2023,9,12
230057431,09/29/2023 06:20:00 AM,FREDERICK RD,PEDESTRIAN,Clear,DRY,Medium,NONE DETECTED,PEDESTRIAN,Cross/Enter at Intersection,UNKNOWN,AT INTERSECTION MARKED CROSSWALK,Unknown,Possible Minor Injury,NONE,39.12589946,-77.182744,2023,9,6
230057365,09/28/2023 06:31:00 PM,FREDERICK RD,BICYCLIST,Cloudy,DRY,Daylight,UNKNOWN,BICYCLIST,Cross/Enter at Intersection,NO IMPROPER ACTIONS,ON ROADWAY AT CROSSWALK,No,Possible Minor Injury,NONE,39.11570264,-77.16608486,2023,9,18
230057360,09/28/2023 06:17:00 PM,NA,PEDESTRIAN,Clear,NA,Daylight,UNKNOWN,PEDESTRIAN,Standing,OTHER,OTHER,No,Possible Minor Injury,N/A,39.1202178,-77.2044607,2023,9,18
230057125,09/28/2023 12:55:00 PM,UNIVERSITY BLVD W,BICYCLIST,Clear,DRY,Daylight,UNKNOWN,BICYCLIST,Walking/Riding w/Traffic,NO IMPROPER ACTIONS,SHOULDER,No,Possible Minor Injury,MC/BIKE HELMET,39.03761418,-77.05939523,2023,9,12
230056238,09/28/2023 07:26:00 AM,FIRSTFIELD RD,BICYCLIST,Clear,DRY,Daylight,UNKNOWN,BICYCLIST,Walking/Riding w/Traffic,NO IMPROPER ACTIONS,ON ROADWAY NOT AT CROSSWALK,No,Suspected Serious Injury,MC/BIKE HELMET,39.14253641,-77.22448063,2023,9,7
230057220,09/28/2023 05:43:00 AM,UNIVERSITY BLVD W,PEDESTRIAN,Clear,DRY,Medium,NONE DETECTED,PEDESTRIAN,Cross/Enter at Intersection,NO IMPROPER ACTIONS,ON ROADWAY AT CROSSWALK,No,Possible Minor Injury,NONE,39.03349675,-77.02360757,2023,9,5
230057186,09/27/2023 07:27:00 PM,GEORGIA AVE,BICYCLIST,Clear,DRY,Dark,N/A,BICYCLIST,Cross/Enter at Intersection,INATTENTIVE,ON ROADWAY AT CROSSWALK,Yes,Possible Minor Injury,MC/BIKE HELMET,38.98894783,-77.02688267,2023,9,19
230057096,09/27/2023 09:59:00 AM,GEORGIA AVE,MACHINE OPERATOR/RIDER,Clear,DRY,Daylight,NONE DETECTED,MACHINE OPERATOR/RIDER,Cross/Enter at Intersection,FAILURE TO YIELD RIGHT OF WAY,AT INTERSECTION MARKED CROSSWALK,Yes,Possible Minor Injury,NONE,39.01550646,-77.04285628,2023,9,9
230056889,09/26/2023 06:42:00 AM,EAST VILLAGE AVE,PEDESTRIAN,Rain,WET,Medium,NONE DETECTED,PEDESTRIAN,Cross/Enter at Intersection,DART DASH,ON ROADWAY NOT AT CROSSWALK,Yes,Suspected Serious Injury,N/A,39.187918259999996,-77.16043581,2023,9,6
230056887,09/26/2023 06:36:00 AM,NA,PEDESTRIAN,Rain,NA,Medium,NONE DETECTED,PEDESTRIAN,Other Working,NOT VISIBLE,OTHER,Unknown,Possible Minor Injury,NONE,39.226275,-77.27242833,2023,9,6
230058875,09/24/2023 07:32:00 PM,ROCKVILLE PIKE,PEDESTRIAN,Rain,UNKNOWN,Medium,N/A,PEDESTRIAN,Cross/Enter at Intersection,UNKNOWN,AT INTERSECTION MARKED CROSSWALK,No,Possible Minor Injury,N/A,39.08042559,-77.14398765,2023,9,19
230056598,09/24/2023 10:26:00 AM,NA,PEDESTRIAN,Cloudy,NA,Daylight,NONE DETECTED,PEDESTRIAN,Other,UNKNOWN,OTHER,Unknown,Possible Minor Injury,NONE,39.14450453,-77.20265967,2023,9,10
230056357,09/22/2023 06:15:00 PM,CAPITOL VIEW AVE,OTHER PEDALCYCLIST,Clear,DRY,Daylight,N/A,OTHER PEDALCYCLIST,Other,INATTENTIVE,ON ROADWAY NOT AT CROSSWALK,Yes,No Apparent Injury,MC/BIKE HELMET,39.01557321,-77.0556285,2023,9,18
230056341,09/22/2023 05:00:00 PM,OLD GEORGETOWN RD,PEDESTRIAN,Clear,DRY,Daylight,N/A,PEDESTRIAN,Cross/Enter not at Intersection,DART DASH,ON ROADWAY NOT AT CROSSWALK,Yes,Possible Minor Injury,NONE,38.993665,-77.108615,2023,9,17
230056385,09/22/2023 07:10:00 AM,MONTROSE RD,BICYCLIST,Clear,DRY,Daylight,UNKNOWN,BICYCLIST,Cross/Enter at Intersection,NO IMPROPER ACTIONS,ON ROADWAY AT CROSSWALK,No,Possible Minor Injury,UNKNOWN,39.05312911,-77.11833221,2023,9,7
230056045,09/21/2023 07:58:00 AM,MD355,PEDESTRIAN,Clear,DRY,Daylight,NONE DETECTED,PEDESTRIAN,Cross/Enter at Intersection,NO IMPROPER ACTIONS,ON ROADWAY AT CROSSWALK,No,Possible Minor Injury,NONE,39.23344183,-77.27232867,2023,9,7
230055954,09/20/2023 03:12:00 PM,NA,OTHER,Clear,NA,Daylight,UNKNOWN,OTHER,N/A,OTHER,OTHER,No,No Apparent Injury,N/A,39.05635317,-77.11748383,2023,9,15
230055914,09/20/2023 12:18:00 PM,NA,PEDESTRIAN,Clear,NA,Daylight,ALCOHOL PRESENT,PEDESTRIAN,Standing,NO IMPROPER ACTIONS,CURB,No,Suspected Serious Injury,N/A,39.17879833,-77.23895667,2023,9,12
230055914,09/20/2023 12:18:00 PM,NA,PEDESTRIAN,Clear,NA,Daylight,ALCOHOL PRESENT,PEDESTRIAN,Standing,NO IMPROPER ACTIONS,CURB,No,Suspected Serious Injury,N/A,39.17879833,-77.23895667,2023,9,12
230055914,09/20/2023 12:18:00 PM,NA,PEDESTRIAN,Clear,NA,Daylight,ALCOHOL PRESENT,PEDESTRIAN,N/A,NO IMPROPER ACTIONS,CURB,No,Possible Minor Injury,N/A,39.17879833,-77.23895667,2023,9,12
230055809,09/19/2023 06:23:00 PM,ROCKVILLE PIKE,PEDESTRIAN,Clear,DRY,Daylight,N/A,PEDESTRIAN,Cross/Enter at Intersection,NO IMPROPER ACTIONS,ON ROADWAY AT CROSSWALK,No,Possible Minor Injury,NONE,39.04066867,-77.109677,2023,9,18
230055780,09/19/2023 03:40:00 PM,GREAT SENECA HWY,OTHER PEDALCYCLIST,Clear,DRY,Daylight,NONE DETECTED,OTHER PEDALCYCLIST,Cross/Enter at Intersection,DART DASH,ON ROADWAY AT CROSSWALK,No,Possible Minor Injury,NONE,39.17121917,-77.262642,2023,9,15
230055715,09/19/2023 10:26:00 AM,BATTERY LA,BICYCLIST,Clear,DRY,Daylight,NONE DETECTED,BICYCLIST,Walking/Cycling on Sidewalk,NO IMPROPER ACTIONS,SIDEWALK,Yes,Possible Minor Injury,NONE,38.992645,-77.0974075,2023,9,10
230055687,09/19/2023 08:20:00 AM,CLUB HOUSE RD,BICYCLIST,Clear,DRY,Daylight,UNKNOWN,BICYCLIST,Cross/Enter at Intersection,NO IMPROPER ACTIONS,AT INTERSECTION MARKED CROSSWALK,No,Possible Minor Injury,MC/BIKE HELMET,39.17282733,-77.20144167,2023,9,8
230055299,09/16/2023 09:11:00 PM,SOUTHWOOD AVE,OTHER,Clear,DRY,Medium,NONE DETECTED,OTHER,Cross/Enter at Intersection,NOT VISIBLE,AT INTERSECTION BUT NO CROSSWALK,Unknown,Possible Minor Injury,NONE,39.0260546,-77.01099856,2023,9,21
230055282,09/16/2023 06:25:00 PM,DALEWOOD DR,OTHER,Clear,DRY,Daylight,UNKNOWN,OTHER,Cross/Enter at Intersection,NO IMPROPER ACTIONS,ON ROADWAY AT CROSSWALK,No,Possible Minor Injury,NONE,39.05918064,-77.06919908,2023,9,18
230055212,09/16/2023 10:51:00 AM,OLD GEORGETOWN RD,PEDESTRIAN,Clear,DRY,Daylight,NONE DETECTED,PEDESTRIAN,Getting off/on Vehicle,IN ROADWAY IMPROPERLY,ON ROADWAY NOT AT CROSSWALK,No,No Apparent Injury,NONE,39.01735406,-77.12018279,2023,9,10
230055094,09/15/2023 03:47:00 PM,BEL PRE RD,PEDESTRIAN,Clear,DRY,Daylight,UNKNOWN,PEDESTRIAN,Cross/Enter at Intersection,NO IMPROPER ACTIONS,ON ROADWAY AT CROSSWALK,No,Possible Minor Injury,N/A,39.09044757,-77.05077914,2023,9,15
230054985,09/15/2023 07:40:00 AM,GEORGIA AVE,OTHER PEDALCYCLIST,Clear,DRY,Daylight,NONE DETECTED,OTHER PEDALCYCLIST,Cross/Enter at Intersection,NO IMPROPER ACTIONS,AT INTERSECTION MARKED CROSSWALK,No,Possible Minor Injury,UNKNOWN,39.09193751,-77.07033869,2023,9,7
230054916,09/14/2023 06:49:00 PM,ASHLEY DR,PEDESTRIAN,Clear,DRY,Daylight,N/A,PEDESTRIAN,Playing,DART DASH,ON ROADWAY NOT AT CROSSWALK,Yes,Possible Minor Injury,NONE,39.04202183,-77.09122733,2023,9,18
230054826,09/14/2023 12:24:00 PM,THAYER AVE,OTHER CONVEYANCE,Clear,DRY,Daylight,NONE DETECTED,OTHER CONVEYANCE,Cross/Enter not at Intersection,DART DASH,ON ROADWAY NOT AT CROSSWALK,Yes,Possible Minor Injury,NONE,38.99306008,-77.02333319,2023,9,12
230054665,09/13/2023 04:34:00 PM,KINGSVIEW VILLAGE AVE,PEDESTRIAN,Clear,DRY,Daylight,NONE DETECTED,PEDESTRIAN,Cross/Enter at Intersection,NO IMPROPER ACTIONS,AT INTERSECTION MARKED CROSSWALK,No,Possible Minor Injury,NONE,39.16070217,-77.27941167,2023,9,16
230054586,09/13/2023 10:23:00 AM,NA,PEDESTRIAN,Clear,NA,Daylight,NONE DETECTED,PEDESTRIAN,Getting off/on Vehicle,NO IMPROPER ACTIONS,N/A,No,Possible Minor Injury,NONE,39.15088,-77.06561167,2023,9,10
230054553,09/13/2023 04:12:00 AM,NEW HAMPSHIRE AVE,PEDESTRIAN,Cloudy,WET,Medium,NONE DETECTED,PEDESTRIAN,Walking/Riding w/Traffic,WRONG WAY RIDING OR WALKING,ON ROADWAY NOT AT CROSSWALK,Yes,Fatal Injury,N/A,39.02987252,-76.9837096,2023,9,4
230054525,09/12/2023 08:11:00 PM,NEW HAMPSHIRE AVE,PEDESTRIAN,Clear,DRY,Medium,N/A,PEDESTRIAN,Cross/Enter at Intersection,UNKNOWN,AT INTERSECTION MARKED CROSSWALK,Unknown,Suspected Serious Injury,N/A,39.015375,-76.97764833,2023,9,20
230054495,09/12/2023 04:55:00 PM,TANLEY RD,BICYCLIST,Clear,DRY,Daylight,NONE DETECTED,BICYCLIST,Cross/Enter at Intersection,UNKNOWN,SIDEWALK,Unknown,Possible Minor Injury,NONE,39.0521705,-76.993683,2023,9,16
230054262,09/11/2023 02:52:00 PM,NA,PEDESTRIAN,Clear,NA,Daylight,NONE DETECTED,PEDESTRIAN,Other Working,NO IMPROPER ACTIONS,MEDIAN,Unknown,Possible Minor Injury,NONE,39.027765,-77.14507833,2023,9,14
230054156,09/10/2023 11:30:00 PM,NEW HAMPSHIRE AVE,PEDESTRIAN,Rain,WET,Medium,NONE DETECTED,PEDESTRIAN,Cross/Enter at Intersection,FAILURE TO YIELD RIGHT OF WAY,AT INTERSECTION MARKED CROSSWALK,Unknown,Possible Minor Injury,N/A,38.98333164,-76.98836341,2023,9,23
230054043,09/09/2023 11:20:00 PM,GEORGIA AVE,PEDESTRIAN,Clear,DRY,Dark,N/A,PEDESTRIAN,Cross/Enter at Intersection,N/A,AT INTERSECTION MARKED CROSSWALK,No,Possible Minor Injury,NONE,39.07738008,-77.07090846,2023,9,23
230054012,09/09/2023 06:30:00 PM,N SUMMIT AVE,PEDESTRIAN,Rain,WET,Daylight,NONE DETECTED,PEDESTRIAN,Cross/Enter not at Intersection,UNKNOWN,ON ROADWAY NOT AT CROSSWALK,Unknown,Possible Minor Injury,NONE,39.14287914,-77.19337475,2023,9,18
230054007,09/09/2023 05:30:00 PM,BROOKS AVE,PEDESTRIAN,Rain,WET,Daylight,N/A,PEDESTRIAN,Walking/Riding against Traffic,IN ROADWAY IMPROPERLY,ON ROADWAY AT CROSSWALK,No,Possible Minor Injury,N/A,39.14373133,-77.19300733,2023,9,17
230053976,09/09/2023 02:28:00 PM,NA,PEDESTRIAN,Clear,NA,Daylight,NONE DETECTED,PEDESTRIAN,Other,NO IMPROPER ACTIONS,OTHER,No,Possible Minor Injury,N/A,39.11283043,-77.17165995,2023,9,14
230053956,09/09/2023 12:14:00 PM,CONNECTICUT AVE,BICYCLIST,Clear,DRY,Daylight,NONE DETECTED,BICYCLIST,Walking/Cycling on Sidewalk,NO IMPROPER ACTIONS,SIDEWALK,No,Possible Minor Injury,MC/BIKE HELMET,38.99257667,-77.07689167,2023,9,12
230053644,09/07/2023 01:29:00 PM,WISCONSIN AVE,PEDESTRIAN,Cloudy,DRY,Daylight,NONE DETECTED,PEDESTRIAN,Cross/Enter at Intersection,FAILURE TO OBEY TRAFFIC SIGNS SIGNALS OR OFFICER,OTHER,Yes,Possible Minor Injury,NONE,38.98128283,-77.09254467,2023,9,13
230053635,09/07/2023 01:05:00 PM,BEALL AVE #2,PEDESTRIAN,Clear,DRY,Daylight,NONE DETECTED,PEDESTRIAN,Other,NO IMPROPER ACTIONS,ON ROADWAY AT CROSSWALK,No,Possible Minor Injury,N/A,39.087155,-77.15125583,2023,9,13
230053526,09/06/2023 08:00:00 PM,GLENALLAN AVE,PEDESTRIAN,Clear,DRY,Medium,NONE DETECTED,PEDESTRIAN,Cross/Enter at Intersection,FAILURE TO OBEY TRAFFIC SIGNS SIGNALS OR OFFICER,ON ROADWAY AT CROSSWALK,Yes,Possible Minor Injury,NONE,39.06360167,-77.054115,2023,9,20
230053391,09/06/2023 08:34:00 AM,BUDD RD,BICYCLIST,Clear,DRY,Daylight,NONE DETECTED,BICYCLIST,Cross/Enter at Intersection,NO IMPROPER ACTIONS,SHOULDER,No,Possible Minor Injury,MC/BIKE HELMET,39.13417333,-77.40259833,2023,9,8
230053355,09/05/2023 09:24:00 PM,NEW HAMPSHIRE AVE,PEDESTRIAN,Clear,DRY,Dark,NONE DETECTED,PEDESTRIAN,Standing,IN ROADWAY IMPROPERLY,ON ROADWAY NOT AT CROSSWALK,Yes,Fatal Injury,NONE,39.0932821,-77.00101758,2023,9,21
230053349,09/05/2023 08:35:00 PM,ASPEN HILL RD,BICYCLIST,Clear,DRY,Medium,NONE DETECTED,BICYCLIST,Walking/Cycling on Sidewalk,NO IMPROPER ACTIONS,SIDEWALK,No,Possible Minor Injury,UNKNOWN,39.08065167,-77.077415,2023,9,20
230053334,09/05/2023 06:35:00 PM,WOODFIELD RD,BICYCLIST,Clear,DRY,Daylight,NONE DETECTED,BICYCLIST,Walking/Riding against Traffic,NO IMPROPER ACTIONS,ON ROADWAY AT CROSSWALK,No,Possible Minor Injury,N/A,39.16155167,-77.15925167,2023,9,18
230053356,09/05/2023 06:00:00 PM,NA,OTHER CONVEYANCE,Clear,NA,Daylight,N/A,OTHER CONVEYANCE,Walking/Riding against Traffic,NO IMPROPER ACTIONS,SIDEWALK,No,Possible Minor Injury,NONE,39.05855949,-77.12512477,2023,9,18
230053327,09/05/2023 05:46:00 PM,JERUSALEM RD,PEDESTRIAN,Clear,DRY,Daylight,NONE DETECTED,PEDESTRIAN,Walking/Riding w/Traffic,UNKNOWN,SHOULDER,No,Possible Minor Injury,NONE,39.15483883,-77.41318383,2023,9,17
230053217,09/05/2023 09:00:00 AM,BLAIR MILL RD,PEDESTRIAN,Clear,DRY,Daylight,NONE DETECTED,PEDESTRIAN,Cross/Enter at Intersection,NO IMPROPER ACTIONS,AT INTERSECTION MARKED CROSSWALK,No,Possible Minor Injury,NONE,38.98997584,-77.03333046,2023,9,9
230053204,09/05/2023 08:00:00 AM,LAYHILL RD,PEDESTRIAN,Clear,DRY,Daylight,N/A,PEDESTRIAN,Cross/Enter at Intersection,NO IMPROPER ACTIONS,AT INTERSECTION MARKED CROSSWALK,No,Possible Minor Injury,NONE,39.09624017,-77.04426383,2023,9,8
230053209,09/05/2023 07:49:00 AM,FREDERICK RD,PEDESTRIAN,Clear,DRY,Daylight,NONE DETECTED,PEDESTRIAN,Cross/Enter at Intersection,DART DASH,AT INTERSECTION BUT NO CROSSWALK,Yes,Possible Minor Injury,NONE,39.22312425,-77.26056517,2023,9,7
230053188,09/04/2023 09:00:00 PM,COLESVILLE RD,PEDESTRIAN,Clear,DRY,Medium,UNKNOWN,PEDESTRIAN,Cross/Enter at Intersection,NO IMPROPER ACTIONS,AT INTERSECTION MARKED CROSSWALK,No,Possible Minor Injury,N/A,38.99358828,-77.03211329,2023,9,21
230051684,09/03/2023 04:42:00 PM,SILVER SPRING AVE,PEDESTRIAN,Clear,DRY,Daylight,UNKNOWN,PEDESTRIAN,Walking/Riding w/Traffic,NO IMPROPER ACTIONS,ON ROADWAY NOT AT CROSSWALK,No,No Apparent Injury,NONE,38.99194245,-77.02522353,2023,9,16
230052815,09/02/2023 03:45:00 PM,WISCONSIN AVE,PEDESTRIAN,Clear,DRY,Daylight,NONE DETECTED,PEDESTRIAN,Cross/Enter at Intersection,NO IMPROPER ACTIONS,AT INTERSECTION MARKED CROSSWALK,No,Possible Minor Injury,NONE,38.98909,-77.095165,2023,9,15
230052801,09/02/2023 12:30:00 PM,VEIRS MILL RD,OTHER CONVEYANCE,Clear,DRY,Daylight,NONE DETECTED,OTHER CONVEYANCE,Walking/Cycling on Sidewalk,NO IMPROPER ACTIONS,SIDEWALK,No,Possible Minor Injury,NONE,39.03910517,-77.05367167,2023,9,12
230052692,09/01/2023 06:30:00 PM,SANGAMORE RD,PEDESTRIAN,Clear,DRY,Daylight,N/A,PEDESTRIAN,Cross/Enter at Intersection,NO IMPROPER ACTIONS,AT INTERSECTION MARKED CROSSWALK,No,Possible Minor Injury,N/A,38.94859333,-77.11984833,2023,9,18
230052658,09/01/2023 03:23:00 PM,NA,PEDESTRIAN,Clear,NA,Daylight,NONE DETECTED,PEDESTRIAN,Other,DART DASH,OTHER,Yes,Possible Minor Injury,NONE,39.18098967,-77.2701215,2023,9,15
230052397,08/31/2023 10:15:00 AM,NEW HAMPSHIRE AVE,BICYCLIST,Clear,DRY,Daylight,NONE DETECTED,BICYCLIST,Walking/Riding w/Traffic,NO IMPROPER ACTIONS,OTHER,No,Possible Minor Injury,MC/BIKE HELMET,39.120183,-76.98884333,2023,8,10
230052338,08/30/2023 09:49:00 PM,FREDERICK RD,BICYCLIST,Clear,DRY,Medium,NONE DETECTED,BICYCLIST,Cross/Enter at Intersection,NO IMPROPER ACTIONS,ON ROADWAY AT CROSSWALK,No,Fatal Injury,NONE,39.17841174,-77.23859705,2023,8,21
230052328,08/30/2023 09:00:00 PM,NA,PEDESTRIAN,Clear,NA,Medium,NONE DETECTED,PEDESTRIAN,Cross/Enter not at Intersection,NO IMPROPER ACTIONS,ON ROADWAY NOT AT CROSSWALK,No,No Apparent Injury,NONE,39.07432118,-77.13761745,2023,8,21
230052328,08/30/2023 09:00:00 PM,NA,PEDESTRIAN,Clear,NA,Medium,NONE DETECTED,PEDESTRIAN,Cross/Enter not at Intersection,NO IMPROPER ACTIONS,ON ROADWAY NOT AT CROSSWALK,No,Possible Minor Injury,NONE,39.07432118,-77.13761745,2023,8,21
230052260,08/30/2023 03:30:00 PM,COLONY RD,PEDESTRIAN,Clear,DRY,Daylight,N/A,PEDESTRIAN,Cross/Enter at Intersection,DART DASH,AT INTERSECTION BUT NO CROSSWALK,Unknown,No Apparent Injury,NONE,39.0075552,-76.98384145,2023,8,15
230052191,08/30/2023 11:35:00 AM,NA,OTHER,Clear,NA,Daylight,NONE DETECTED,OTHER,Cross/Enter at Intersection,FAILURE TO YIELD RIGHT OF WAY,SIDEWALK,Yes,Possible Minor Injury,NONE,39.1417919,-77.19725347,2023,8,11
230052076,08/29/2023 07:15:00 PM,ROCKVILLE PIKE,PEDESTRIAN,Clear,DRY,Daylight,UNKNOWN,PEDESTRIAN,Cross/Enter at Intersection,NO IMPROPER ACTIONS,ON ROADWAY AT CROSSWALK,No,Possible Minor Injury,NONE,39.05738374,-77.1204141,2023,8,19
230052025,08/29/2023 03:30:00 PM,FALLS BRIDGE LA,PEDESTRIAN,Cloudy,DRY,Daylight,NONE DETECTED,PEDESTRIAN,Walking/Riding w/Traffic,NO IMPROPER ACTIONS,OUTSIDE RIGHT OF WAY,No,Possible Minor Injury,NONE,38.99188667,-77.0979,2023,8,15
230052006,08/29/2023 02:00:00 PM,NA,OTHER,Clear,NA,Daylight,NA,OTHER,Other,OTHER,INSIDE BUILDING,No,Possible Minor Injury,NONE,39.118105,-77.16199333,2023,8,14
230051913,08/28/2023 03:22:00 PM,NA,PEDESTRIAN,Clear,NA,Daylight,NONE DETECTED,PEDESTRIAN,Cross/Enter not at Intersection,UNKNOWN,ON ROADWAY AT CROSSWALK,Unknown,Possible Minor Injury,NONE,39.19838897,-77.25139036,2023,8,15
230051700,08/27/2023 06:00:00 PM,RAMP 2 FR MD 927 WB TO IS 270 NB,PEDESTRIAN,Cloudy,DRY,Daylight,NONE DETECTED,PEDESTRIAN,Standing,NO IMPROPER ACTIONS,SIDEWALK,No,No Apparent Injury,NONE,39.05616633,-77.15208733,2023,8,18
230051632,08/27/2023 12:05:00 PM,LAUDERDALE DR,PEDESTRIAN,Clear,DRY,Daylight,NONE DETECTED,PEDESTRIAN,Cross/Enter at Intersection,NO IMPROPER ACTIONS,ON ROADWAY AT CROSSWALK,No,Possible Minor Injury,NONE,39.05369369,-77.10415416,2023,8,12
230051628,08/27/2023 11:54:00 AM,GERMANTOWN RD,BICYCLIST,Clear,DRY,Daylight,NONE DETECTED,BICYCLIST,Cross/Enter at Intersection,NO IMPROPER ACTIONS,ON ROADWAY AT CROSSWALK,No,Possible Minor Injury,MC/BIKE HELMET,39.17168167,-77.276875,2023,8,11
230051643,08/26/2023 09:20:00 PM,CRYSTAL ROCK DR,OTHER,Clear,DRY,Medium,N/A,OTHER,Cross/Enter at Intersection,NO IMPROPER ACTIONS,ON ROADWAY AT CROSSWALK,No,Possible Minor Injury,MC/BIKE HELMET,39.19362017,-77.27031762,2023,8,21
230051440,08/26/2023 09:23:00 AM,NICHOLSON LA,PEDESTRIAN,Clear,DRY,Daylight,N/A,PEDESTRIAN,Cross/Enter at Intersection,NO IMPROPER ACTIONS,ON ROADWAY AT CROSSWALK,Unknown,Possible Minor Injury,NONE,39.04479,-77.11328333,2023,8,9
230051437,08/26/2023 09:16:00 AM,WATKINS MILL RD,PEDESTRIAN,Clear,DRY,Daylight,NONE DETECTED,PEDESTRIAN,Cross/Enter not at Intersection,NO IMPROPER ACTIONS,ON ROADWAY AT CROSSWALK,No,Suspected Serious Injury,NONE,39.17692667,-77.20998,2023,8,9
230051353,08/25/2023 06:46:00 PM,NA,OTHER,Clear,NA,Daylight,UNKNOWN,OTHER,Other,UNKNOWN,SIDEWALK,Unknown,No Apparent Injury,N/A,39.03193298,-77.00392855,2023,8,18
230051305,08/25/2023 03:01:00 PM,PEBBLEWOOD PL,PEDESTRIAN,Clear,DRY,Daylight,NONE DETECTED,PEDESTRIAN,Other,IN ROADWAY IMPROPERLY,ON ROADWAY NOT AT CROSSWALK,Unknown,Possible Minor Injury,UNKNOWN,39.09403105,-77.22038914,2023,8,15
230051308,08/25/2023 02:57:00 PM,VALLEYWOOD DR,PEDESTRIAN,Clear,DRY,Daylight,NONE DETECTED,PEDESTRIAN,Cross/Enter at Intersection,UNKNOWN,ON ROADWAY AT CROSSWALK,No,Possible Minor Injury,NONE,39.049582,-77.07090017,2023,8,14
230051140,08/24/2023 05:30:00 PM,DAYTON ST,BICYCLIST,Clear,DRY,Daylight,NONE DETECTED,BICYCLIST,Cross/Enter at Intersection,N/A,ON ROADWAY AT CROSSWALK,No,Possible Minor Injury,NONE,39.03890333,-77.04187667,2023,8,17
230050926,08/23/2023 04:26:00 PM,UNIVERSITY BLVD W,PEDESTRIAN,Clear,DRY,Daylight,N/A,PEDESTRIAN,Cross/Enter not at Intersection,FAILURE TO YIELD RIGHT OF WAY,OUTSIDE RIGHT OF WAY,Yes,Possible Minor Injury,NONE,39.02063667,-77.015965,2023,8,16
230050907,08/23/2023 02:05:00 PM,WAYNE AVE,BICYCLIST,Clear,DRY,Daylight,NONE DETECTED,BICYCLIST,Cross/Enter at Intersection,FAILURE TO YIELD RIGHT OF WAY,ON ROADWAY AT CROSSWALK,Yes,Possible Minor Injury,NONE,38.994404,-77.02668717,2023,8,14
230050612,08/21/2023 09:23:00 PM,FREDERICK RD,PEDESTRIAN,Clear,DRY,Medium,NONE DETECTED,PEDESTRIAN,Cross/Enter at Intersection,FAILURE TO YIELD RIGHT OF WAY,ON ROADWAY AT CROSSWALK,Yes,Possible Minor Injury,N/A,39.11718167,-77.16909,2023,8,21
230050540,08/21/2023 02:47:00 PM,GEORGIA AVE,PEDESTRIAN,Clear,DRY,Daylight,N/A,PEDESTRIAN,Cross/Enter at Intersection,NO IMPROPER ACTIONS,AT INTERSECTION MARKED CROSSWALK,No,Possible Minor Injury,NONE,38.987078,-77.026701,2023,8,14
230050435,08/20/2023 09:26:00 PM,HILLANDALE RD,PEDESTRIAN,Clear,DRY,Medium,NONE DETECTED,PEDESTRIAN,Cross/Enter at Intersection,NO IMPROPER ACTIONS,ON ROADWAY AT CROSSWALK,No,Possible Minor Injury,N/A,38.9778,-77.09670833,2023,8,21
230050435,08/20/2023 09:26:00 PM,HILLANDALE RD,PEDESTRIAN,Clear,DRY,Medium,NONE DETECTED,PEDESTRIAN,Cross/Enter at Intersection,NO IMPROPER ACTIONS,AT INTERSECTION MARKED CROSSWALK,No,Possible Minor Injury,N/A,38.9778,-77.09670833,2023,8,21
230050372,08/20/2023 01:34:00 PM,WATERS RD,OTHER,Clear,DRY,Daylight,NONE DETECTED,OTHER,N/A,N/A,N/A,No,No Apparent Injury,N/A,39.17790703,-77.27273186,2023,8,13
230050302,08/19/2023 09:54:00 PM,UNIVERSITY BLVD E,PEDESTRIAN,Clear,DRY,Medium,UNKNOWN,PEDESTRIAN,Other,NO IMPROPER ACTIONS,SIDEWALK,No,No Apparent Injury,N/A,39.00002827,-76.99580421,2023,8,21
23050265,08/19/2023 04:07:00 PM,NA,BICYCLIST,Clear,NA,Daylight,N/A,BICYCLIST,Cross/Enter not at Intersection,NO IMPROPER ACTIONS,OTHER,No,No Apparent Injury,NONE,39.18009667,-77.23659333,2023,8,16
230049988,08/17/2023 07:20:00 PM,NA,PEDESTRIAN,Clear,NA,Daylight,UNKNOWN,PEDESTRIAN,Other,OTHER,OTHER,No,Possible Minor Injury,OTHER,39.12925274,-77.20170906,2023,8,19
230049980,08/17/2023 06:39:00 PM,GEORGIA AVE,PEDESTRIAN,Clear,DRY,Daylight,NONE DETECTED,PEDESTRIAN,Unknown,NO IMPROPER ACTIONS,SIDEWALK,No,Possible Minor Injury,NONE,39.070845,-77.06336667,2023,8,18
230049481,08/14/2023 08:18:00 PM,CHARITY LA,PEDESTRIAN,Clear,DRY,Medium,NONE DETECTED,PEDESTRIAN,Walking/Riding w/Traffic,NO IMPROPER ACTIONS,SHARED USE PATH OR TRAILS,No,Possible Minor Injury,NONE,39.1463255,-77.28766933,2023,8,20
230049468,08/14/2023 07:10:00 PM,FIRST ST,OTHER CONVEYANCE,Clear,DRY,Daylight,NONE DETECTED,OTHER CONVEYANCE,Cross/Enter at Intersection,NO IMPROPER ACTIONS,ON ROADWAY AT CROSSWALK,No,Possible Minor Injury,MC/BIKE HELMET,39.08455193,-77.13617105,2023,8,19
230049412,08/14/2023 01:50:00 PM,NA,PEDESTRIAN,Clear,NA,Daylight,UNKNOWN,PEDESTRIAN,Walking/Cycling on Sidewalk,NO IMPROPER ACTIONS,ON ROADWAY AT CROSSWALK,No,Possible Minor Injury,NONE,39.04894333,-77.11410333,2023,8,13
230049242,08/13/2023 12:07:00 PM,NA,BICYCLIST,Clear,NA,Daylight,N/A,BICYCLIST,Cross/Enter at Intersection,NO IMPROPER ACTIONS,OTHER,No,No Apparent Injury,MC/BIKE HELMET,39.04679333,-77.099845,2023,8,12
230049242,08/13/2023 12:07:00 PM,NA,BICYCLIST,Clear,NA,Daylight,N/A,BICYCLIST,Other,NO IMPROPER ACTIONS,OTHER,No,Possible Minor Injury,MC/BIKE HELMET,39.04679333,-77.099845,2023,8,12
230049162,08/12/2023 05:25:00 PM,UNIVERSITY BLVD W,OTHER,Clear,DRY,Daylight,NONE DETECTED,OTHER,Push/Work on Vehicle,NO IMPROPER ACTIONS,OTHER,No,Possible Minor Injury,N/A,39.03648167,-77.03006467,2023,8,17
230049162,08/12/2023 05:25:00 PM,UNIVERSITY BLVD W,OTHER,Clear,DRY,Daylight,NONE DETECTED,OTHER,Push/Work on Vehicle,NO IMPROPER ACTIONS,OTHER,No,Possible Minor Injury,N/A,39.03648167,-77.03006467,2023,8,17
230048991,08/11/2023 07:20:00 PM,BOU AVE,OTHER CONVEYANCE,Clear,DRY,Daylight,NONE DETECTED,OTHER CONVEYANCE,Cross/Enter at Intersection,NO IMPROPER ACTIONS,AT INTERSECTION MARKED CROSSWALK,No,Possible Minor Injury,NONE,39.0574964,-77.11648071,2023,8,19
230048977,08/11/2023 06:20:00 PM,STILT ST,BICYCLIST,Clear,DRY,Daylight,N/A,BICYCLIST,Walking/Riding against Traffic,NO IMPROPER ACTIONS,ON ROADWAY NOT AT CROSSWALK,Yes,Possible Minor Injury,MC/BIKE HELMET,39.2195385,-77.2905295,2023,8,18
230048975,08/11/2023 06:00:00 PM,NA,PEDESTRIAN,Clear,NA,Daylight,NONE DETECTED,PEDESTRIAN,Cross/Enter at Intersection,INATTENTIVE,ON ROADWAY NOT AT CROSSWALK,Unknown,Possible Minor Injury,NONE,39.14587303,-77.19194047,2023,8,18
230048950,08/11/2023 01:10:00 PM,SLIGO AVE,OTHER CONVEYANCE,Clear,DRY,Daylight,UNKNOWN,OTHER CONVEYANCE,Unknown,UNKNOWN,UNKNOWN,Unknown,Possible Minor Injury,NONE,38.99013729,-77.01976111,2023,8,13
230048634,08/09/2023 06:17:00 PM,CLOPPER RD,BICYCLIST,Clear,DRY,Daylight,NONE DETECTED,BICYCLIST,Cross/Enter at Intersection,NO IMPROPER ACTIONS,AT INTERSECTION MARKED CROSSWALK,No,Possible Minor Injury,MC/BIKE HELMET,39.15662047,-77.26643723,2023,8,18
230048389,08/08/2023 12:43:00 PM,COLESVILLE RD,PEDESTRIAN,Clear,DRY,Daylight,NONE DETECTED,PEDESTRIAN,Other,OTHER,SIDEWALK,No,No Apparent Injury,NONE,38.99574233,-77.02836717,2023,8,12
230048305,08/07/2023 08:30:00 PM,NA,PEDESTRIAN,Rain,NA,Dark,NONE DETECTED,PEDESTRIAN,Cross/Enter not at Intersection,NOT VISIBLE,ON ROADWAY NOT AT CROSSWALK,Yes,Possible Minor Injury,NONE,39.10491217,-76.93036733,2023,8,20
230048159,08/07/2023 05:07:00 AM,FENTON ST,PEDESTRIAN,Clear,WET,Medium,N/A,PEDESTRIAN,Unknown,UNKNOWN,UNKNOWN,Yes,Suspected Serious Injury,NONE,38.98759297,-77.02346754,2023,8,5
230047959,08/05/2023 01:48:00 PM,NA,PEDESTRIAN,Cloudy,NA,Daylight,NONE DETECTED,PEDESTRIAN,Other,OTHER,OTHER,Unknown,Possible Minor Injury,N/A,39.15639822,-77.21397835,2023,8,13
230047919,08/05/2023 08:55:00 AM,NA,BICYCLIST,Cloudy,NA,Daylight,NONE DETECTED,BICYCLIST,Walking/Cycling on Sidewalk,NO IMPROPER ACTIONS,OTHER,No,Possible Minor Injury,NONE,39.07392417,-77.13527917,2023,8,8
230047889,08/04/2023 11:30:00 PM,UNIVERSITY BLVD E,PEDESTRIAN,Clear,DRY,Medium,UNKNOWN,PEDESTRIAN,Unknown,UNKNOWN,ON ROADWAY NOT AT CROSSWALK,Unknown,Suspected Serious Injury,NONE,39.00661129,-76.99764611,2023,8,23
230047688,08/03/2023 11:30:00 AM,RANDOLPH RD,PEDESTRIAN,Cloudy,DRY,Daylight,UNKNOWN,PEDESTRIAN,Unknown,UNKNOWN,UNKNOWN,Unknown,Possible Minor Injury,UNKNOWN,39.05617734,-77.08262173,2023,8,11
230047596,08/03/2023 10:34:00 AM,FREDERICK RD,PEDESTRIAN,Clear,DRY,Daylight,UNKNOWN,PEDESTRIAN,Cross/Enter at Intersection,NO IMPROPER ACTIONS,ON ROADWAY AT CROSSWALK,No,Possible Minor Injury,NONE,39.190056,-77.24168117,2023,8,10
230047508,08/02/2023 06:37:00 PM,KENTLANDS BLVD,PEDESTRIAN,Cloudy,DRY,Daylight,N/A,PEDESTRIAN,Cross/Enter at Intersection,NO IMPROPER ACTIONS,AT INTERSECTION MARKED CROSSWALK,No,Possible Minor Injury,NONE,39.1232753,-77.2360439,2023,8,18
230047418,08/01/2023 12:00:00 PM,NA,MACHINE OPERATOR/RIDER,Clear,NA,Daylight,NONE DETECTED,MACHINE OPERATOR/RIDER,Cross/Enter not at Intersection,NO IMPROPER ACTIONS,SIDEWALK,No,No Apparent Injury,UNKNOWN,38.975765,-77.014213,2023,8,12
230047197,07/31/2023 05:44:00 PM,CHEYENNE RD,BICYCLIST,Clear,DRY,Daylight,UNKNOWN,BICYCLIST,Cross/Enter not at Intersection,NO IMPROPER ACTIONS,AT INTERSECTION BUT NO CROSSWALK,No,Possible Minor Injury,MC/BIKE HELMET,39.12487064,-77.24742854,2023,7,17
230046972,07/30/2023 02:40:00 PM,RUSSELL AVE,PEDESTRIAN,Clear,DRY,Daylight,NONE DETECTED,PEDESTRIAN,Cross/Enter at Intersection,NO IMPROPER ACTIONS,ON ROADWAY AT CROSSWALK,No,Possible Minor Injury,N/A,39.15050159,-77.2043814,2023,7,14
230046969,07/30/2023 02:25:00 PM,BANNOCKBURN DR,BICYCLIST,Clear,DRY,Daylight,NONE DETECTED,BICYCLIST,Walking/Riding w/Traffic,N/A,OTHER,No,Possible Minor Injury,MC/BIKE HELMET,38.97293233,-77.1414305,2023,7,14
230046354,07/25/2023 10:12:00 AM,WATKINS MILL RD,BICYCLIST,Clear,DRY,Daylight,UNKNOWN,BICYCLIST,N/A,NO IMPROPER ACTIONS,AT INTERSECTION MARKED CROSSWALK,No,Possible Minor Injury,NONE,39.17055765,-77.20888876,2023,7,10
230035307,07/24/2023 09:16:00 PM,COLESVILLE RD,OTHER CONVEYANCE,Clear,DRY,Medium,NONE DETECTED,OTHER CONVEYANCE,N/A,NO IMPROPER ACTIONS,CURB,No,No Apparent Injury,N/A,39.02419833,-77.011125,2023,7,21
230034963,07/22/2023 06:58:00 PM,NA,PEDESTRIAN,Clear,NA,Daylight,NONE DETECTED,PEDESTRIAN,Other,IN ROADWAY IMPROPERLY,ON ROADWAY NOT AT CROSSWALK,No,Possible Minor Injury,NONE,39.02406091,-77.14761954,2023,7,18
230034946,07/22/2023 05:01:00 PM,N SUMMIT AVE,OTHER CONVEYANCE,Clear,DRY,Daylight,NONE DETECTED,OTHER CONVEYANCE,Walking/Riding w/Traffic,OTHER,ON ROADWAY NOT AT CROSSWALK,Unknown,Possible Minor Injury,NONE,39.14494278,-77.19249225,2023,7,17
230034896,07/22/2023 12:10:00 PM,FREDERICK RD,OTHER,Clear,DRY,Daylight,NONE DETECTED,OTHER,Cross/Enter at Intersection,OTHER,ON ROADWAY AT CROSSWALK,Yes,Possible Minor Injury,NONE,39.14368238,-77.20112613,2023,7,12
230034745,07/21/2023 01:24:00 PM,GEORGIA AVE,BICYCLIST,Clear,DRY,Daylight,NONE DETECTED,BICYCLIST,Cross/Enter at Intersection,UNKNOWN,ON ROADWAY AT CROSSWALK,Unknown,Possible Minor Injury,NONE,38.99828526,-77.03064861,2023,7,13
230034733,07/21/2023 11:52:00 AM,GEORGIA AVE,PEDESTRIAN,Clear,DRY,Daylight,NONE DETECTED,PEDESTRIAN,Cross/Enter at Intersection,NO IMPROPER ACTIONS,ON ROADWAY AT CROSSWALK,No,No Apparent Injury,N/A,39.13526333,-77.06976,2023,7,11
230034733,07/21/2023 11:52:00 AM,GEORGIA AVE,PEDESTRIAN,Clear,DRY,Daylight,NONE DETECTED,PEDESTRIAN,Cross/Enter at Intersection,NO IMPROPER ACTIONS,ON ROADWAY AT CROSSWALK,No,No Apparent Injury,N/A,39.13526333,-77.06976,2023,7,11
230034715,07/21/2023 09:30:00 AM,WISCONSIN AVE,OTHER PEDALCYCLIST,Clear,DRY,Daylight,N/A,OTHER PEDALCYCLIST,Cross/Enter at Intersection,NO IMPROPER ACTIONS,AT INTERSECTION MARKED CROSSWALK,No,Possible Minor Injury,MC/BIKE HELMET,38.98119833,-77.09230667,2023,7,9
230034624,07/20/2023 06:01:00 PM,THAYER AVE,PEDESTRIAN,Clear,DRY,Daylight,NONE DETECTED,PEDESTRIAN,Cross/Enter not at Intersection,IN ROADWAY IMPROPERLY,ON ROADWAY NOT AT CROSSWALK,Yes,Possible Minor Injury,NONE,38.99308191,-77.02331513,2023,7,18
230034533,07/20/2023 11:45:00 AM,ODENDHAL AVE,PEDESTRIAN,Clear,DRY,Daylight,NONE DETECTED,PEDESTRIAN,Cross/Enter at Intersection,NO IMPROPER ACTIONS,ON ROADWAY AT CROSSWALK,No,Possible Minor Injury,NONE,39.1526245,-77.19285418,2023,7,11
230034514,07/20/2023 09:20:00 AM,PINEY BRANCH RD,OTHER,Clear,DRY,Daylight,N/A,OTHER,Walking/Riding w/Traffic,OTHER,OTHER,Unknown,Possible Minor Injury,NONE,38.98086834,-77.01648149,2023,7,9
230034003,07/18/2023 10:46:00 AM,VEIRS MILL RD,PEDESTRIAN,Clear,DRY,Daylight,UNKNOWN,PEDESTRIAN,Cross/Enter not at Intersection,FAILURE TO YIELD RIGHT OF WAY,MEDIAN,Yes,Possible Minor Injury,N/A,39.07570606,-77.11794535,2023,7,10
230034003,07/17/2023 12:53:00 PM,PECAN DR,OTHER,Cloudy,DRY,Daylight,NA,OTHER,Getting off/on Vehicle,OTHER,OTHER,Yes,Possible Minor Injury,N/A,39.09178359,-77.09882296,2023,7,12
230033705,07/15/2023 12:15:00 PM,GIRARD ST,OTHER,Cloudy,DRY,Daylight,NONE DETECTED,OTHER,Other,OTHER,ON ROADWAY AT CROSSWALK,Yes,Possible Minor Injury,MC/BIKE HELMET,39.15111155,-77.19246255,2023,7,12
230033704,07/15/2023 11:55:00 AM,EAST VILLAGE AVE,BICYCLIST,Cloudy,DRY,Daylight,NONE DETECTED,BICYCLIST,Cross/Enter at Intersection,NO IMPROPER ACTIONS,IN BIKEWAY,No,Possible Minor Injury,MC/BIKE HELMET,39.18775,-77.17926167,2023,7,11
230033699,07/15/2023 11:22:00 AM,GEORGIA AVE,PEDESTRIAN,Clear,DRY,Daylight,NONE DETECTED,PEDESTRIAN,Cross/Enter not at Intersection,NO IMPROPER ACTIONS,SIDEWALK,No,Possible Minor Injury,N/A,39.05950817,-77.05035067,2023,7,11
230033617,07/14/2023 05:32:00 PM,WASHINGTONIAN BLVD,PEDESTRIAN,Rain,WET,Daylight,N/A,PEDESTRIAN,Cross/Enter at Intersection,NO IMPROPER ACTIONS,ON ROADWAY AT CROSSWALK,No,Possible Minor Injury,N/A,39.11871562,-77.20252175,2023,7,17
230033617,07/14/2023 05:32:00 PM,WASHINGTONIAN BLVD,PEDESTRIAN,Rain,WET,Daylight,N/A,PEDESTRIAN,Cross/Enter at Intersection,NO IMPROPER ACTIONS,ON ROADWAY AT CROSSWALK,No,Possible Minor Injury,N/A,39.11871562,-77.20252175,2023,7,17
230033597,07/14/2023 04:50:00 PM,ASPEN HILL RD,OTHER,Clear,DRY,Daylight,NONE DETECTED,OTHER,Cross/Enter at Intersection,UNKNOWN,ON ROADWAY NOT AT CROSSWALK,Unknown,Possible Minor Injury,NONE,39.07909683,-77.08717517,2023,7,16
230033523,07/14/2023 09:53:00 AM,COLESVILLE RD,OTHER,Clear,DRY,Daylight,UNKNOWN,OTHER,Cross/Enter at Intersection,NO IMPROPER ACTIONS,AT INTERSECTION MARKED CROSSWALK,No,No Apparent Injury,NONE,38.99628671,-77.02810809,2023,7,9
230033390,07/13/2023 03:29:00 PM,NA,PEDESTRIAN,Clear,NA,Daylight,N/A,PEDESTRIAN,Other,UNKNOWN,DRIVEWAY ACCESS MARKED CROSSWALK,No,Possible Minor Injury,N/A,39.11302717,-77.1727655,2023,7,15
23003339,07/13/2023 10:35:00 AM,FREDERICK RD,BICYCLIST,Clear,DRY,Daylight,UNKNOWN,BICYCLIST,Walking/Riding w/Traffic,N/A,ON ROADWAY NOT AT CROSSWALK,No,Possible Minor Injury,MC/BIKE HELMET,39.15697668,-77.22112836,2023,7,10
230033269,07/12/2023 06:41:00 PM,OLD GEORGETOWN RD,BICYCLIST,Clear,DRY,Daylight,NONE DETECTED,BICYCLIST,Walking/Riding w/Traffic,NO IMPROPER ACTIONS,IN BIKEWAY,No,No Apparent Injury,MC/BIKE HELMET,39.02557833,-77.12565,2023,7,18
230033242,07/12/2023 04:12:00 PM,SHAFTSBURY ST,PEDESTRIAN,Clear,DRY,Daylight,NA,PEDESTRIAN,Getting off/on Vehicle,ENTERING EXITING PARKED STANDING VEHICLE,SHOULDER,Yes,Possible Minor Injury,NONE,39.03144512,-77.07771183,2023,7,16
230032948,07/11/2023 05:10:00 AM,PICCARD DR,PEDESTRIAN,Clear,DRY,Medium,N/A,PEDESTRIAN,Other,OTHER,ON ROADWAY NOT AT CROSSWALK,Yes,Fatal Injury,NONE,39.107295,-77.18047333,2023,7,5
230032900,07/10/2023 07:15:00 PM,WEST OLD BALTIMORE RD,PEDESTRIAN,Clear,DRY,Daylight,NONE DETECTED,PEDESTRIAN,Cross/Enter at Intersection,IN ROADWAY IMPROPERLY,MEDIAN,Yes,Possible Minor Injury,NONE,39.21552826,-77.2530279,2023,7,19
230032844,07/10/2023 02:59:00 PM,METRO ACCESS RD,BICYCLIST,Clear,DRY,Daylight,N/A,BICYCLIST,Cross/Enter at Intersection,DART DASH,ON ROADWAY AT CROSSWALK,Yes,Possible Minor Injury,NONE,39.1215332,-77.16107857,2023,7,14
230032407,07/07/2023 04:45:00 PM,CRYSTAL LA,PEDESTRIAN,Clear,DRY,Daylight,NONE DETECTED,PEDESTRIAN,Cross/Enter at Intersection,NO IMPROPER ACTIONS,AT INTERSECTION BUT NO CROSSWALK,No,Possible Minor Injury,NONE,39.07833333,-77.040145,2023,7,16
230032407,07/07/2023 04:45:00 PM,CRYSTAL LA,PEDESTRIAN,Clear,DRY,Daylight,NONE DETECTED,PEDESTRIAN,Cross/Enter at Intersection,NO IMPROPER ACTIONS,AT INTERSECTION BUT NO CROSSWALK,No,Possible Minor Injury,NONE,39.07833333,-77.040145,2023,7,16
230032394,07/07/2023 02:55:00 PM,NA,PEDESTRIAN,Clear,NA,Daylight,NONE DETECTED,PEDESTRIAN,Other,NO IMPROPER ACTIONS,OTHER,No,Possible Minor Injury,N/A,39.1563985,-77.21339017,2023,7,14
230032202,07/06/2023 02:15:00 PM,NA,PEDESTRIAN,Clear,NA,Daylight,NONE DETECTED,PEDESTRIAN,Walking/Cycling on Sidewalk,NO IMPROPER ACTIONS,SIDEWALK,No,Possible Minor Injury,NONE,38.96197167,-77.08794167,2023,7,14
230032171,07/06/2023 10:33:00 AM,LINDBERGH DR,PEDESTRIAN,Clear,DRY,Daylight,NONE DETECTED,PEDESTRIAN,Cross/Enter at Intersection,N/A,ON ROADWAY AT CROSSWALK,No,Possible Minor Injury,NONE,39.16419167,-77.15709,2023,7,10
230032001,07/05/2023 10:39:00 AM,NA,PEDESTRIAN,Clear,NA,Daylight,NONE DETECTED,PEDESTRIAN,Cross/Enter not at Intersection,NO IMPROPER ACTIONS,DRIVEWAY ACCESS MARKED CROSSWALK,No,Possible Minor Injury,NONE,39.037575,-76.990425,2023,7,10
230031983,07/05/2023 08:40:00 AM,LAYHILL RD,PEDESTRIAN,Clear,DRY,Daylight,N/A,PEDESTRIAN,Walking/Cycling on Sidewalk,NO IMPROPER ACTIONS,ON ROADWAY AT CROSSWALK,No,Possible Minor Injury,NONE,39.06552667,-77.04827583,2023,7,8
230031927,07/04/2023 04:00:00 PM,TWINBROOK PKWY,BICYCLIST,Clear,DRY,Daylight,NONE DETECTED,BICYCLIST,Cross/Enter at Intersection,UNKNOWN,ON ROADWAY AT CROSSWALK,Unknown,Possible Minor Injury,UNKNOWN,39.05881239,-77.11896131,2023,7,16
230031679,07/03/2023 10:48:00 AM,GUNNERS BRANCH RD,PEDESTRIAN,Clear,DRY,Daylight,NONE DETECTED,PEDESTRIAN,Cross/Enter at Intersection,NO IMPROPER ACTIONS,AT INTERSECTION MARKED CROSSWALK,No,Suspected Serious Injury,N/A,39.18110333,-77.23837333,2023,7,10
230031634,07/03/2023 12:00:00 AM,NA,PEDESTRIAN,Clear,NA,Medium,UNKNOWN,PEDESTRIAN,Walking/Riding w/Traffic,UNKNOWN,OTHER,Yes,Possible Minor Injury,N/A,38.99169667,-77.02491833,2023,7,0
230031638,07/03/2023 12:00:00 AM,NEW HAMPSHIRE AVE,PEDESTRIAN,Clear,DRY,Medium,ALCOHOL PRESENT,PEDESTRIAN,Other,NO IMPROPER ACTIONS,OTHER,No,Fatal Injury,N/A,38.98109532,-76.98930911,2023,7,0
230031612,07/02/2023 07:20:00 PM,UNIVERSITY BLVD W,BICYCLIST,Clear,DRY,Daylight,NONE DETECTED,BICYCLIST,Walking/Cycling on Sidewalk,N/A,SIDEWALK,No,No Apparent Injury,NONE,39.04115333,-77.04706333,2023,7,19
230031578,07/02/2023 02:18:00 PM,NA,PEDESTRIAN,Clear,NA,Daylight,NA,PEDESTRIAN,Other,NO IMPROPER ACTIONS,OTHER,Unknown,Suspected Serious Injury,NONE,39.11520892,-77.19959934,2023,7,14
230031471,07/01/2023 05:17:00 PM,WAYFARER RD,PEDESTRIAN,Clear,DRY,Daylight,NONE DETECTED,PEDESTRIAN,Walking/Riding w/Traffic,NO IMPROPER ACTIONS,ON ROADWAY NOT AT CROSSWALK,No,Possible Minor Injury,NONE,39.19534443,-77.22423398,2023,7,17
230030880,06/28/2023 10:47:00 AM,EAST WEST HWY,PEDESTRIAN,Cloudy,DRY,Daylight,NONE DETECTED,PEDESTRIAN,Cross/Enter at Intersection,NO IMPROPER ACTIONS,ON ROADWAY AT CROSSWALK,No,Possible Minor Injury,N/A,38.99377984,-77.03230618,2023,6,10
230030764,06/27/2023 04:00:00 PM,WISCONSIN AVE,PEDESTRIAN,Rain,WET,Daylight,N/A,PEDESTRIAN,Cross/Enter at Intersection,NO IMPROPER ACTIONS,ON ROADWAY AT CROSSWALK,No,Possible Minor Injury,NONE,38.98400983,-77.0940415,2023,6,16
230030322,06/24/2023 10:50:00 PM,MONROE ST,"OTHER, PEDESTRIAN",Clear,DRY,Medium,NONE DETECTED,PEDESTRIAN,Cross/Enter at Intersection,DART DASH,OUTSIDE RIGHT OF WAY,Yes,Possible Minor Injury,N/A,39.08198033,-77.14913469,2023,6,22
230030322,06/24/2023 10:50:00 PM,MONROE ST,"OTHER, PEDESTRIAN",Clear,DRY,Medium,NONE DETECTED,OTHER,N/A,N/A,N/A,No,No Apparent Injury,N/A,39.08198033,-77.14913469,2023,6,22
230030221,06/24/2023 12:39:00 PM,SANDY SPRING RD,BICYCLIST,Clear,DRY,Daylight,NONE DETECTED,BICYCLIST,Walking/Riding w/Traffic,INATTENTIVE,OTHER,Yes,Suspected Serious Injury,MC/BIKE HELMET,39.10888866,-76.92287007,2023,6,12
230030165,06/24/2023 12:03:00 AM,LOCKWOOD DR,PEDESTRIAN,Cloudy,WET,Medium,NONE DETECTED,PEDESTRIAN,Cross/Enter at Intersection,NO IMPROPER ACTIONS,ON ROADWAY AT CROSSWALK,No,Possible Minor Injury,NONE,39.03805167,-76.99459333,2023,6,0
230030144,06/23/2023 08:57:00 PM,GEORGIA AVE,PEDESTRIAN,Clear,DRY,Medium,NONE DETECTED,PEDESTRIAN,Cross/Enter at Intersection,NO IMPROPER ACTIONS,SIDEWALK,No,Possible Minor Injury,NONE,38.99544195,-77.02726407,2023,6,20
230030125,06/23/2023 06:05:00 PM,FREDERICK RD,PEDESTRIAN,Rain,WET,Daylight,N/A,PEDESTRIAN,Cross/Enter at Intersection,NO IMPROPER ACTIONS,ON ROADWAY AT CROSSWALK,No,Possible Minor Injury,N/A,39.11705325,-77.16883654,2023,6,18
230029906,06/22/2023 10:05:00 AM,ROCKVILLE PIKE,PEDESTRIAN,Rain,WET,Daylight,NONE DETECTED,PEDESTRIAN,Cross/Enter at Intersection,DART DASH,ON ROADWAY AT CROSSWALK,Yes,Possible Minor Injury,NONE,39.06943262,-77.13072958,2023,6,10
230029744,06/21/2023 10:26:00 AM,COLESVILLE RD,PEDESTRIAN,Rain,WET,Daylight,N/A,PEDESTRIAN,N/A,IN ROADWAY IMPROPERLY,OUTSIDE RIGHT OF WAY,Yes,Possible Minor Injury,N/A,38.99962833,-77.02592833,2023,6,10
230029580,06/20/2023 01:18:00 PM,NEW HAMPSHIRE AVE,PEDESTRIAN,Clear,DRY,Daylight,NONE DETECTED,PEDESTRIAN,Cross/Enter at Intersection,NO IMPROPER ACTIONS,ON ROADWAY AT CROSSWALK,No,Possible Minor Injury,NONE,38.98590513,-76.98808884,2023,6,13
230029518,06/20/2023 04:44:00 AM,FREDERICK RD,PEDESTRIAN,Clear,DRY,Medium,N/A,PEDESTRIAN,Cross/Enter not at Intersection,IN ROADWAY IMPROPERLY,ON ROADWAY NOT AT CROSSWALK,Yes,Possible Minor Injury,NONE,39.17832267,-77.23839742,2023,6,4
230029489,06/19/2023 08:15:00 PM,NORTHAMPTON DR,PEDESTRIAN,Clear,DRY,Medium,N/A,PEDESTRIAN,Other,INATTENTIVE,ON ROADWAY NOT AT CROSSWALK,Yes,Possible Minor Injury,N/A,39.00839654,-76.98531459,2023,6,20
230029454,06/19/2023 04:17:00 PM,ARROWHEAD RD,PEDESTRIAN,Cloudy,DRY,Daylight,NONE DETECTED,PEDESTRIAN,Cross/Enter not at Intersection,IN ROADWAY IMPROPERLY,ON ROADWAY NOT AT CROSSWALK,Yes,Suspected Serious Injury,NONE,39.1876465,-77.196827,2023,6,16
230029386,06/19/2023 10:00:00 AM,NA,BICYCLIST,Clear,NA,Daylight,NONE DETECTED,BICYCLIST,Walking/Cycling on Sidewalk,NO IMPROPER ACTIONS,SIDEWALK,No,No Apparent Injury,NONE,39.06584092,-77.12715937,2023,6,10
230029324,06/18/2023 06:50:00 PM,GEORGIA AVE,"OTHER CONVEYANCE, PEDESTRIAN",Clear,N/A,Daylight,NONE DETECTED,PEDESTRIAN,Cross/Enter at Intersection,NO IMPROPER ACTIONS,ON ROADWAY AT CROSSWALK,No,No Apparent Injury,NONE,39.04955333,-77.05202,2023,6,18
230029324,06/18/2023 06:50:00 PM,GEORGIA AVE,"OTHER CONVEYANCE, PEDESTRIAN",Clear,N/A,Daylight,NONE DETECTED,OTHER CONVEYANCE,Cross/Enter at Intersection,N/A,ON ROADWAY AT CROSSWALK,No,No Apparent Injury,NONE,39.04955333,-77.05202,2023,6,18
230029323,06/18/2023 06:47:00 PM,GRAND PRE RD,BICYCLIST,Clear,DRY,Daylight,NONE DETECTED,BICYCLIST,Cross/Enter not at Intersection,IN ROADWAY IMPROPERLY,OUTSIDE RIGHT OF WAY,Yes,No Apparent Injury,NONE,39.09110567,-77.076031,2023,6,18
230029273,06/18/2023 12:14:00 PM,FAIRLAND RD,BICYCLIST,Clear,DRY,Daylight,NONE DETECTED,BICYCLIST,Walking/Riding w/Traffic,N/A,OTHER,No,Suspected Serious Injury,MC/BIKE HELMET,39.07803067,-76.9789665,2023,6,12
230029210,06/17/2023 07:57:00 PM,COLESVILLE RD,PEDESTRIAN,Clear,DRY,Daylight,N/A,PEDESTRIAN,Cross/Enter not at Intersection,IMPROPER PASSING,SHOULDER,Unknown,Suspected Serious Injury,NONE,38.99433318,-77.03077607,2023,6,19
230029162,06/17/2023 03:38:00 PM,MASSACHUSETTS AVE,PEDESTRIAN,Clear,DRY,Daylight,NONE DETECTED,PEDESTRIAN,Cross/Enter at Intersection,DART DASH,AT INTERSECTION BUT NO CROSSWALK,Yes,Suspected Serious Injury,NONE,38.96671672,-77.12549103,2023,6,15
230028569,06/14/2023 08:41:00 AM,NA,BICYCLIST,Rain,NA,Daylight,NONE DETECTED,BICYCLIST,Cross/Enter at Intersection,FAILURE TO YIELD RIGHT OF WAY,ON ROADWAY NOT AT CROSSWALK,Yes,Possible Minor Injury,NONE,39.15624833,-77.21799833,2023,6,8
230028367,06/13/2023 07:35:00 AM,E RANDOLPH RD,BICYCLIST,Clear,DRY,Daylight,NONE DETECTED,BICYCLIST,Walking/Cycling on Sidewalk,NO IMPROPER ACTIONS,AT INTERSECTION BUT NO CROSSWALK,No,Possible Minor Injury,MC/BIKE HELMET,39.06396833,-76.96740333,2023,6,7
230028257,06/12/2023 03:09:00 PM,RANDOLPH RD,PEDESTRIAN,Rain,WET,Daylight,NONE DETECTED,PEDESTRIAN,Cross/Enter at Intersection,FAILURE TO YIELD RIGHT OF WAY,AT INTERSECTION MARKED CROSSWALK,Yes,Possible Minor Injury,N/A,39.05843513,-77.0498156,2023,6,15
230028257,06/12/2023 03:09:00 PM,RANDOLPH RD,PEDESTRIAN,Rain,WET,Daylight,NONE DETECTED,PEDESTRIAN,Cross/Enter at Intersection,FAILURE TO YIELD RIGHT OF WAY,AT INTERSECTION MARKED CROSSWALK,Yes,Possible Minor Injury,NONE,39.05843513,-77.0498156,2023,6,15
230028783,06/12/2023 11:00:00 AM,NA,PEDESTRIAN,Clear,NA,Daylight,NONE DETECTED,PEDESTRIAN,Standing,NO IMPROPER ACTIONS,SIDEWALK,No,Possible Minor Injury,NONE,39.13853167,-77.19218333,2023,6,11
230028197,06/12/2023 10:00:00 AM,BRUNETT AVE,PEDESTRIAN,Cloudy,DRY,Daylight,NONE DETECTED,PEDESTRIAN,Cross/Enter at Intersection,NO IMPROPER ACTIONS,ON ROADWAY AT CROSSWALK,No,Possible Minor Injury,N/A,39.02286,-77.01693667,2023,6,10
230028047,06/11/2023 09:52:00 AM,ASHTON RD,BICYCLIST,Clear,DRY,Daylight,NONE DETECTED,BICYCLIST,Walking/Riding w/Traffic,UNKNOWN,SHOULDER,No,Suspected Serious Injury,MC/BIKE HELMET,39.15641924,-76.99754572,2023,6,9
230028012,06/11/2023 12:18:00 AM,CORDELL AVE,PEDESTRIAN,Clear,DRY,Medium,ALCOHOL CONTRIBUTED,PEDESTRIAN,Other Working,NO IMPROPER ACTIONS,ON ROADWAY NOT AT CROSSWALK,No,Possible Minor Injury,N/A,38.98879688,-77.09877361,2023,6,0
230028012,06/11/2023 12:18:00 AM,CORDELL AVE,PEDESTRIAN,Clear,DRY,Medium,ALCOHOL CONTRIBUTED,PEDESTRIAN,Other Working,NO IMPROPER ACTIONS,ON ROADWAY NOT AT CROSSWALK,No,Possible Minor Injury,N/A,38.98879688,-77.09877361,2023,6,0
230027921,06/10/2023 01:02:00 PM,LONGDRAFT RD,OTHER,Clear,DRY,Daylight,NONE DETECTED,OTHER,Cross/Enter at Intersection,FAILURE TO OBEY TRAFFIC SIGNS SIGNALS OR OFFICER,AT INTERSECTION MARKED CROSSWALK,Unknown,Possible Minor Injury,N/A,39.13335667,-77.245572,2023,6,13
230027877,06/10/2023 12:36:00 AM,UNIVERSITY BLVD E,PEDESTRIAN,Clear,DRY,Dark,UNKNOWN,PEDESTRIAN,Unknown,UNKNOWN,UNKNOWN,Unknown,Fatal Injury,NONE,38.99638236,-76.99331541,2023,6,0
230027699,06/09/2023 07:45:00 AM,EAST WEST HWY,OTHER,Clear,DRY,Daylight,NONE DETECTED,OTHER,Cross/Enter at Intersection,NOT VISIBLE,AT INTERSECTION BUT NO CROSSWALK,No,Possible Minor Injury,NONE,38.99389,-77.032615,2023,6,7
230027571,06/08/2023 01:58:00 PM,NA,PEDESTRIAN,Clear,NA,Daylight,NONE DETECTED,PEDESTRIAN,Cross/Enter not at Intersection,DART DASH,OTHER,Yes,Possible Minor Injury,NONE,39.05798167,-76.95751667,2023,6,13
230027282,06/07/2023 08:46:00 AM,MT PISGAH RD,PEDESTRIAN,Cloudy,DRY,Daylight,NONE DETECTED,PEDESTRIAN,Cross/Enter not at Intersection,INATTENTIVE,ON ROADWAY NOT AT CROSSWALK,Yes,Possible Minor Injury,NONE,39.01530833,-76.97674317,2023,6,8
230027115,06/06/2023 10:35:00 AM,MAIN ST,PEDESTRIAN,Clear,DRY,Daylight,NONE DETECTED,PEDESTRIAN,Cross/Enter at Intersection,DART DASH,ON ROADWAY AT CROSSWALK,Yes,Possible Minor Injury,NONE,39.123255,-77.23887333,2023,6,10
230027025,06/05/2023 04:38:00 PM,GREENTREE RD,PEDESTRIAN,Clear,DRY,Daylight,NONE DETECTED,PEDESTRIAN,Cross/Enter at Intersection,DART DASH,AT INTERSECTION BUT NO CROSSWALK,Yes,Possible Minor Injury,NONE,39.00093833,-77.12096167,2023,6,16
230027000,06/05/2023 03:30:00 PM,RANDOLPH RD,PEDESTRIAN,Clear,DRY,Daylight,NONE DETECTED,PEDESTRIAN,Cross/Enter at Intersection,NO IMPROPER ACTIONS,AT INTERSECTION MARKED CROSSWALK,No,Possible Minor Injury,N/A,39.05888235,-77.06506375,2023,6,15
230026985,06/05/2023 02:38:00 PM,ROCKVILLE PIKE,OTHER PEDALCYCLIST,Clear,DRY,Daylight,NONE DETECTED,OTHER PEDALCYCLIST,Cross/Enter at Intersection,NO IMPROPER ACTIONS,AT INTERSECTION MARKED CROSSWALK,No,Possible Minor Injury,NONE,39.07437833,-77.1358035,2023,6,14
230026910,06/05/2023 08:10:00 AM,WHITTIER BLVD,BICYCLIST,Clear,DRY,Daylight,NONE DETECTED,BICYCLIST,Cross/Enter not at Intersection,IN ROADWAY IMPROPERLY,ON ROADWAY NOT AT CROSSWALK,Yes,No Apparent Injury,NONE,38.98487683,-77.12656883,2023,6,8
230026845,06/04/2023 05:19:00 PM,E DIAMOND AVE,PEDESTRIAN,Clear,DRY,Daylight,NONE DETECTED,PEDESTRIAN,Cross/Enter not at Intersection,DART DASH,ON ROADWAY NOT AT CROSSWALK,Yes,Suspected Serious Injury,NONE,39.14215623,-77.19398908,2023,6,17
230026656,06/03/2023 11:50:00 AM,E MONTGOMERY AVE,PEDESTRIAN,Clear,DRY,Daylight,N/A,PEDESTRIAN,Walking/Riding w/Traffic,N/A,CURB,No,No Apparent Injury,NONE,39.08410737,-77.15014302,2023,6,11
230026559,06/02/2023 06:47:00 PM,UNIVERSITY BLVD W,PEDESTRIAN,Clear,DRY,Daylight,NONE DETECTED,PEDESTRIAN,Cross/Enter at Intersection,IN ROADWAY IMPROPERLY,ON ROADWAY AT CROSSWALK,Yes,Suspected Serious Injury,NONE,39.02295639,-77.01686302,2023,6,18
230026533,06/02/2023 05:05:00 PM,NA,PEDESTRIAN,Clear,NA,Daylight,NONE DETECTED,PEDESTRIAN,Other,NO IMPROPER ACTIONS,OTHER,No,Possible Minor Injury,NONE,39.07865333,-77.07957317,2023,6,17
230026533,06/02/2023 05:05:00 PM,NA,PEDESTRIAN,Clear,NA,Daylight,NONE DETECTED,PEDESTRIAN,Other,NO IMPROPER ACTIONS,OTHER,No,Possible Minor Injury,N/A,39.07865333,-77.07957317,2023,6,17
230026452,06/02/2023 07:45:00 AM,MARYKNOLL AVE,BICYCLIST,Clear,DRY,Daylight,NONE DETECTED,BICYCLIST,Cross/Enter at Intersection,DART DASH,AT INTERSECTION MARKED CROSSWALK,Yes,Possible Minor Injury,MC/BIKE HELMET,38.98696833,-77.13395833,2023,6,7
230026377,06/01/2023 06:39:00 PM,OLNEY LAYTONSVILLE RD,OTHER PEDALCYCLIST,Clear,DRY,Daylight,N/A,OTHER PEDALCYCLIST,Walking/Riding w/Traffic,NO IMPROPER ACTIONS,SHOULDER,No,Possible Minor Injury,MC/BIKE HELMET,39.15564102,-77.07089339,2023,6,18
230026320,06/01/2023 03:28:00 PM,CRICKET HILL DR,BICYCLIST,Clear,DRY,Daylight,NONE DETECTED,BICYCLIST,Cross/Enter at Intersection,NO IMPROPER ACTIONS,ON ROADWAY AT CROSSWALK,No,Suspected Serious Injury,MC/BIKE HELMET,39.14721291,-77.28389889,2023,6,15
230026252,06/01/2023 09:15:00 AM,WESTLAKE DR,PEDESTRIAN,Clear,DRY,Daylight,NONE DETECTED,PEDESTRIAN,Cross/Enter at Intersection,IN ROADWAY IMPROPERLY,ON ROADWAY NOT AT CROSSWALK,Yes,Possible Minor Injury,NONE,39.03465162,-77.14700081,2023,6,9
230026404,05/31/2023 10:35:00 PM,UNIVERSITY BLVD E,PEDESTRIAN,Clear,DRY,Medium,NONE DETECTED,PEDESTRIAN,Cross/Enter at Intersection,FAILURE TO OBEY TRAFFIC SIGNS SIGNALS OR OFFICER,ON ROADWAY AT CROSSWALK,Yes,Suspected Serious Injury,NONE,39.01217242,-77.00241689,2023,5,22
230026200,05/31/2023 10:35:00 PM,E FRANKLIN AVE,PEDESTRIAN,Clear,DRY,Medium,NONE DETECTED,PEDESTRIAN,Cross/Enter at Intersection,FAILURE TO YIELD RIGHT OF WAY,ON ROADWAY AT CROSSWALK,Yes,Suspected Serious Injury,NONE,39.012225,-77.00212683,2023,5,22
230026189,05/31/2023 05:00:00 PM,W MONTGOMERY AVE,BICYCLIST,Clear,DRY,Daylight,UNKNOWN,BICYCLIST,Cross/Enter at Intersection,OTHER,AT INTERSECTION MARKED CROSSWALK,Unknown,Possible Minor Injury,NONE,39.08412648,-77.15685182,2023,5,17
230025833,05/30/2023 08:57:00 AM,LELAND ST,BICYCLIST,Cloudy,DRY,Daylight,N/A,BICYCLIST,Walking/Riding w/Traffic,IMPROPER PASSING,OTHER,Yes,Possible Minor Injury,MC/BIKE HELMET,38.98689167,-77.074745,2023,5,8
230025774,05/29/2023 05:15:00 PM,NA,PEDESTRIAN,Rain,NA,Daylight,NONE DETECTED,PEDESTRIAN,Cross/Enter not at Intersection,OTHER,ON ROADWAY NOT AT CROSSWALK,Unknown,Possible Minor Injury,NONE,39.03777,-77.0582,2023,5,17
230025526,05/27/2023 07:52:00 PM,ASPEN HILL RD,OTHER,Clear,DRY,Daylight,NONE DETECTED,OTHER,N/A,N/A,INSIDE BUILDING,No,No Apparent Injury,N/A,39.07913333,-77.08684833,2023,5,19
230025508,05/27/2023 05:17:00 PM,LAKE SHORE DR,BICYCLIST,Clear,DRY,Daylight,NONE DETECTED,BICYCLIST,Cross/Enter at Intersection,INATTENTIVE,ON ROADWAY NOT AT CROSSWALK,No,No Apparent Injury,UNKNOWN,39.16140724,-77.19937721,2023,5,17
230025500,05/27/2023 04:21:00 PM,DARCY FOREST DR,PEDESTRIAN,Clear,DRY,Daylight,UNKNOWN,PEDESTRIAN,Other,NO IMPROPER ACTIONS,ON ROADWAY AT CROSSWALK,No,Possible Minor Injury,NONE,39.0166488,-77.04753807,2023,5,16
230025492,05/27/2023 03:35:00 PM,FREDERICK RD,BICYCLIST,Clear,DRY,Daylight,NONE DETECTED,BICYCLIST,Cross/Enter at Intersection,FAILURE TO YIELD RIGHT OF WAY,AT INTERSECTION BUT NO CROSSWALK,Yes,Possible Minor Injury,NONE,39.17704683,-77.2383595,2023,5,15
230025334,05/26/2023 04:25:00 PM,WISCONSIN AVE,PEDESTRIAN,Clear,DRY,Daylight,N/A,PEDESTRIAN,Cross/Enter not at Intersection,INATTENTIVE,ON ROADWAY NOT AT CROSSWALK,Yes,Possible Minor Injury,NONE,38.98013167,-77.09211,2023,5,16
230024890,05/24/2023 12:40:00 PM,NA,PEDESTRIAN,Clear,NA,Daylight,N/A,PEDESTRIAN,Playing,DART DASH,OTHER,Yes,Possible Minor Injury,N/A,39.12779522,-77.2007719,2023,5,12
230024764,05/23/2023 05:07:00 PM,OLNEY SANDY SPRING RD,BICYCLIST,Clear,DRY,Daylight,N/A,BICYCLIST,Cross/Enter at Intersection,FAILURE TO YIELD RIGHT OF WAY,ON ROADWAY AT CROSSWALK,Yes,No Apparent Injury,MC/BIKE HELMET,39.14673367,-77.05070783,2023,5,17
230024724,05/23/2023 01:24:00 PM,MEDICAL PARK DR,PEDESTRIAN,Clear,DRY,Daylight,NONE DETECTED,PEDESTRIAN,N/A,NO IMPROPER ACTIONS,ON ROADWAY AT CROSSWALK,No,Possible Minor Injury,NONE,39.023475,-77.04529333,2023,5,13
230024625,05/22/2023 09:20:00 PM,GEORGIA AVE,PEDESTRIAN,Clear,DRY,Dark,NONE DETECTED,PEDESTRIAN,Walking/Riding w/Traffic,IN ROADWAY IMPROPERLY,ON ROADWAY NOT AT CROSSWALK,Yes,Possible Minor Injury,NONE,39.06744833,-77.06039167,2023,5,21
230024407,05/21/2023 08:50:00 PM,DARNESTOWN RD,PEDESTRIAN,Clear,DRY,Dark,NONE DETECTED,PEDESTRIAN,Cross/Enter not at Intersection,IN ROADWAY IMPROPERLY,ON ROADWAY NOT AT CROSSWALK,Yes,Possible Minor Injury,NONE,39.09914367,-77.21122667,2023,5,20
230024371,05/21/2023 03:55:00 PM,WILSON LA,PEDESTRIAN,Clear,DRY,Daylight,NONE DETECTED,PEDESTRIAN,Cross/Enter at Intersection,NO IMPROPER ACTIONS,SIDEWALK,No,Possible Minor Injury,NONE,38.98706833,-77.10328333,2023,5,15
230024361,05/21/2023 03:04:00 PM,CULLINGWORTH ROAD,OTHER,Clear,DRY,Daylight,N/A,OTHER,N/A,NO IMPROPER ACTIONS,INSIDE BUILDING,No,Possible Minor Injury,N/A,39.10299576,-76.9300546,2023,5,15
230024335,05/21/2023 11:33:00 AM,QUEEN ELIZABETH DR,PEDESTRIAN,Clear,DRY,Daylight,NONE DETECTED,PEDESTRIAN,Cross/Enter at Intersection,NO IMPROPER ACTIONS,ON ROADWAY AT CROSSWALK,No,Possible Minor Injury,NONE,39.16158201,-77.07134938,2023,5,11
230024315,05/21/2023 05:04:00 AM,VEIRS MILL RD,PEDESTRIAN,Clear,DRY,Medium,NONE DETECTED,PEDESTRIAN,Unknown,IN ROADWAY IMPROPERLY,ON ROADWAY NOT AT CROSSWALK,Yes,Fatal Injury,N/A,39.0451582,-77.06532903,2023,5,5
230024263,05/20/2023 06:45:00 PM,CLOPPER RD,PEDESTRIAN,Rain,WET,Daylight,N/A,PEDESTRIAN,Cross/Enter at Intersection,DART DASH,ON ROADWAY AT CROSSWALK,Yes,No Apparent Injury,N/A,39.1603645,-77.27999867,2023,5,18
230024263,05/20/2023 06:45:00 PM,CLOPPER RD,PEDESTRIAN,Rain,WET,Daylight,N/A,PEDESTRIAN,Other,OTHER,AT INTERSECTION MARKED CROSSWALK,No,Suspected Serious Injury,N/A,39.1603645,-77.27999867,2023,5,18
230024261,05/20/2023 06:16:00 PM,DENNIS AVE,BICYCLIST,Clear,DRY,Daylight,UNKNOWN,BICYCLIST,Cross/Enter at Intersection,NO IMPROPER ACTIONS,AT INTERSECTION BUT NO CROSSWALK,No,No Apparent Injury,MC/BIKE HELMET,39.02623569,-77.03543627,2023,5,18
230024245,05/20/2023 04:58:00 PM,TUCKERMAN LA,BICYCLIST,Clear,DRY,Daylight,NONE DETECTED,BICYCLIST,Cross/Enter at Intersection,FAILURE TO YIELD RIGHT OF WAY,OUTSIDE RIGHT OF WAY,Yes,Possible Minor Injury,NONE,39.04135972,-77.17615146,2023,5,16
230000953,05/20/2023 03:00:00 PM,NA,PEDESTRIAN,Clear,NA,Daylight,N/A,PEDESTRIAN,Other,NO IMPROPER ACTIONS,OTHER,Unknown,Possible Minor Injury,N/A,39.20949217,-77.24475033,2023,5,15
230024116,05/19/2023 07:05:00 PM,JERUSALEM RD,BICYCLIST,Clear,N/A,Daylight,NONE DETECTED,BICYCLIST,Cross/Enter at Intersection,FAILURE TO OBEY TRAFFIC SIGNS SIGNALS OR OFFICER,OUTSIDE RIGHT OF WAY,Yes,Possible Minor Injury,MC/BIKE HELMET,39.1592876,-77.40643573,2023,5,19
230024062,05/19/2023 02:41:00 PM,TUCKERMAN LA,PEDESTRIAN,Clear,DRY,Daylight,NONE DETECTED,PEDESTRIAN,Cross/Enter not at Intersection,FAILURE TO YIELD RIGHT OF WAY,ON ROADWAY NOT AT CROSSWALK,Yes,Possible Minor Injury,NONE,39.0408405,-77.1747445,2023,5,14
230023903,05/18/2023 04:50:00 PM,ASPEN HILL RD,BICYCLIST,Clear,DRY,Daylight,NONE DETECTED,BICYCLIST,Cross/Enter at Intersection,NO IMPROPER ACTIONS,AT INTERSECTION MARKED CROSSWALK,No,Possible Minor Injury,UNKNOWN,39.0791755,-77.08753133,2023,5,16
230023777,05/17/2023 10:33:00 PM,W GUDE DR,PEDESTRIAN,Clear,DRY,Dark,NONE DETECTED,PEDESTRIAN,Walking/Riding w/Traffic,IN ROADWAY IMPROPERLY,ON ROADWAY NOT AT CROSSWALK,Yes,Suspected Serious Injury,NONE,39.1005185,-77.18080733,2023,5,22
230023734,05/17/2023 06:04:00 PM,HAMILTON SPRING RD,BICYCLIST,Clear,DRY,Daylight,NONE DETECTED,BICYCLIST,Walking/Riding w/Traffic,NO IMPROPER ACTIONS,N/A,No,Suspected Serious Injury,MC/BIKE HELMET,38.98897767,-77.168729,2023,5,18
230023431,05/16/2023 10:50:00 AM,NA,PEDESTRIAN,Clear,NA,Daylight,NONE DETECTED,PEDESTRIAN,Playing,NOT VISIBLE,OTHER,Unknown,Possible Minor Injury,NONE,39.14307365,-77.2043583,2023,5,10
230023416,05/16/2023 09:07:00 AM,BALTIMORE RD,BICYCLIST,Clear,DRY,Daylight,N/A,BICYCLIST,Cross/Enter at Intersection,NO IMPROPER ACTIONS,ON ROADWAY AT CROSSWALK,No,Possible Minor Injury,MC/BIKE HELMET,39.09074562,-77.11497145,2023,5,9
230023344,05/15/2023 06:02:00 PM,COLUMBIA PIKE,PEDESTRIAN,Clear,DRY,Daylight,NONE DETECTED,PEDESTRIAN,Cross/Enter at Intersection,NO IMPROPER ACTIONS,ON ROADWAY AT CROSSWALK,No,No Apparent Injury,N/A,39.03123795,-77.00460695,2023,5,18
230023179,05/14/2023 09:26:00 PM,GEORGIA AVE,PEDESTRIAN,Clear,DRY,Medium,NONE DETECTED,PEDESTRIAN,Cross/Enter at Intersection,FAILURE TO OBEY TRAFFIC SIGNS SIGNALS OR OFFICER,AT INTERSECTION MARKED CROSSWALK,Yes,Suspected Serious Injury,N/A,38.99401167,-77.02675167,2023,5,21
230023160,05/14/2023 07:45:00 PM,SEVEN LOCKS RD,PEDESTRIAN,Clear,DRY,Daylight,N/A,PEDESTRIAN,Other,OTHER,OTHER,No,Suspected Serious Injury,N/A,39.009145,-77.159735,2023,5,19
230023157,05/14/2023 07:30:00 PM,GEORGIA AVE,PEDESTRIAN,Clear,DRY,Daylight,N/A,PEDESTRIAN,Cross/Enter at Intersection,NO IMPROPER ACTIONS,ON ROADWAY AT CROSSWALK,No,Possible Minor Injury,N/A,39.05595164,-77.04984942,2023,5,19
230022947,05/13/2023 09:15:00 AM,GEORGIA AVE,BICYCLIST,Cloudy,DRY,Daylight,N/A,BICYCLIST,Cross/Enter at Intersection,NO IMPROPER ACTIONS,ON ROADWAY AT CROSSWALK,No,Possible Minor Injury,NONE,39.08445267,-77.07783433,2023,5,9
230022865,05/12/2023 06:13:00 PM,FLOWER AVE,PEDESTRIAN,Clear,DRY,Daylight,UNKNOWN,PEDESTRIAN,Cross/Enter at Intersection,NO IMPROPER ACTIONS,ON ROADWAY AT CROSSWALK,No,Possible Minor Injury,NONE,39.027421,-77.00449083,2023,5,18
230022852,05/12/2023 05:00:00 PM,STEDWICK RD,PEDESTRIAN,Clear,DRY,Daylight,N/A,PEDESTRIAN,Cross/Enter not at Intersection,UNKNOWN,ON ROADWAY NOT AT CROSSWALK,No,Possible Minor Injury,N/A,39.17096343,-77.21288113,2023,5,17
230022690,05/11/2023 07:00:00 PM,NA,PEDESTRIAN,Clear,NA,Daylight,NONE DETECTED,PEDESTRIAN,Other,UNKNOWN,SIDEWALK,No,Possible Minor Injury,N/A,39.17183167,-77.204945,2023,5,19
230022456,05/10/2023 05:01:00 PM,E GUDE DR,PEDESTRIAN,Clear,DRY,Daylight,NONE DETECTED,PEDESTRIAN,Walking/Cycling on Sidewalk,NO IMPROPER ACTIONS,SIDEWALK,No,Possible Minor Injury,N/A,39.09669446,-77.1353897,2023,5,17
230022402,05/10/2023 01:37:00 PM,DEXTER AVE,PEDESTRIAN,Clear,DRY,Daylight,NONE DETECTED,PEDESTRIAN,Cross/Enter at Intersection,UNKNOWN,AT INTERSECTION BUT NO CROSSWALK,No,Possible Minor Injury,NONE,39.02221,-77.04522833,2023,5,13
230022377,05/10/2023 11:18:00 AM,NA,PEDESTRIAN,Clear,NA,Daylight,NONE DETECTED,PEDESTRIAN,Other,OTHER,OTHER,Unknown,Possible Minor Injury,NONE,39.2026889,-77.08683038,2023,5,11
230022332,05/10/2023 06:29:00 AM,CONNECTICUT AVE,PEDESTRIAN,Cloudy,DRY,Daylight,NONE DETECTED,PEDESTRIAN,Cross/Enter not at Intersection,DART DASH,ON ROADWAY NOT AT CROSSWALK,Yes,Possible Minor Injury,NONE,39.03380833,-77.07521817,2023,5,6
230022301,05/09/2023 08:53:00 PM,WISTERIA DR,PEDESTRIAN,Clear,DRY,Medium,NONE DETECTED,PEDESTRIAN,Cross/Enter not at Intersection,DART DASH,ON ROADWAY NOT AT CROSSWALK,Yes,Fatal Injury,NONE,39.17123833,-77.26280833,2023,5,20
230022284,05/09/2023 05:12:00 PM,NA,PEDESTRIAN,Clear,NA,Daylight,UNKNOWN,PEDESTRIAN,Other,NO IMPROPER ACTIONS,OTHER,No,Possible Minor Injury,NONE,39.08122983,-77.14816817,2023,5,17
230022252,05/09/2023 04:41:00 PM,16TH ST,PEDESTRIAN,Clear,DRY,Daylight,N/A,PEDESTRIAN,Cross/Enter not at Intersection,NO IMPROPER ACTIONS,ON ROADWAY AT CROSSWALK,No,Possible Minor Injury,N/A,38.99910196,-77.03988722,2023,5,16
230022157,05/09/2023 07:43:00 AM,EAST WEST HWY (W/B COUPLET),BICYCLIST,Clear,DRY,Daylight,NONE DETECTED,BICYCLIST,Cross/Enter at Intersection,NO IMPROPER ACTIONS,AT INTERSECTION MARKED CROSSWALK,No,Possible Minor Injury,NONE,38.98502108,-77.09101622,2023,5,7
230022087,05/08/2023 09:00:00 PM,KING FARM BLVD,PEDESTRIAN,Clear,DRY,Medium,N/A,PEDESTRIAN,Cross/Enter at Intersection,NO IMPROPER ACTIONS,SIDEWALK,No,Possible Minor Injury,NONE,39.11353231,-77.17281194,2023,5,21
230022085,05/08/2023 08:04:00 PM,KEMP MILL RD,BICYCLIST,Clear,DRY,Medium,UNKNOWN,BICYCLIST,Cross/Enter at Intersection,NO IMPROPER ACTIONS,SIDEWALK,No,Possible Minor Injury,MC/BIKE HELMET,39.04602409,-77.03221547,2023,5,20
230022066,05/08/2023 07:15:00 PM,VEIRS MILL RD,MACHINE OPERATOR/RIDER,Clear,DRY,Daylight,NONE DETECTED,MACHINE OPERATOR/RIDER,Cross/Enter at Intersection,DART DASH,ON ROADWAY NOT AT CROSSWALK,Yes,No Apparent Injury,MC/BIKE HELMET,39.08179583,-77.146098,2023,5,19
230022004,05/08/2023 03:37:00 PM,FENTON ST,BICYCLIST,Clear,DRY,Daylight,NONE DETECTED,BICYCLIST,Cross/Enter at Intersection,NO IMPROPER ACTIONS,ON ROADWAY AT CROSSWALK,No,Possible Minor Injury,MC/BIKE HELMET,38.98881588,-77.02395068,2023,5,15
230022030,05/08/2023 11:30:00 AM,JONES BRIDGE RD,BICYCLIST,Clear,DRY,Daylight,UNKNOWN,BICYCLIST,Cross/Enter at Intersection,NO IMPROPER ACTIONS,IN BIKEWAY,No,Possible Minor Injury,UNKNOWN,39.00025213,-77.08010321,2023,5,11
230021542,05/05/2023 02:14:00 PM,FENTON ST,PEDESTRIAN,Clear,DRY,Daylight,NONE DETECTED,PEDESTRIAN,Unknown,INATTENTIVE,SHOULDER,Yes,Possible Minor Injury,NONE,38.99058156,-77.02389591,2023,5,14
230021426,05/04/2023 07:35:00 PM,UNIVERSITY BLVD W,BICYCLIST,Clear,DRY,Medium,NONE DETECTED,BICYCLIST,Walking/Riding against Traffic,FAILURE TO YIELD RIGHT OF WAY,ON ROADWAY NOT AT CROSSWALK,Yes,Possible Minor Injury,MC/BIKE HELMET,39.04027667,-77.055605,2023,5,19
230021112,05/03/2023 10:15:00 AM,ROYAL RD,PEDESTRIAN,Clear,DRY,Daylight,NONE DETECTED,PEDESTRIAN,Cross/Enter not at Intersection,DART DASH,ON ROADWAY NOT AT CROSSWALK,No,Possible Minor Injury,NONE,39.02655898,-76.98563193,2023,5,10
230021049,05/02/2023 09:18:00 PM,CLUB HOUSE RD,PEDESTRIAN,Clear,WET,Dark,NONE DETECTED,PEDESTRIAN,Cross/Enter at Intersection,NO IMPROPER ACTIONS,ON ROADWAY AT CROSSWALK,No,Possible Minor Injury,NONE,39.17443167,-77.20546167,2023,5,21
230021013,05/02/2023 05:40:00 PM,FLEET ST,BICYCLIST,Rain,WET,Daylight,NONE DETECTED,BICYCLIST,Cross/Enter at Intersection,NO IMPROPER ACTIONS,AT INTERSECTION MARKED CROSSWALK,No,Possible Minor Injury,MC/BIKE HELMET,39.080116,-77.14711414,2023,5,17
230020963,05/02/2023 10:00:00 AM,NEW HAMPSHIRE AVE,PEDESTRIAN,Clear,DRY,Daylight,NONE DETECTED,PEDESTRIAN,Cross/Enter at Intersection,UNKNOWN,ON ROADWAY AT CROSSWALK,Unknown,Possible Minor Injury,N/A,38.98799061,-76.98782723,2023,5,10
230020870,05/02/2023 05:52:00 AM,PINEY BRANCH RD,PEDESTRIAN,Clear,DRY,Medium,NONE DETECTED,PEDESTRIAN,Cross/Enter at Intersection,N/A,ON ROADWAY AT CROSSWALK,No,Possible Minor Injury,NONE,38.99371605,-77.00914387,2023,5,5
230020804,05/01/2023 04:04:00 PM,HATHAWAY DR,BICYCLIST,Clear,DRY,Daylight,NONE DETECTED,BICYCLIST,Cross/Enter at Intersection,DART DASH,SIDEWALK,Yes,Possible Minor Injury,NONE,39.07481467,-77.0458985,2023,5,16
230020545,04/30/2023 11:46:00 PM,GEORGIA AVE,BICYCLIST,Clear,DRY,Medium,N/A,BICYCLIST,Cross/Enter at Intersection,NO IMPROPER ACTIONS,AT INTERSECTION MARKED CROSSWALK,No,Suspected Serious Injury,MC/BIKE HELMET,38.98469765,-77.0264628,2023,4,23
23020465,04/29/2023 12:41:00 PM,FARRAGUT AVE,BICYCLIST,Cloudy,DRY,Daylight,NONE DETECTED,BICYCLIST,Walking/Riding against Traffic,WRONG WAY RIDING OR WALKING,ON ROADWAY AT CROSSWALK,Unknown,Possible Minor Injury,MC/BIKE HELMET,39.031870670000004,-77.07538083,2023,4,12
230020386,04/28/2023 08:29:00 PM,LOCKWOOD DR,PEDESTRIAN,Rain,WET,Medium,N/A,PEDESTRIAN,Cross/Enter at Intersection,N/A,ON ROADWAY AT CROSSWALK,No,Possible Minor Injury,N/A,39.0396955,-76.99084211,2023,4,20
230020293,04/28/2023 12:20:00 PM,ELTON RD,PEDESTRIAN,Rain,WET,Medium,N/A,PEDESTRIAN,Other,NO IMPROPER ACTIONS,ON ROADWAY AT CROSSWALK,No,Suspected Serious Injury,N/A,39.01970738,-76.97459518,2023,4,12
230020245,04/28/2023 05:32:00 AM,CONNECTICUT AVE,PEDESTRIAN,Rain,WET,Medium,NONE DETECTED,PEDESTRIAN,Cross/Enter at Intersection,DART DASH,ON ROADWAY AT CROSSWALK,Yes,Possible Minor Injury,NONE,39.22816667,-77.428785,2023,4,5
230020229,04/27/2023 11:45:00 PM,RIDGE RD,BICYCLIST,Clear,DRY,Medium,NONE DETECTED,BICYCLIST,Walking/Riding w/Traffic,NOT VISIBLE,OUTSIDE RIGHT OF WAY,Yes,Possible Minor Injury,NONE,39.1983498,-77.2618043,2023,4,23
230020219,04/27/2023 09:35:00 PM,ROCKVILLE PIKE,BICYCLIST,Clear,DRY,Medium,NONE DETECTED,BICYCLIST,Cross/Enter at Intersection,NO IMPROPER ACTIONS,ON ROADWAY AT CROSSWALK,No,Possible Minor Injury,NONE,39.06428133,-77.12619411,2023,4,21
230020118,04/27/2023 11:31:00 AM,NA,PEDESTRIAN,Cloudy,NA,Daylight,NONE DETECTED,PEDESTRIAN,Cross/Enter not at Intersection,NO IMPROPER ACTIONS,OTHER,No,Possible Minor Injury,N/A,39.1517915,-77.06752,2023,4,11
230020104,04/27/2023 10:28:00 AM,FALLSGROVE BLVD,PEDESTRIAN,Clear,DRY,Daylight,NONE DETECTED,PEDESTRIAN,Unknown,IN ROADWAY IMPROPERLY,SHOULDER,Yes,Suspected Serious Injury,N/A,39.09667353,-77.19366236,2023,4,10
230019854,04/25/2023 10:10:00 PM,HUNGERFORD DR,PEDESTRIAN,Clear,DRY,Medium,N/A,PEDESTRIAN,Standing,NO IMPROPER ACTIONS,INSIDE BUILDING,No,Possible Minor Injury,N/A,39.1035149,-77.1566645,2023,4,22
230019807,04/25/2023 04:37:00 PM,NA,PEDESTRIAN,Clear,NA,Daylight,NONE DETECTED,PEDESTRIAN,Standing,NO IMPROPER ACTIONS,OTHER,No,Possible Minor Injury,NONE,39.1261727,-77.18230353,2023,4,16
230019535,04/24/2023 11:50:00 AM,RUGBY AVE,PEDESTRIAN,Clear,DRY,Daylight,NONE DETECTED,PEDESTRIAN,Other,IN ROADWAY IMPROPERLY,SIDEWALK,Yes,Possible Minor Injury,NONE,38.991275,-77.09777667,2023,4,11
230019346,04/23/2023 03:05:00 AM,EISENHOWER MEMORIAL HWY,PEDESTRIAN,Clear,DRY,Medium,"N/A, NONE DETECTED",PEDESTRIAN,Push/Work on Vehicle,DISABLED VEHICLE RELATED,OTHER,No,Possible Minor Injury,NONE,39.08079833,-77.17058167,2023,4,3
230019306,04/22/2023 08:15:00 PM,OLD GEORGETOWN RD,OTHER CONVEYANCE,Clear,DRY,Medium,N/A,OTHER CONVEYANCE,Cross/Enter at Intersection,FAILURE TO YIELD RIGHT OF WAY,ON ROADWAY AT CROSSWALK,Yes,Possible Minor Injury,NONE,38.98929133,-77.10160883,2023,4,20
230019203,04/22/2023 10:10:00 AM,LELAND ST,BICYCLIST,Clear,DRY,Daylight,N/A,BICYCLIST,Cross/Enter at Intersection,FAILURE TO OBEY TRAFFIC SIGNS SIGNALS OR OFFICER,ON ROADWAY NOT AT CROSSWALK,Yes,Possible Minor Injury,MC/BIKE HELMET,38.9851545,-77.08398083,2023,4,10
230019019,04/21/2023 10:25:00 AM,NA,PEDESTRIAN,Clear,NA,Daylight,NONE DETECTED,PEDESTRIAN,Unknown,UNKNOWN,OTHER,No,Possible Minor Injury,NONE,39.1568452,-77.21297352,2023,4,10
230017981,04/20/2023 01:31:00 PM,NA,PEDESTRIAN,Rain,NA,Daylight,NONE DETECTED,PEDESTRIAN,Other,INATTENTIVE,OTHER,No,Possible Minor Injury,N/A,39.10313304,-77.07544506,2023,4,13
230018871,04/20/2023 12:29:00 PM,NA,MACHINE OPERATOR/RIDER,Clear,NA,Daylight,NONE DETECTED,MACHINE OPERATOR/RIDER,Cross/Enter not at Intersection,OTHER,ON ROADWAY NOT AT CROSSWALK,Yes,Possible Minor Injury,NONE,38.99948617,-77.00157117,2023,4,12
230018823,04/20/2023 07:47:00 AM,GILBERT ST,PEDESTRIAN,Clear,DRY,Daylight,NONE DETECTED,PEDESTRIAN,Cross/Enter not at Intersection,NO IMPROPER ACTIONS,ON ROADWAY NOT AT CROSSWALK,No,Possible Minor Injury,NONE,38.997769,-76.99675733,2023,4,7
230018793,04/19/2023 09:00:00 PM,BAUER DR,PEDESTRIAN,Clear,DRY,Medium,NONE DETECTED,PEDESTRIAN,Cross/Enter at Intersection,NOT VISIBLE,AT INTERSECTION BUT NO CROSSWALK,No,Possible Minor Injury,LIGHTING,39.0960701,-77.1098676,2023,4,21
230018766,04/19/2023 06:30:00 PM,GALWAY DR,PEDESTRIAN,Clear,DRY,Daylight,NONE DETECTED,PEDESTRIAN,Playing,DART DASH,ON ROADWAY NOT AT CROSSWALK,Unknown,Possible Minor Injury,N/A,39.06375167,-76.94507,2023,4,18
230018683,04/19/2023 12:20:00 PM,LONGDRAFT RD,BICYCLIST,Clear,DRY,Daylight,NONE DETECTED,BICYCLIST,Cross/Enter at Intersection,NO IMPROPER ACTIONS,ON ROADWAY AT CROSSWALK,No,Possible Minor Injury,NONE,39.13353467,-77.244827,2023,4,12
230018503,04/18/2023 03:34:00 PM,HALPINE RD,PEDESTRIAN,Clear,DRY,Daylight,NONE DETECTED,PEDESTRIAN,Cross/Enter at Intersection,NO IMPROPER ACTIONS,ON ROADWAY AT CROSSWALK,No,Possible Minor Injury,NONE,39.06092196,-77.12576469,2023,4,15
230018372,04/17/2023 08:35:00 PM,FOREST GLEN RD,PEDESTRIAN,Clear,DRY,Medium,NONE DETECTED,PEDESTRIAN,Cross/Enter at Intersection,NO IMPROPER ACTIONS,ON ROADWAY AT CROSSWALK,No,Possible Minor Injury,NONE,39.03450883,-77.011285,2023,4,20
230018247,04/17/2023 09:00:00 AM,WISCONSIN AVE,PEDESTRIAN,Clear,DRY,Daylight,NONE DETECTED,PEDESTRIAN,Walking/Riding against Traffic,IN ROADWAY IMPROPERLY,ON ROADWAY NOT AT CROSSWALK,Yes,Possible Minor Injury,NONE,38.98991,-77.10287667,2023,4,9
230018175,04/16/2023 07:05:00 PM,ELM ST,PEDESTRIAN,Clear,DRY,Daylight,N/A,PEDESTRIAN,Cross/Enter at Intersection,NO IMPROPER ACTIONS,ON ROADWAY AT CROSSWALK,No,Possible Minor Injury,N/A,38.982098,-77.09860583,2023,4,19
230018104,04/16/2023 09:01:00 AM,LAYHILL RD,BICYCLIST,Clear,DRY,Daylight,NONE DETECTED,BICYCLIST,Cross/Enter at Intersection,NO IMPROPER ACTIONS,ON ROADWAY AT CROSSWALK,No,Possible Minor Injury,MC/BIKE HELMET,39.0691727,-77.0455124,2023,4,9
230018092,04/16/2023 08:02:00 AM,NA,PEDESTRIAN,Clear,NA,Daylight,NONE DETECTED,PEDESTRIAN,Other Working,NO IMPROPER ACTIONS,OTHER,No,Possible Minor Injury,NONE,39.07744483,-77.079981,2023,4,8
230018017,04/15/2023 06:03:00 PM,NA,PEDESTRIAN,Clear,NA,Daylight,N/A,PEDESTRIAN,Standing,NO IMPROPER ACTIONS,CURB,No,Possible Minor Injury,N/A,39.02129667,-77.01142583,2023,4,18
230017988,04/15/2023 01:58:00 PM,DARNESTOWN RD,BICYCLIST,Cloudy,DRY,Daylight,NONE DETECTED,BICYCLIST,Cross/Enter not at Intersection,IN ROADWAY IMPROPERLY,ON ROADWAY NOT AT CROSSWALK,Yes,Possible Minor Injury,NONE,39.11770833,-77.25185833,2023,4,13
230017984,04/15/2023 01:30:00 PM,NA,OTHER PEDALCYCLIST,Cloudy,NA,Daylight,N/A,OTHER PEDALCYCLIST,Playing,DART DASH,OTHER,No,Suspected Serious Injury,NONE,39.07925908,-77.06372679,2023,4,13
230017943,04/15/2023 08:23:00 AM,BALTIMORE RD,PEDESTRIAN,Cloudy,WET,Daylight,NONE DETECTED,PEDESTRIAN,Cross/Enter at Intersection,NO IMPROPER ACTIONS,ON ROADWAY AT CROSSWALK,No,Possible Minor Injury,N/A,39.08465867,-77.136484,2023,4,8
230017911,04/15/2023 12:05:00 AM,BOUIC AVE,PEDESTRIAN,Clear,DRY,Medium,NONE DETECTED,PEDESTRIAN,Cross/Enter at Intersection,NO IMPROPER ACTIONS,AT INTERSECTION MARKED CROSSWALK,No,Possible Minor Injury,NONE,39.06121417,-77.120909,2023,4,0
230017708,04/13/2023 07:20:00 PM,ROCKVILLE PIKE,BICYCLIST,Clear,DRY,Daylight,NONE DETECTED,BICYCLIST,Cross/Enter at Intersection,NO IMPROPER ACTIONS,AT INTERSECTION MARKED CROSSWALK,No,Possible Minor Injury,NONE,39.05889667,-77.12131667,2023,4,19
230017836,04/13/2023 06:26:00 PM,NA,OTHER CONVEYANCE,Clear,NA,Daylight,UNKNOWN,OTHER CONVEYANCE,Walking/Riding against Traffic,NO IMPROPER ACTIONS,DRIVEWAY ACCESS MARKED CROSSWALK,No,No Apparent Injury,N/A,39.07665858,-77.13902785,2023,4,18
230017128,04/12/2023 04:35:00 PM,NA,MACHINE OPERATOR/RIDER,Clear,NA,Daylight,UNKNOWN,MACHINE OPERATOR/RIDER,Other,N/A,SIDEWALK,No,Possible Minor Injury,NONE,39.0806183,-77.08060149,2023,4,16
230017399,04/12/2023 09:40:00 AM,NA,PEDESTRIAN,Clear,NA,Daylight,NONE DETECTED,PEDESTRIAN,Standing,UNKNOWN,OTHER,Unknown,Possible Minor Injury,N/A,39.18890517,-77.19099817,2023,4,9
230017338,04/11/2023 09:02:00 PM,MAIDEN LA,PEDESTRIAN,Clear,DRY,Medium,NONE DETECTED,PEDESTRIAN,Walking/Riding w/Traffic,NO IMPROPER ACTIONS,SHOULDER,No,Possible Minor Injury,NONE,38.98575316,-77.11819636,2023,4,21
230017107,04/10/2023 04:21:00 PM,MUNCASTER MILL RD,PEDESTRIAN,Clear,DRY,Daylight,NONE DETECTED,PEDESTRIAN,Cross/Enter not at Intersection,FAILURE TO YIELD RIGHT OF WAY,ON ROADWAY AT CROSSWALK,Yes,Suspected Serious Injury,NONE,39.13764511,-77.12946041,2023,4,16
230016925,04/09/2023 01:07:00 PM,NA,PEDESTRIAN,Clear,NA,Daylight,NONE DETECTED,PEDESTRIAN,Cross/Enter at Intersection,NO IMPROPER ACTIONS,ON ROADWAY AT CROSSWALK,No,No Apparent Injury,NONE,38.99175733,-77.03182517,2023,4,13
230016953,04/07/2023 08:30:00 PM,TECH RD,PEDESTRIAN,Clear,DRY,Dark,UNKNOWN,PEDESTRIAN,Cross/Enter at Intersection,FAILURE TO OBEY TRAFFIC SIGNS SIGNALS OR OFFICER,ON ROADWAY AT CROSSWALK,No,Possible Minor Injury,NONE,39.0558866,-76.96647616,2023,4,20
230016670,04/07/2023 05:35:00 PM,RIDGE RD,OTHER CONVEYANCE,Clear,DRY,Daylight,NONE DETECTED,OTHER CONVEYANCE,Cross/Enter not at Intersection,IN ROADWAY IMPROPERLY,ON ROADWAY NOT AT CROSSWALK,Yes,Possible Minor Injury,NONE,39.2046074,-77.24557975,2023,4,17
230016525,04/06/2023 08:50:00 PM,MASSACHUSETTS AVE,PEDESTRIAN,Rain,WET,Medium,N/A,PEDESTRIAN,Cross/Enter not at Intersection,FAILURE TO YIELD RIGHT OF WAY,ON ROADWAY NOT AT CROSSWALK,Yes,Possible Minor Injury,N/A,38.950496,-77.101668,2023,4,20
230016518,04/06/2023 08:10:00 PM,8600 FLOWER AVE,PEDESTRIAN,Rain,WET,Medium,N/A,PEDESTRIAN,Other,IN ROADWAY IMPROPERLY,ON ROADWAY NOT AT CROSSWALK,Yes,Possible Minor Injury,NONE,38.99753973,-77.00336459,2023,4,20
230016511,04/06/2023 07:00:00 PM,HOPKINS RD,BICYCLIST,Cloudy,WET,Daylight,NONE DETECTED,BICYCLIST,Cross/Enter at Intersection,FAILURE TO YIELD RIGHT OF WAY,AT INTERSECTION MARKED CROSSWALK,Yes,Possible Minor Injury,NONE,39.16925087,-77.282943650000007,2023,4,19
230016400,04/06/2023 07:54:00 AM,CHAPMAN AVE,PEDESTRIAN,Clear,DRY,Daylight,NONE DETECTED,PEDESTRIAN,Standing,NO IMPROPER ACTIONS,OTHER,No,No Apparent Injury,REFLECTIVE CLOTHING,39.06272944,-77.1223989,2023,4,7
230015777,04/02/2023 12:53:00 PM,NA,PEDESTRIAN,Clear,NA,Daylight,NONE DETECTED,PEDESTRIAN,Cross/Enter not at Intersection,NO IMPROPER ACTIONS,ON ROADWAY NOT AT CROSSWALK,No,Possible Minor Injury,NONE,38.99206833,-77.03204,2023,4,12
230015684,04/01/2023 04:56:00 PM,NA,PEDESTRIAN,Clear,NA,Daylight,UNKNOWN,PEDESTRIAN,Standing,IN ROADWAY IMPROPERLY,OTHER,No,Possible Minor Injury,NONE,39.03936487,-77.02629433,2023,4,16
230015640,04/01/2023 12:11:00 PM,W GUDE DR,BICYCLIST,Rain,WET,Daylight,N/A,BICYCLIST,Walking/Riding w/Traffic,NO IMPROPER ACTIONS,OTHER,No,Possible Minor Injury,MC/BIKE HELMET,39.10612783,-77.16937517,2023,4,12
230015429,03/30/2023 09:04:00 PM,QUINCE ORCHARD RD,PEDESTRIAN,Clear,DRY,Medium,NONE DETECTED,PEDESTRIAN,Cross/Enter at Intersection,IN ROADWAY IMPROPERLY,ON ROADWAY NOT AT CROSSWALK,Yes,Suspected Serious Injury,NONE,39.14799243,-77.21799047,2023,3,21
230014903,03/28/2023 07:05:00 AM,UNIVERSITY BLVD E,PEDESTRIAN,Clear,DRY,Medium,NONE DETECTED,PEDESTRIAN,Cross/Enter at Intersection,NO IMPROPER ACTIONS,ON ROADWAY AT CROSSWALK,No,Possible Minor Injury,N/A,39.01215753,-77.00266355,2023,3,7
230014856,03/27/2023 08:12:00 PM,NA,OTHER PEDALCYCLIST,Clear,NA,Medium,NONE DETECTED,OTHER PEDALCYCLIST,Walking/Cycling on Sidewalk,NO IMPROPER ACTIONS,SIDEWALK,No,Possible Minor Injury,NONE,39.05836333,-77.04811333,2023,3,20
230014759,03/27/2023 11:40:00 AM,NA,PEDESTRIAN,Cloudy,NA,Daylight,NONE DETECTED,PEDESTRIAN,Standing,NO IMPROPER ACTIONS,OTHER,No,Possible Minor Injury,NONE,39.02534749,-77.12782794,2023,3,11
230014639,03/26/2023 05:05:00 PM,PERSIMMON TREE RD,BICYCLIST,Clear,DRY,Daylight,N/A,BICYCLIST,Cross/Enter at Intersection,OTHER,OTHER,Yes,Possible Minor Injury,MC/BIKE HELMET,38.99770667,-77.18886933,2023,3,17
230014499,03/25/2023 06:00:00 PM,GEORGIA AVE,PEDESTRIAN,Cloudy,WET,Daylight,NONE DETECTED,PEDESTRIAN,Cross/Enter at Intersection,DART DASH,ON ROADWAY AT CROSSWALK,No,Possible Minor Injury,NONE,39.055404,-77.050068,2023,3,18
230014414,03/25/2023 09:30:00 AM,CLUB HOUSE RD,PEDESTRIAN,Rain,WET,Daylight,NONE DETECTED,PEDESTRIAN,Cross/Enter at Intersection,NO IMPROPER ACTIONS,ON ROADWAY AT CROSSWALK,No,Possible Minor Injury,N/A,39.17253667,-77.20127667,2023,3,9
23000541,03/25/2023 09:00:00 AM,KENSINGTON PKWY,PEDESTRIAN,Rain,WET,Daylight,N/A,PEDESTRIAN,Cross/Enter at Intersection,NO IMPROPER ACTIONS,AT INTERSECTION MARKED CROSSWALK,No,Possible Minor Injury,UNKNOWN,39.01012092,-77.07385623,2023,3,9
230014394,03/25/2023 01:47:00 AM,COLUMBIA PIKE,PEDESTRIAN,Rain,WET,Medium,N/A,PEDESTRIAN,Walking/Riding w/Traffic,IN ROADWAY IMPROPERLY,ON ROADWAY NOT AT CROSSWALK,Yes,Fatal Injury,N/A,39.03240511,-77.00350933,2023,3,1
230014721,03/25/2023 01:46:00 AM,COLUMBIA PIKE,PEDESTRIAN,Rain,WET,Medium,NONE DETECTED,PEDESTRIAN,Walking/Riding w/Traffic,IN ROADWAY IMPROPERLY,ON ROADWAY NOT AT CROSSWALK,Yes,Possible Minor Injury,N/A,39.03234576,-77.00357021,2023,3,1
230014325,03/24/2023 05:32:00 PM,FREDERICK RD,PEDESTRIAN,Rain,WET,Daylight,N/A,PEDESTRIAN,Cross/Enter not at Intersection,IN ROADWAY IMPROPERLY,ON ROADWAY NOT AT CROSSWALK,Yes,Possible Minor Injury,NONE,39.15096333,-77.20979,2023,3,17
230014198,03/24/2023 07:45:00 AM,FLEET ST,PEDESTRIAN,Rain,WET,Medium,NONE DETECTED,PEDESTRIAN,Walking to/from school,NO IMPROPER ACTIONS,ON ROADWAY AT CROSSWALK,No,Possible Minor Injury,NONE,39.0800635,-77.14846033,2023,3,7
230014193,03/24/2023 06:30:00 AM,CLUB HOUSE RD,PEDESTRIAN,Rain,WET,Dark,UNKNOWN,PEDESTRIAN,Cross/Enter at Intersection,NO IMPROPER ACTIONS,ON ROADWAY AT CROSSWALK,No,Possible Minor Injury,N/A,39.17462517,-77.203767,2023,3,6
23001411,03/23/2023 05:35:00 PM,NA,PEDESTRIAN,Clear,NA,Daylight,NONE DETECTED,PEDESTRIAN,Walking/Riding against Traffic,NO IMPROPER ACTIONS,MEDIAN,No,Possible Minor Injury,NONE,39.00006806,-76.9922138,2023,3,17
230014096,03/23/2023 04:20:00 PM,GEORGIA AVE,PEDESTRIAN,Clear,DRY,Daylight,NONE DETECTED,PEDESTRIAN,Cross/Enter at Intersection,NO IMPROPER ACTIONS,ON ROADWAY AT CROSSWALK,No,Possible Minor Injury,NONE,39.03819,-77.05083,2023,3,16
230013949,03/22/2023 10:15:00 AM,HUNGERFORD DR,PEDESTRIAN,Clear,DRY,Daylight,N/A,PEDESTRIAN,Cross/Enter not at Intersection,IN ROADWAY IMPROPERLY,OUTSIDE RIGHT OF WAY,Yes,Possible Minor Injury,N/A,39.1010152,-77.15471508,2023,3,10
230013787,03/21/2023 09:51:00 PM,SHADY GROVE RD,BICYCLIST,Clear,DRY,Medium,UNKNOWN,BICYCLIST,Walking/Riding w/Traffic,NO IMPROPER ACTIONS,ON ROADWAY NOT AT CROSSWALK,No,Possible Minor Injury,NONE,39.13441178,-77.15753169,2023,3,21
230013744,03/21/2023 05:02:00 PM,MONTICELLO AVE,PEDESTRIAN,Clear,DRY,Daylight,N/A,PEDESTRIAN,Other,DART DASH,OTHER,Yes,Possible Minor Injury,N/A,39.039985,-77.02712667,2023,3,17
230013727,03/21/2023 04:03:00 PM,KEYSTONE AVE,PEDESTRIAN,Clear,DRY,Daylight,NONE DETECTED,PEDESTRIAN,Cross/Enter not at Intersection,INATTENTIVE,ON ROADWAY NOT AT CROSSWALK,Yes,Possible Minor Injury,NONE,38.99212326,-77.10298094,2023,3,16
230013623,03/21/2023 06:56:00 AM,ROTHBURY DR,PEDESTRIAN,Clear,DRY,Medium,NONE DETECTED,PEDESTRIAN,Cross/Enter at Intersection,NO IMPROPER ACTIONS,ON ROADWAY AT CROSSWALK,No,Possible Minor Injury,N/A,39.18499833,-77.193835000000007,2023,3,6
230013578,03/20/2023 08:04:00 PM,LAMBERTON DR,OTHER CONVEYANCE,Clear,DRY,Medium,NONE DETECTED,OTHER CONVEYANCE,Cross/Enter not at Intersection,IN ROADWAY IMPROPERLY,ON ROADWAY NOT AT CROSSWALK,Yes,Possible Minor Injury,NONE,39.04451936,-77.02255646,2023,3,20
230013540,03/20/2023 04:56:00 PM,NICHOLSON LA,PEDESTRIAN,Clear,DRY,Daylight,N/A,PEDESTRIAN,Cross/Enter at Intersection,NO IMPROPER ACTIONS,ON ROADWAY AT CROSSWALK,No,Possible Minor Injury,N/A,39.04462667,-77.11313167,2023,3,16
220013427,03/20/2023 10:14:00 AM,NA,PEDESTRIAN,Clear,NA,Daylight,NONE DETECTED,PEDESTRIAN,Standing,INATTENTIVE,OTHER,No,Possible Minor Injury,NONE,39.06915948,-77.129731520000007,2023,3,10
230013407,03/20/2023 08:14:00 AM,NORTH GATE DR,PEDESTRIAN,Clear,DRY,Daylight,NONE DETECTED,PEDESTRIAN,Cross/Enter at Intersection,NO IMPROPER ACTIONS,ON ROADWAY AT CROSSWALK,No,Possible Minor Injury,NONE,39.09040688,-77.05123322,2023,3,8
230013348,03/19/2023 05:07:00 PM,NA,PEDESTRIAN,Clear,NA,Daylight,NONE DETECTED,PEDESTRIAN,Walking/Cycling on Sidewalk,NO IMPROPER ACTIONS,SIDEWALK,No,Possible Minor Injury,N/A,39.12989667,-77.18639,2023,3,17
230013065,03/17/2023 07:56:00 PM,NA,PEDESTRIAN,Clear,NA,Medium,NONE DETECTED,PEDESTRIAN,Playing,DART DASH,OTHER,Yes,Possible Minor Injury,NONE,38.99953537,-77.20114463,2023,3,19
230012994,03/17/2023 02:15:00 PM,NA,OTHER,Rain,NA,Daylight,NONE DETECTED,OTHER,Unknown,NO IMPROPER ACTIONS,INSIDE BUILDING,No,No Apparent Injury,NONE,39.17951317,-77.0652365,2023,3,14
230012837,03/16/2023 03:31:00 PM,NA,PEDESTRIAN,Clear,NA,Daylight,N/A,PEDESTRIAN,N/A,IN ROADWAY IMPROPERLY,ON ROADWAY NOT AT CROSSWALK,Yes,Possible Minor Injury,N/A,38.99089667,-77.02791833,2023,3,15
230012796,03/16/2023 01:28:00 PM,COLUMBIA PIKE,PEDESTRIAN,Clear,DRY,Daylight,NONE DETECTED,PEDESTRIAN,Cross/Enter at Intersection,FAILURE TO OBEY TRAFFIC SIGNS SIGNALS OR OFFICER,ON ROADWAY AT CROSSWALK,Yes,Fatal Injury,NONE,39.04653583,-76.98675402,2023,3,13
230012730,03/16/2023 06:32:00 AM,TECH RD,PEDESTRIAN,Clear,DRY,Medium,NONE DETECTED,PEDESTRIAN,Cross/Enter at Intersection,NO IMPROPER ACTIONS,ON ROADWAY AT CROSSWALK,No,Possible Minor Injury,NONE,39.05830545,-76.96872152,2023,3,6
230012601,03/15/2023 12:10:00 PM,RANDOLPH RD,PEDESTRIAN,Clear,DRY,Daylight,NONE DETECTED,PEDESTRIAN,Cross/Enter not at Intersection,IN ROADWAY IMPROPERLY,ON ROADWAY NOT AT CROSSWALK,Yes,Possible Minor Injury,NONE,39.06667415,-77.01958235,2023,3,12
230012269,03/14/2023 03:12:00 PM,NA,PEDESTRIAN,Clear,NA,Daylight,NONE DETECTED,PEDESTRIAN,Getting off/on Vehicle,OTHER,OTHER,Yes,Suspected Serious Injury,N/A,39.05478663,-77.11541242,2023,3,15
230012380,03/14/2023 08:57:00 AM,WILD OLIVE DR,BICYCLIST,Clear,DRY,Daylight,NONE DETECTED,BICYCLIST,Walking/Riding w/Traffic,NO IMPROPER ACTIONS,ON ROADWAY NOT AT CROSSWALK,No,Possible Minor Injury,MC/BIKE HELMET,39.05452817,-77.1751345,2023,3,8
230012338,03/13/2023 06:45:00 PM,DOXDAM TERR,PEDESTRIAN,Clear,DRY,Daylight,UNKNOWN,PEDESTRIAN,Cross/Enter at Intersection,NO IMPROPER ACTIONS,ON ROADWAY NOT AT CROSSWALK,No,No Apparent Injury,NONE,39.19930469,-77.24274173,2023,3,18
230012265,03/13/2023 02:50:00 PM,WOODFIELD RD,PEDESTRIAN,Cloudy,DRY,Daylight,NONE DETECTED,PEDESTRIAN,Other Working,NO IMPROPER ACTIONS,ON ROADWAY AT CROSSWALK,No,Possible Minor Injury,N/A,39.28815667,-77.20185167,2023,3,14
230012144,03/12/2023 08:00:00 PM,VEIRS MILL RD,PEDESTRIAN,Rain,WET,Medium,NONE DETECTED,PEDESTRIAN,Cross/Enter not at Intersection,IN ROADWAY IMPROPERLY,ON ROADWAY NOT AT CROSSWALK,Yes,Possible Minor Injury,NONE,39.03957783,-77.05484,2023,3,20
230012087,03/12/2023 11:42:00 AM,UNIVERSITY BLVD W,PEDESTRIAN,Clear,DRY,Daylight,NONE DETECTED,PEDESTRIAN,Walking/Riding against Traffic,IN ROADWAY IMPROPERLY,ON ROADWAY NOT AT CROSSWALK,Yes,Possible Minor Injury,NONE,39.05821733,-77.04855467,2023,3,11
230011836,03/10/2023 05:28:00 PM,PINEY BRANCH RD,PEDESTRIAN,Rain,WET,Medium,NONE DETECTED,PEDESTRIAN,Cross/Enter at Intersection,INATTENTIVE,ON ROADWAY AT CROSSWALK,Yes,Possible Minor Injury,NONE,38.99156667,-77.010095,2023,3,17
230011069,03/09/2023 03:36:00 PM,LAYHILL RD,PEDESTRIAN,Clear,DRY,Daylight,NONE DETECTED,PEDESTRIAN,Cross/Enter not at Intersection,IN ROADWAY IMPROPERLY,ON ROADWAY NOT AT CROSSWALK,Yes,Suspected Serious Injury,N/A,39.09076333,-77.04522667,2023,3,15
230011465,03/08/2023 07:41:00 PM,GEORGIA AVE,PEDESTRIAN,Clear,DRY,Medium,UNKNOWN,PEDESTRIAN,Cross/Enter at Intersection,NO IMPROPER ACTIONS,AT INTERSECTION MARKED CROSSWALK,No,Possible Minor Injury,N/A,38.99594489,-77.02803686,2023,3,19
230011235,03/07/2023 05:15:00 PM,GEORGIA AVE,PEDESTRIAN,Clear,DRY,Daylight,NONE DETECTED,PEDESTRIAN,Cross/Enter at Intersection,NO IMPROPER ACTIONS,ON ROADWAY AT CROSSWALK,No,Possible Minor Injury,NONE,39.0529,-77.05126667,2023,3,17
230011087,03/06/2023 07:15:00 PM,CONNECTICUT AVE,PEDESTRIAN,Clear,DRY,Medium,NONE DETECTED,PEDESTRIAN,Cross/Enter not at Intersection,IN ROADWAY IMPROPERLY,ON ROADWAY NOT AT CROSSWALK,Yes,Possible Minor Injury,NONE,38.99981583,-77.08142567,2023,3,19
230010987,03/06/2023 10:48:00 AM,NA,PEDESTRIAN,Clear,NA,Daylight,"NONE DETECTED, UNKNOWN",PEDESTRIAN,Standing,NO IMPROPER ACTIONS,OTHER,No,Possible Minor Injury,NONE,39.05456667,-76.95594333,2023,3,10
230010912,03/05/2023 08:15:00 PM,VEIRS MILL RD,PEDESTRIAN,Clear,DRY,Medium,NONE DETECTED,PEDESTRIAN,Cross/Enter at Intersection,DART DASH,ON ROADWAY AT CROSSWALK,Yes,Possible Minor Injury,NONE,39.07491545,-77.11553743,2023,3,20
230010764,03/04/2023 03:00:00 PM,NEW HAMPSHIRE AVE,PEDESTRIAN,Clear,DRY,Daylight,N/A,PEDESTRIAN,Cross/Enter at Intersection,DART DASH,ON ROADWAY NOT AT CROSSWALK,Yes,No Apparent Injury,N/A,38.97536398,-76.99407758,2023,3,15
230010738,03/03/2023 11:45:00 PM,NA,PEDESTRIAN,Cloudy,NA,Medium,UNKNOWN,PEDESTRIAN,Other,OTHER,OTHER,No,Possible Minor Injury,NONE,39.09186046,-77.04556559,2023,3,23
230010623,03/03/2023 08:25:00 PM,WISCONSIN AVE,PEDESTRIAN,Rain,WET,Medium,ALCOHOL PRESENT,PEDESTRIAN,Cross/Enter at Intersection,NO IMPROPER ACTIONS,ON ROADWAY AT CROSSWALK,No,Possible Minor Injury,NONE,38.977025,-77.09094833,2023,3,20
230014350,03/03/2023 07:30:00 PM,RANDOLPH RD,PEDESTRIAN,Rain,WET,Dark,NONE DETECTED,PEDESTRIAN,Cross/Enter not at Intersection,NO IMPROPER ACTIONS,ON ROADWAY AT CROSSWALK,No,Possible Minor Injury,NONE,39.0582115,-77.05016422,2023,3,19
230010609,03/03/2023 06:30:00 PM,ELLINGTON BLVD.,PEDESTRIAN,Rain,WET,Medium,N/A,PEDESTRIAN,Cross/Enter at Intersection,N/A,ON ROADWAY AT CROSSWALK,No,No Apparent Injury,N/A,39.11439167,-77.20553,2023,3,18
230010609,03/03/2023 06:30:00 PM,ELLINGTON BLVD.,PEDESTRIAN,Rain,WET,Medium,N/A,PEDESTRIAN,Cross/Enter at Intersection,N/A,ON ROADWAY AT CROSSWALK,No,Possible Minor Injury,NONE,39.11439167,-77.20553,2023,3,18
230010608,03/03/2023 06:26:00 PM,LIVINGSTON ST,PEDESTRIAN,Rain,WET,Medium,N/A,PEDESTRIAN,Cross/Enter at Intersection,NO IMPROPER ACTIONS,AT INTERSECTION MARKED CROSSWALK,No,Possible Minor Injury,NONE,39.05828415,-77.05535679,2023,3,18
230010066,02/28/2023 06:25:00 PM,FIELDS RD,OTHER,Clear,DRY,Medium,NONE DETECTED,OTHER,Cross/Enter at Intersection,UNKNOWN,AT INTERSECTION MARKED CROSSWALK,Unknown,Possible Minor Injury,NONE,39.11574885,-77.20397746,2023,2,18
230010054,02/28/2023 05:57:00 PM,REDLAND RD,PEDESTRIAN,Clear,DRY,Medium,NONE DETECTED,PEDESTRIAN,Cross/Enter at Intersection,NO IMPROPER ACTIONS,ON ROADWAY AT CROSSWALK,No,Possible Minor Injury,NONE,39.11932767,-77.16091183,2023,2,17
230009955,02/28/2023 11:25:00 AM,NA,PEDESTRIAN,Cloudy,NA,Daylight,N/A,PEDESTRIAN,Cross/Enter at Intersection,NO IMPROPER ACTIONS,AT INTERSECTION MARKED CROSSWALK,No,Possible Minor Injury,N/A,39.05585868,-77.11690217,2023,2,11
230009921,02/28/2023 08:04:00 AM,OLD COLUMBIA PIKE,PEDESTRIAN,Clear,DRY,Daylight,UNKNOWN,PEDESTRIAN,Cross/Enter at Intersection,NO IMPROPER ACTIONS,ON ROADWAY AT CROSSWALK,No,Possible Minor Injury,NONE,39.09572245,-76.94611098,2023,2,8
230009852,02/27/2023 07:13:00 PM,PINEY BRANCH RD,PEDESTRIAN,Rain,WET,Medium,NONE DETECTED,PEDESTRIAN,Cross/Enter at Intersection,NO IMPROPER ACTIONS,ON ROADWAY AT CROSSWALK,No,Possible Minor Injury,NONE,38.99978642,-76.99526053,2023,2,19
230009853,02/27/2023 07:13:00 PM,WISCONSIN AVE,PEDESTRIAN,Rain,WET,Medium,N/A,PEDESTRIAN,Cross/Enter at Intersection,NO IMPROPER ACTIONS,AT INTERSECTION MARKED CROSSWALK,No,Possible Minor Injury,NONE,38.99124667,-77.09745,2023,2,19
230009723,02/27/2023 09:09:00 AM,NA,PEDESTRIAN,Clear,NA,Daylight,NONE DETECTED,PEDESTRIAN,Other,N/A,OTHER,No,Possible Minor Injury,N/A,39.17291517,-77.26506767,2023,2,9
230009627,02/26/2023 01:41:00 PM,RAMP 6 FR RP 3 (FR MD200 EB) TO MD97 SB,BICYCLIST,Clear,DRY,Daylight,NONE DETECTED,BICYCLIST,Walking/Riding w/Traffic,NO IMPROPER ACTIONS,ON ROADWAY NOT AT CROSSWALK,No,Possible Minor Injury,MC/BIKE HELMET,39.117673,-77.07472367,2023,2,13
230009185,02/23/2023 08:03:00 PM,EISENHOWER MEMORIAL HWY,PEDESTRIAN,Clear,DRY,Medium,N/A,PEDESTRIAN,Cross/Enter at Intersection,DART DASH,AT INTERSECTION MARKED CROSSWALK,Yes,Possible Minor Injury,NONE,39.15665167,-77.22439167,2023,2,20
230009174,02/23/2023 07:07:00 PM,POWDER MILL RD,PEDESTRIAN,Clear,DRY,Medium,NONE DETECTED,PEDESTRIAN,Cross/Enter not at Intersection,IN ROADWAY IMPROPERLY,ON ROADWAY NOT AT CROSSWALK,Yes,Possible Minor Injury,NONE,39.02376984,-76.97305845,2023,2,19
230009164,02/23/2023 05:36:00 PM,FIELDS RD,PEDESTRIAN,Clear,DRY,Medium,N/A,PEDESTRIAN,Standing,NO IMPROPER ACTIONS,OTHER,No,Possible Minor Injury,N/A,39.11561247,-77.20505528,2023,2,17
230008946,02/22/2023 04:12:00 PM,NA,PEDESTRIAN,Clear,NA,Daylight,NONE DETECTED,PEDESTRIAN,Walking/Riding w/Traffic,NO IMPROPER ACTIONS,OTHER,No,Possible Minor Injury,N/A,39.180255,-77.269395,2023,2,16
230008774,02/21/2023 05:57:00 PM,LELAND ST,BICYCLIST,Clear,DRY,Medium,N/A,BICYCLIST,Cross/Enter at Intersection,INATTENTIVE,ON ROADWAY NOT AT CROSSWALK,Yes,Possible Minor Injury,MC/BIKE HELMET,38.98602833,-77.06831167,2023,2,17
230008585,02/20/2023 07:19:00 PM,16TH ST,PEDESTRIAN,Clear,DRY,Medium,N/A,PEDESTRIAN,Cross/Enter not at Intersection,IN ROADWAY IMPROPERLY,ON ROADWAY NOT AT CROSSWALK,Yes,Possible Minor Injury,N/A,38.9959094,-77.03649502,2023,2,19
230008437,02/19/2023 08:00:00 PM,VEIRS MILL RD,PEDESTRIAN,Clear,DRY,Medium,NONE DETECTED,PEDESTRIAN,Cross/Enter not at Intersection,DART DASH,ON ROADWAY NOT AT CROSSWALK,Yes,Possible Minor Injury,NONE,39.07491545,-77.11553743,2023,2,20
230008282,02/18/2023 05:26:00 PM,NA,PEDESTRIAN,Clear,NA,Medium,N/A,PEDESTRIAN,Cross/Enter not at Intersection,INATTENTIVE,ON ROADWAY NOT AT CROSSWALK,Yes,Possible Minor Injury,NONE,39.12809544,-77.20585604,2023,2,17
230008265,02/18/2023 12:58:00 PM,NA,PEDESTRIAN,Clear,NA,Daylight,UNKNOWN,PEDESTRIAN,Standing,NO IMPROPER ACTIONS,OTHER,No,Possible Minor Injury,NONE,39.15315485,-77.06413118,2023,2,12
230007853,02/16/2023 12:06:00 PM,BURNT MILLS AVE,PEDESTRIAN,Cloudy,WET,Daylight,N/A,PEDESTRIAN,Walking/Riding against Traffic,NO IMPROPER ACTIONS,AT INTERSECTION BUT NO CROSSWALK,No,Possible Minor Injury,NONE,39.03697667,-77.00340167,2023,2,12
230007596,02/14/2023 08:36:00 PM,S SUMMIT AVE,PEDESTRIAN,Clear,DRY,Medium,NONE DETECTED,PEDESTRIAN,Cross/Enter at Intersection,FAILURE TO OBEY TRAFFIC SIGNS SIGNALS OR OFFICER,AT INTERSECTION BUT NO CROSSWALK,Yes,Possible Minor Injury,N/A,39.14194667,-77.19340167,2023,2,20
230007561,02/14/2023 05:33:00 PM,ROCKVILLE PIKE,OTHER CONVEYANCE,Clear,DRY,Daylight,NONE DETECTED,OTHER CONVEYANCE,Cross/Enter at Intersection,NO IMPROPER ACTIONS,AT INTERSECTION MARKED CROSSWALK,No,Possible Minor Injury,NONE,39.06965167,-77.13047,2023,2,17
230007543,02/14/2023 04:34:00 PM,WOOTTON PKWY,PEDESTRIAN,Clear,DRY,Daylight,NONE DETECTED,PEDESTRIAN,Cross/Enter not at Intersection,DART DASH,ON ROADWAY NOT AT CROSSWALK,Yes,Possible Minor Injury,NONE,39.0837375,-77.15342333,2023,2,16
230007320,02/13/2023 03:49:00 PM,RANDOLPH RD,PEDESTRIAN,Clear,DRY,Daylight,NONE DETECTED,PEDESTRIAN,Cross/Enter at Intersection,NO IMPROPER ACTIONS,ON ROADWAY AT CROSSWALK,No,Possible Minor Injury,N/A,39.05625874,-77.0825617,2023,2,15
230007232,02/13/2023 09:40:00 AM,GOSHEN RD,PEDESTRIAN,Clear,WET,Daylight,NONE DETECTED,PEDESTRIAN,Standing,NO IMPROPER ACTIONS,SIDEWALK,No,Suspected Serious Injury,NONE,39.18786333,-77.187085,2023,2,9
230007388,02/12/2023 06:00:00 PM,CARROLL AVE,PEDESTRIAN,Rain,WET,Medium,N/A,PEDESTRIAN,Cross/Enter at Intersection,UNKNOWN,ON ROADWAY AT CROSSWALK,Unknown,Possible Minor Injury,N/A,38.99994443,-76.99078522,2023,2,18
230006873,02/10/2023 05:12:00 PM,CARROLL AVE,PEDESTRIAN,Clear,DRY,Daylight,N/A,PEDESTRIAN,Cross/Enter not at Intersection,DART DASH,ON ROADWAY NOT AT CROSSWALK,Yes,Possible Minor Injury,N/A,38.97856121,-77.00566701,2023,2,17
230006620,02/09/2023 12:30:00 PM,OLD RANDOLPH RD,BICYCLIST,Cloudy,DRY,Daylight,NONE DETECTED,BICYCLIST,Walking/Riding against Traffic,WRONG WAY RIDING OR WALKING,SHOULDER,Yes,Possible Minor Injury,MC/BIKE HELMET,39.0644735,-77.02918233,2023,2,12
230006564,02/09/2023 08:43:00 AM,GEORGIA AVE,PEDESTRIAN,Cloudy,DRY,Daylight,NONE DETECTED,PEDESTRIAN,Cross/Enter at Intersection,DART DASH,AT INTERSECTION MARKED CROSSWALK,Yes,Possible Minor Injury,N/A,39.06029753,-77.05097211,2023,2,8
230006544,02/09/2023 06:26:00 AM,ROCKVILLE PIKE,PEDESTRIAN,Cloudy,DRY,Medium,NONE DETECTED,PEDESTRIAN,Cross/Enter at Intersection,INATTENTIVE,ON ROADWAY AT CROSSWALK,Yes,Possible Minor Injury,NONE,39.0474655,-77.1129135,2023,2,6
230006362,02/08/2023 10:05:00 AM,WASHINGTONIAN BLVD,PEDESTRIAN,Clear,DRY,Daylight,N/A,PEDESTRIAN,Other,OTHER,OTHER,Unknown,Possible Minor Injury,REFLECTIVE CLOTHING,39.11813701,-77.20631658,2023,2,10
230006362,02/08/2023 10:05:00 AM,WASHINGTONIAN BLVD,PEDESTRIAN,Clear,DRY,Daylight,N/A,PEDESTRIAN,Other,OTHER,SHOULDER,Unknown,No Apparent Injury,N/A,39.11813701,-77.20631658,2023,2,10
230006310,02/07/2023 10:06:00 PM,16TH ST,PEDESTRIAN,Clear,DRY,Medium,NONE DETECTED,PEDESTRIAN,Cross/Enter not at Intersection,NO IMPROPER ACTIONS,ON ROADWAY AT CROSSWALK,No,Suspected Serious Injury,N/A,38.99510224,-77.036345,2023,2,22
230006172,02/07/2023 08:35:00 AM,WISCONSIN AVE,PEDESTRIAN,Clear,WET,Daylight,NONE DETECTED,PEDESTRIAN,Cross/Enter at Intersection,NO IMPROPER ACTIONS,ON ROADWAY AT CROSSWALK,No,Possible Minor Injury,N/A,38.98354667,-77.09405167,2023,2,8
230005934,02/05/2023 07:37:00 PM,GEORGIA AVE,PEDESTRIAN,Clear,DRY,Medium,NONE DETECTED,PEDESTRIAN,Cross/Enter not at Intersection,IN ROADWAY IMPROPERLY,ON ROADWAY NOT AT CROSSWALK,Yes,Fatal Injury,N/A,39.078885,-77.07246167,2023,2,19
230005668,02/03/2023 08:13:00 PM,MIDDLEBROOK RD,PEDESTRIAN,Cloudy,DRY,Medium,N/A,PEDESTRIAN,Cross/Enter at Intersection,FAILURE TO YIELD RIGHT OF WAY,AT INTERSECTION MARKED CROSSWALK,No,Possible Minor Injury,NONE,39.183033,-77.29010017,2023,2,20
230005579,02/03/2023 12:45:00 PM,NA,PEDESTRIAN,Clear,NA,Daylight,NONE DETECTED,PEDESTRIAN,Other,NO IMPROPER ACTIONS,OTHER,No,Possible Minor Injury,NONE,39.11339,-77.18479283,2023,2,12
230005507,02/02/2023 08:58:00 PM,BRADLEY LA,BICYCLIST,Clear,DRY,Medium,NONE DETECTED,BICYCLIST,Walking/Riding w/Traffic,N/A,ON ROADWAY AT CROSSWALK,Unknown,Possible Minor Injury,MC/BIKE HELMET,38.97710467,-77.09101133,2023,2,20
230005439,02/02/2023 03:10:00 PM,VEIRS MILL RD,PEDESTRIAN,Clear,DRY,Daylight,NONE DETECTED,PEDESTRIAN,Cross/Enter at Intersection,INATTENTIVE,ON ROADWAY AT CROSSWALK,No,Possible Minor Injury,NONE,39.04844671,-77.06927326,2023,2,15
230005382,02/02/2023 09:00:00 AM,S CAMPUS DR,PEDESTRIAN,Clear,DRY,Daylight,NONE DETECTED,PEDESTRIAN,Cross/Enter not at Intersection,DART DASH,ON ROADWAY NOT AT CROSSWALK,Yes,No Apparent Injury,NONE,39.09637809,-77.15823874,2023,2,9
230005368,02/02/2023 06:48:00 AM,PINEY BRANCH RD,PEDESTRIAN,Clear,DRY,Medium,NONE DETECTED,PEDESTRIAN,Cross/Enter at Intersection,UNKNOWN,ON ROADWAY AT CROSSWALK,No,Possible Minor Injury,NONE,38.98916667,-77.01190833,2023,2,6
230005339,02/01/2023 08:08:00 PM,PHILADELPHIA AVE,PEDESTRIAN,Clear,DRY,Medium,N/A,PEDESTRIAN,Cross/Enter at Intersection,UNKNOWN,AT INTERSECTION MARKED CROSSWALK,No,Possible Minor Injury,NONE,38.98672742,-77.02150401,2023,2,20
230005347,02/01/2023 07:40:00 PM,MONTGOMERY VILLAGE AVE,PEDESTRIAN,Clear,DRY,Medium,NONE DETECTED,PEDESTRIAN,Cross/Enter at Intersection,UNKNOWN,ON ROADWAY AT CROSSWALK,Unknown,Fatal Injury,NONE,39.17288383,-77.203517,2023,2,19
230005206,02/01/2023 09:45:00 AM,MUDDY BRANCH RD,PEDESTRIAN,Clear,DRY,Daylight,NONE DETECTED,PEDESTRIAN,Cross/Enter at Intersection,NO IMPROPER ACTIONS,AT INTERSECTION BUT NO CROSSWALK,No,Possible Minor Injury,N/A,39.12896292,-77.20577262,2023,2,9
230005127,01/31/2023 05:35:00 PM,OMEGA DR,PEDESTRIAN,Rain,WET,Medium,NONE DETECTED,PEDESTRIAN,Cross/Enter not at Intersection,DART DASH,ON ROADWAY NOT AT CROSSWALK,Yes,Possible Minor Injury,NONE,39.10871833,-77.19306417,2023,1,17
230005127,01/31/2023 05:35:00 PM,OMEGA DR,PEDESTRIAN,Rain,WET,Medium,NONE DETECTED,PEDESTRIAN,Cross/Enter not at Intersection,DART DASH,ON ROADWAY NOT AT CROSSWALK,Yes,Possible Minor Injury,NONE,39.10871833,-77.19306417,2023,1,17
230005096,01/31/2023 03:30:00 PM,ROCKVILLE PIKE,PEDESTRIAN,Clear,DRY,Daylight,N/A,PEDESTRIAN,Cross/Enter at Intersection,NO IMPROPER ACTIONS,AT INTERSECTION MARKED CROSSWALK,No,Possible Minor Injury,N/A,39.00177117,-77.05545783,2023,1,15
230005086,01/31/2023 01:00:00 PM,GEORGIA AVE,PEDESTRIAN,Rain,WET,Daylight,NONE DETECTED,PEDESTRIAN,Cross/Enter at Intersection,NO IMPROPER ACTIONS,ON ROADWAY AT CROSSWALK,No,Possible Minor Injury,NONE,38.9983479,-77.0305945,2023,1,13
230004805,01/30/2023 06:30:00 AM,NA,PEDESTRIAN,Clear,NA,Medium,NONE DETECTED,PEDESTRIAN,Other,FAILURE TO YIELD RIGHT OF WAY,OTHER,Yes,Possible Minor Injury,N/A,39.12764833,-77.16462333,2023,1,6
230004760,01/29/2023 06:26:00 PM,LOCKWOOD DR,BICYCLIST,Clear,WET,Medium,NONE DETECTED,BICYCLIST,Cross/Enter at Intersection,FAILURE TO OBEY TRAFFIC SIGNS SIGNALS OR OFFICER,AT INTERSECTION MARKED CROSSWALK,Yes,Possible Minor Injury,NONE,39.03965516,-76.99090693,2023,1,18
230004458,01/27/2023 01:30:00 PM,ROCKVILLE PIKE,PEDESTRIAN,Clear,N/A,Daylight,N/A,PEDESTRIAN,Walking/Riding w/Traffic,N/A,OTHER,No,Possible Minor Injury,N/A,39.0839455,-77.15342883,2023,1,13
230004325,01/26/2023 04:18:00 PM,FLOWER HILL WAY,PEDESTRIAN,Clear,DRY,Daylight,NONE DETECTED,PEDESTRIAN,Cross/Enter at Intersection,NO IMPROPER ACTIONS,ON ROADWAY AT CROSSWALK,No,Possible Minor Injury,NONE,39.16172543,-77.17262688,2023,1,16
230004285,01/26/2023 01:36:00 PM,NA,PEDESTRIAN,Cloudy,NA,Daylight,UNKNOWN,PEDESTRIAN,Other,NO IMPROPER ACTIONS,OTHER,No,No Apparent Injury,NONE,39.07652084,-77.13802343,2023,1,13
230004207,01/26/2023 07:18:00 AM,WISTERIA DR,PEDESTRIAN,Clear,WET,Daylight,NONE DETECTED,PEDESTRIAN,Cross/Enter at Intersection,NO IMPROPER ACTIONS,ON ROADWAY AT CROSSWALK,No,Possible Minor Injury,NONE,39.16670087,-77.25934287,2023,1,7
230004201,01/26/2023 06:45:00 AM,CONNECTICUT AVE,PEDESTRIAN,Cloudy,WET,Medium,N/A,PEDESTRIAN,Walking to/from school,NO IMPROPER ACTIONS,ON ROADWAY AT CROSSWALK,No,Possible Minor Injury,NONE,39.06365833,-77.07338667,2023,1,6
230004200,01/26/2023 06:25:00 AM,CRYSTAL ROCK DR,PEDESTRIAN,Clear,WET,Dark,NONE DETECTED,PEDESTRIAN,Cross/Enter at Intersection,NOT VISIBLE,ON ROADWAY AT CROSSWALK,No,Possible Minor Injury,NONE,39.17916533,-77.26167533,2023,1,6
230004189,01/25/2023 09:00:00 PM,MONTGOMERY VILLAGE AVE,PEDESTRIAN,Rain,WET,Dark,UNKNOWN,PEDESTRIAN,Cross/Enter at Intersection,UNKNOWN,ON ROADWAY AT CROSSWALK,No,Possible Minor Injury,NONE,39.15806039,-77.20414207,2023,1,21
230004121,01/25/2023 03:13:00 PM,WOODMONT AVE,PEDESTRIAN,Cloudy,WET,Daylight,UNKNOWN,PEDESTRIAN,Cross/Enter at Intersection,NO IMPROPER ACTIONS,ON ROADWAY AT CROSSWALK,No,Suspected Serious Injury,NONE,38.98224667,-77.09599333,2023,1,15
230003988,01/24/2023 08:52:00 PM,DALEWOOD DR,PEDESTRIAN,Clear,DRY,Medium,NONE DETECTED,PEDESTRIAN,Cross/Enter at Intersection,NO IMPROPER ACTIONS,ON ROADWAY AT CROSSWALK,No,Possible Minor Injury,N/A,39.0919575,-77.06938833,2023,1,20
230003968,01/24/2023 07:05:00 PM,NORMANDY CROSSING DR,PEDESTRIAN,Clear,DRY,Medium,NONE DETECTED,PEDESTRIAN,Cross/Enter at Intersection,NO IMPROPER ACTIONS,ON ROADWAY NOT AT CROSSWALK,No,Possible Minor Injury,NONE,39.10208817,-77.05068733,2023,1,19
230003846,01/24/2023 08:04:00 AM,WISCONSIN AVE,PEDESTRIAN,Clear,DRY,Daylight,NONE DETECTED,PEDESTRIAN,Cross/Enter not at Intersection,DART DASH,ON ROADWAY NOT AT CROSSWALK,Yes,Possible Minor Injury,NONE,38.98892487,-77.09526238,2023,1,8
230003845,01/24/2023 07:58:00 AM,BRADLEY BLVD,OTHER,Clear,DRY,Daylight,NONE DETECTED,OTHER,Standing,NO IMPROPER ACTIONS,AT INTERSECTION BUT NO CROSSWALK,No,Possible Minor Injury,REFLECTIVE CLOTHING,38.99493133,-77.12397233,2023,1,7
230003647,01/23/2023 07:02:00 AM,CRABBS BRANCH WAY,PEDESTRIAN,Rain,WET,Dark,NONE DETECTED,PEDESTRIAN,Cross/Enter at Intersection,NO IMPROPER ACTIONS,ON ROADWAY AT CROSSWALK,No,Suspected Serious Injury,N/A,39.11650667,-77.15667333,2023,1,7
230003616,01/22/2023 08:20:00 PM,ROCKVILLE PIKE,PEDESTRIAN,Rain,WET,Medium,NONE DETECTED,PEDESTRIAN,Cross/Enter at Intersection,NO IMPROPER ACTIONS,AT INTERSECTION MARKED CROSSWALK,No,Possible Minor Injury,NONE,39.06137667,-77.12393,2023,1,20
230003416,01/21/2023 10:54:00 AM,SHADY GROVE RD,PEDESTRIAN,Clear,DRY,Daylight,N/A,PEDESTRIAN,Cross/Enter at Intersection,NO IMPROPER ACTIONS,AT INTERSECTION MARKED CROSSWALK,No,Possible Minor Injury,UNKNOWN,39.093945,-77.19595167,2023,1,10
230003334,01/20/2023 06:58:00 PM,NA,PEDESTRIAN,Clear,NA,Medium,UNKNOWN,PEDESTRIAN,Walking/Cycling on Sidewalk,NO IMPROPER ACTIONS,AT INTERSECTION BUT NO CROSSWALK,No,Possible Minor Injury,NONE,39.154036670000004,-77.19976667,2023,1,18
230003198,01/20/2023 08:47:00 AM,E JEFFERSON ST,PEDESTRIAN,Clear,DRY,Daylight,NONE DETECTED,PEDESTRIAN,Cross/Enter at Intersection,NO IMPROPER ACTIONS,ON ROADWAY AT CROSSWALK,No,Possible Minor Injury,NONE,39.08212167,-77.15105667,2023,1,8
230003196,01/20/2023 08:44:00 AM,CORDELL AVE,PEDESTRIAN,Clear,DRY,Daylight,NONE DETECTED,PEDESTRIAN,Walking/Riding w/Traffic,NO IMPROPER ACTIONS,AT INTERSECTION MARKED CROSSWALK,No,Possible Minor Injury,NONE,38.99080487,-77.09643951,2023,1,8
230003047,01/19/2023 12:01:00 PM,MIDDLEBROOK RD,PEDESTRIAN,Cloudy,WET,Daylight,NONE DETECTED,PEDESTRIAN,Cross/Enter at Intersection,NO IMPROPER ACTIONS,ON ROADWAY AT CROSSWALK,No,Possible Minor Injury,NONE,39.174774,-77.259127,2023,1,12
230002915,01/18/2023 05:00:00 PM,CEDAR LA,PEDESTRIAN,Cloudy,DRY,Daylight,NONE DETECTED,PEDESTRIAN,Walking/Cycling on Sidewalk,NO IMPROPER ACTIONS,AT INTERSECTION MARKED CROSSWALK,No,Possible Minor Injury,NONE,39.00801735,-77.09457666,2023,1,17
230002795,01/18/2023 08:02:00 AM,WELLER RD,BICYCLIST,Clear,DRY,Daylight,NONE DETECTED,BICYCLIST,Cross/Enter at Intersection,NO IMPROPER ACTIONS,AT INTERSECTION BUT NO CROSSWALK,No,Possible Minor Injury,NONE,39.063475,-77.0725245,2023,1,8
230002745,01/17/2023 08:13:00 PM,PATTON DR,PEDESTRIAN,Clear,DRY,Medium,UNKNOWN,PEDESTRIAN,Cross/Enter at Intersection,NO IMPROPER ACTIONS,ON ROADWAY AT CROSSWALK,No,Possible Minor Injury,NONE,39.00256455,-76.99565913,2023,1,20
230002189,01/13/2023 11:15:00 PM,GEORGIA AVE,PEDESTRIAN,Clear,DRY,Medium,NONE DETECTED,PEDESTRIAN,Cross/Enter at Intersection,UNKNOWN,ON ROADWAY AT CROSSWALK,Unknown,No Apparent Injury,N/A,39.03881,-77.05091167,2023,1,23
230002189,01/13/2023 11:15:00 PM,GEORGIA AVE,PEDESTRIAN,Clear,DRY,Medium,NONE DETECTED,PEDESTRIAN,Cross/Enter at Intersection,UNKNOWN,ON ROADWAY AT CROSSWALK,Unknown,Possible Minor Injury,N/A,39.03881,-77.05091167,2023,1,23
230002189,01/13/2023 11:15:00 PM,GEORGIA AVE,PEDESTRIAN,Clear,DRY,Medium,NONE DETECTED,PEDESTRIAN,Cross/Enter at Intersection,UNKNOWN,ON ROADWAY AT CROSSWALK,Unknown,Possible Minor Injury,N/A,39.03881,-77.05091167,2023,1,23
230002162,01/13/2023 07:30:00 PM,ASPEN HILL RD,PEDESTRIAN,Clear,DRY,Medium,NONE DETECTED,PEDESTRIAN,Cross/Enter at Intersection,UNKNOWN,ON ROADWAY AT CROSSWALK,Unknown,Possible Minor Injury,NONE,39.07911733,-77.08718417,2023,1,19
230002149,01/13/2023 05:20:00 PM,UNIVERSITY BLVD W,PEDESTRIAN,Clear,DRY,Medium,NONE DETECTED,PEDESTRIAN,Cross/Enter not at Intersection,DART DASH,ON ROADWAY NOT AT CROSSWALK,Yes,Possible Minor Injury,NONE,39.041445,-77.04847333,2023,1,17
230002041,01/13/2023 08:24:00 AM,NA,OTHER PEDALCYCLIST,Cloudy,NA,Daylight,NONE DETECTED,OTHER PEDALCYCLIST,Walking/Cycling on Sidewalk,NO IMPROPER ACTIONS,SIDEWALK,No,Possible Minor Injury,N/A,39.05806167,-77.04848667,2023,1,8
230001970,01/12/2023 06:19:00 PM,FREDERICK RD,PEDESTRIAN,Clear,WET,Medium,N/A,PEDESTRIAN,Cross/Enter at Intersection,IN ROADWAY IMPROPERLY,ON ROADWAY NOT AT CROSSWALK,Yes,Possible Minor Injury,NONE,39.11222041,-77.16190113,2023,1,18
230001808,01/12/2023 12:05:00 AM,NA,PEDESTRIAN,Rain,NA,Dark,NONE DETECTED,PEDESTRIAN,Standing,INATTENTIVE,CURB,Yes,Possible Minor Injury,NONE,39.16307192,-77.22393417,2023,1,0
230001721,01/11/2023 01:57:00 PM,NA,PEDESTRIAN,Cloudy,NA,Daylight,N/A,PEDESTRIAN,Standing,UNKNOWN,OTHER,Unknown,Possible Minor Injury,N/A,39.101803,-77.142026,2023,1,13
230001594,01/10/2023 08:02:00 PM,NA,PEDESTRIAN,Clear,NA,Medium,NONE DETECTED,PEDESTRIAN,Other,NO IMPROPER ACTIONS,OTHER,No,Possible Minor Injury,NONE,39.05735867,-77.08101134,2023,1,20
230001561,01/10/2023 05:40:00 PM,RANDOLPH RD,PEDESTRIAN,Clear,DRY,Medium,UNKNOWN,PEDESTRIAN,Cross/Enter at Intersection,FAILURE TO OBEY TRAFFIC SIGNS SIGNALS OR OFFICER,AT INTERSECTION MARKED CROSSWALK,Yes,Suspected Serious Injury,NONE,39.06641242,-77.03036487,2023,1,17
230001456,01/10/2023 07:35:00 AM,OLNEY SANDY SPRING RD,PEDESTRIAN,Clear,DRY,Daylight,UNKNOWN,PEDESTRIAN,Walking to/from school,IN ROADWAY IMPROPERLY,ON ROADWAY NOT AT CROSSWALK,Yes,Possible Minor Injury,NONE,39.14911853,-77.01700222,2023,1,7
230001275,01/09/2023 08:31:00 AM,NA,PEDESTRIAN,Clear,NA,Daylight,NONE DETECTED,PEDESTRIAN,Walking/Cycling on Sidewalk,INATTENTIVE,OTHER,No,Possible Minor Injury,N/A,39.0675126,-77.06024901,2023,1,8
230001208,01/08/2023 04:16:00 PM,NA,PEDESTRIAN,Clear,NA,Medium,N/A,PEDESTRIAN,Other,NO IMPROPER ACTIONS,N/A,No,No Apparent Injury,NONE,39.18371167,-77.26359,2023,1,16
230001120,01/07/2023 08:26:00 PM,VEIRS MILL RD,PEDESTRIAN,Clear,DRY,Medium,UNKNOWN,PEDESTRIAN,Cross/Enter not at Intersection,DART DASH,ON ROADWAY NOT AT CROSSWALK,Yes,Possible Minor Injury,N/A,39.05858248,-77.08732751,2023,1,20
230001065,01/07/2023 01:14:00 PM,VALLEY VIEW RD,PEDESTRIAN,Clear,DRY,Daylight,NONE DETECTED,PEDESTRIAN,Cross/Enter at Intersection,NO IMPROPER ACTIONS,ON ROADWAY AT CROSSWALK,No,Suspected Serious Injury,NONE,39.036815,-77.05769667,2023,1,13
230000797,01/05/2023 07:20:00 PM,NEW HAMPSHIRE AVE,PEDESTRIAN,Rain,WET,Medium,NONE DETECTED,PEDESTRIAN,Cross/Enter at Intersection,UNKNOWN,ON ROADWAY AT CROSSWALK,Unknown,Possible Minor Injury,NONE,39.021105,-76.97666,2023,1,19
230000784,01/05/2023 05:38:00 PM,BROOKVILLE RD,PEDESTRIAN,Clear,DRY,Medium,N/A,PEDESTRIAN,Walking/Cycling on Sidewalk,NO IMPROPER ACTIONS,SIDEWALK,No,Possible Minor Injury,N/A,38.99108,-77.09783,2023,1,17
230000775,01/05/2023 04:30:00 PM,SHADY GROVE RD,PEDESTRIAN,Cloudy,DRY,Daylight,NONE DETECTED,PEDESTRIAN,Cross/Enter at Intersection,UNKNOWN,ON ROADWAY AT CROSSWALK,No,Possible Minor Injury,NONE,39.12063682,-77.18038349,2023,1,16
230000696,01/05/2023 11:39:00 AM,GEORGIA AVE,PEDESTRIAN,Clear,DRY,Daylight,NONE DETECTED,PEDESTRIAN,Cross/Enter at Intersection,FAILURE TO YIELD RIGHT OF WAY,ON ROADWAY NOT AT CROSSWALK,Yes,Possible Minor Injury,NONE,39.07897383,-77.07310583,2023,1,11
230000586,01/04/2023 05:05:00 PM,TOM FOX AVE,PEDESTRIAN,Cloudy,WET,Medium,NONE DETECTED,PEDESTRIAN,Cross/Enter at Intersection,NO IMPROPER ACTIONS,ON ROADWAY AT CROSSWALK,No,Possible Minor Injury,NONE,39.1351178,-77.403698,2023,1,17
230000395,01/03/2023 06:45:00 PM,ROCKVILLE PIKE,PEDESTRIAN,Clear,WET,Medium,NONE DETECTED,PEDESTRIAN,Walking/Riding against Traffic,NO IMPROPER ACTIONS,ON ROADWAY AT CROSSWALK,No,Possible Minor Injury,N/A,39.05739905,-77.12037172,2023,1,18
220058069,12/31/2022 09:20:00 PM,NA,PEDESTRIAN,Rain,NA,Medium,NONE DETECTED,PEDESTRIAN,Walking/Riding against Traffic,NO IMPROPER ACTIONS,OTHER,Yes,Possible Minor Injury,N/A,39.089525,-77.066725,2022,12,21
220058047,12/31/2022 05:34:00 PM,STEDWICK RD,PEDESTRIAN,Rain,WET,Medium,NONE DETECTED,PEDESTRIAN,Cross/Enter at Intersection,NO IMPROPER ACTIONS,AT INTERSECTION MARKED CROSSWALK,No,Possible Minor Injury,NONE,39.17063469,-77.20885412,2022,12,17
220058048,12/31/2022 05:31:00 PM,NEW HAMPSHIRE AVE,PEDESTRIAN,Rain,WET,Medium,N/A,PEDESTRIAN,Standing,NO IMPROPER ACTIONS,AT INTERSECTION MARKED CROSSWALK,No,Suspected Serious Injury,N/A,39.03990738,-76.99052167,2022,12,17
220058048,12/31/2022 05:31:00 PM,NEW HAMPSHIRE AVE,PEDESTRIAN,Rain,WET,Medium,N/A,PEDESTRIAN,Standing,NO IMPROPER ACTIONS,AT INTERSECTION MARKED CROSSWALK,No,Possible Minor Injury,N/A,39.03990738,-76.99052167,2022,12,17
220057881,12/30/2022 03:23:00 PM,NA,PEDESTRIAN,Clear,NA,Daylight,NONE DETECTED,PEDESTRIAN,Other,NO IMPROPER ACTIONS,OTHER,No,Possible Minor Injury,NONE,39.04372333,-77.11082333,2022,12,15
220057765,12/29/2022 07:44:00 PM,OLNEY SANDY SPRING RD,BICYCLIST,Clear,DRY,Medium,NONE DETECTED,BICYCLIST,Cross/Enter at Intersection,NO IMPROPER ACTIONS,ON ROADWAY AT CROSSWALK,No,No Apparent Injury,NONE,39.15201462,-77.06429908,2022,12,19
220057586,12/28/2022 05:44:00 PM,PINEY BRANCH RD,PEDESTRIAN,Clear,DRY,Dark,NONE DETECTED,PEDESTRIAN,Cross/Enter not at Intersection,FAILURE TO YIELD RIGHT OF WAY,ON ROADWAY NOT AT CROSSWALK,Yes,Possible Minor Injury,NONE,38.99941732,-76.99638024,2022,12,17
220057586,12/28/2022 05:44:00 PM,PINEY BRANCH RD,PEDESTRIAN,Clear,DRY,Dark,NONE DETECTED,PEDESTRIAN,Cross/Enter not at Intersection,FAILURE TO OBEY TRAFFIC SIGNS SIGNALS OR OFFICER,ON ROADWAY NOT AT CROSSWALK,Yes,Possible Minor Injury,NONE,38.99941732,-76.99638024,2022,12,17
220057538,12/28/2022 02:00:00 PM,SNOUFFERS SCHOOL RD,PEDESTRIAN,Clear,DRY,Daylight,UNKNOWN,PEDESTRIAN,Cross/Enter at Intersection,NO IMPROPER ACTIONS,ON ROADWAY AT CROSSWALK,No,Possible Minor Injury,N/A,39.16250556,-77.1657427,2022,12,14
220057440,12/27/2022 05:30:00 PM,ROCKVILLE PIKE,PEDESTRIAN,Clear,DRY,Medium,UNKNOWN,PEDESTRIAN,Cross/Enter at Intersection,FAILURE TO OBEY TRAFFIC SIGNS SIGNALS OR OFFICER,ON ROADWAY AT CROSSWALK,Yes,Possible Minor Injury,NONE,39.06994533,-77.1690895,2022,12,17
220057271,12/26/2022 11:28:00 AM,CASTLE BLVD,PEDESTRIAN,Clear,DRY,Daylight,NONE DETECTED,PEDESTRIAN,Cross/Enter not at Intersection,IN ROADWAY IMPROPERLY,ON ROADWAY NOT AT CROSSWALK,Yes,Possible Minor Injury,NONE,39.08716744,-76.93998216,2022,12,11
220056894,12/22/2022 09:23:00 PM,NA,PEDESTRIAN,Rain,NA,Medium,N/A,PEDESTRIAN,Cross/Enter at Intersection,NO IMPROPER ACTIONS,ON ROADWAY AT CROSSWALK,No,Possible Minor Injury,NONE,39.14859117,-77.21005983,2022,12,21
220056863,12/22/2022 06:04:00 PM,VEIRS MILL RD,PEDESTRIAN,Rain,WET,Medium,N/A,PEDESTRIAN,Other,INATTENTIVE,ON ROADWAY NOT AT CROSSWALK,Yes,Possible Minor Injury,NONE,39.04474667,-77.06398167,2022,12,18
220056862,12/22/2022 05:54:00 PM,NA,PEDESTRIAN,Rain,NA,Medium,NONE DETECTED,PEDESTRIAN,Standing,NO IMPROPER ACTIONS,OTHER,No,Possible Minor Injury,NONE,39.03112033,-77.0041575,2022,12,17
220056813,12/22/2022 01:51:00 PM,UNIVERSITY BLVD E,PEDESTRIAN,Rain,WET,Daylight,N/A,PEDESTRIAN,Cross/Enter at Intersection,UNKNOWN,ON ROADWAY NOT AT CROSSWALK,Unknown,Possible Minor Injury,NONE,39.019375,-77.01397833,2022,12,13
220056686,12/21/2022 05:14:00 PM,REDLAND RD,BICYCLIST,Clear,DRY,Medium,NONE DETECTED,BICYCLIST,Cross/Enter at Intersection,NO IMPROPER ACTIONS,SHOULDER,No,Possible Minor Injury,LIGHTING,39.12827277,-77.14962222,2022,12,17
220056659,12/21/2022 03:54:00 PM,N LEISURE WORLD BLVD,PEDESTRIAN,Clear,DRY,Daylight,NONE DETECTED,PEDESTRIAN,Cross/Enter at Intersection,NO IMPROPER ACTIONS,ON ROADWAY AT CROSSWALK,No,Possible Minor Injury,NONE,39.10267833,-77.0732725,2022,12,15
220056645,12/21/2022 03:10:00 PM,WASHINGTONIAN BLVD,PEDESTRIAN,Clear,DRY,Daylight,NONE DETECTED,PEDESTRIAN,Cross/Enter at Intersection,NO IMPROPER ACTIONS,AT INTERSECTION MARKED CROSSWALK,Unknown,Possible Minor Injury,REFLECTIVE CLOTHING,39.11804855,-77.20324627,2022,12,15
220056642,12/21/2022 02:03:00 PM,MUDDY BRANCH RD,PEDESTRIAN,Clear,DRY,Daylight,NONE DETECTED,PEDESTRIAN,Cross/Enter at Intersection,FAILURE TO OBEY TRAFFIC SIGNS SIGNALS OR OFFICER,AT INTERSECTION MARKED CROSSWALK,Yes,Suspected Serious Injury,NONE,39.13657839,-77.20577586,2022,12,14
220056642,12/21/2022 02:03:00 PM,MUDDY BRANCH RD,PEDESTRIAN,Clear,DRY,Daylight,NONE DETECTED,PEDESTRIAN,Cross/Enter at Intersection,FAILURE TO OBEY TRAFFIC SIGNS SIGNALS OR OFFICER,AT INTERSECTION MARKED CROSSWALK,Yes,Fatal Injury,NONE,39.13657839,-77.20577586,2022,12,14
220056264,12/19/2022 04:25:00 PM,NA,PEDESTRIAN,Clear,NA,Daylight,NONE DETECTED,PEDESTRIAN,Standing,NO IMPROPER ACTIONS,SIDEWALK,No,Possible Minor Injury,NONE,39.03562333,-77.055785,2022,12,16
220055746,12/16/2022 03:03:00 PM,NA,PEDESTRIAN,Clear,NA,Daylight,NONE DETECTED,PEDESTRIAN,Other Working,NO IMPROPER ACTIONS,OTHER,No,Possible Minor Injury,REFLECTIVE CLOTHING,39.11478824,-77.2169752,2022,12,15
220055602,12/15/2022 09:30:00 PM,COLESVILLE RD,PEDESTRIAN,Rain,WET,Medium,N/A,PEDESTRIAN,Cross/Enter at Intersection,N/A,ON ROADWAY AT CROSSWALK,No,Possible Minor Injury,NONE,38.99772469,-77.02717788,2022,12,21
220055597,12/15/2022 09:16:00 PM,CEDAR LA,BICYCLIST,Rain,WET,Medium,NONE DETECTED,BICYCLIST,Cross/Enter at Intersection,NOT VISIBLE,IN BIKEWAY,Unknown,Possible Minor Injury,NONE,39.00803188,-77.09460208,2022,12,21
220055351,12/14/2022 01:53:00 PM,CONNECTICUT AVE,BICYCLIST,Cloudy,DRY,Daylight,NONE DETECTED,BICYCLIST,Other,NO IMPROPER ACTIONS,DRIVEWAY ACCESS MARKED CROSSWALK,No,Possible Minor Injury,NONE,38.991215,-77.07686333,2022,12,13
220055236,12/13/2022 09:09:00 PM,WEYMOUTH ST,PEDESTRIAN,Clear,DRY,Medium,NONE DETECTED,PEDESTRIAN,Cross/Enter at Intersection,NO IMPROPER ACTIONS,ON ROADWAY AT CROSSWALK,No,Possible Minor Injury,NONE,39.032693,-77.088495,2022,12,21
220046704,12/13/2022 06:58:00 PM,MARIGOLD LA,PEDESTRIAN,Clear,DRY,Dark,N/A,PEDESTRIAN,Standing,NO IMPROPER ACTIONS,OUTSIDE RIGHT OF WAY,Unknown,No Apparent Injury,N/A,39.0712178,-77.0437098,2022,12,18
220055194,12/13/2022 06:05:00 PM,BEALL AVE #2,PEDESTRIAN,Clear,DRY,Medium,NONE DETECTED,PEDESTRIAN,Cross/Enter at Intersection,NO IMPROPER ACTIONS,AT INTERSECTION MARKED CROSSWALK,No,Possible Minor Injury,NONE,39.0868935,-77.158811,2022,12,18
220055228,12/12/2022 03:10:00 PM,NA,PEDESTRIAN,Clear,NA,Daylight,UNKNOWN,PEDESTRIAN,Standing,NO IMPROPER ACTIONS,OTHER,Unknown,Possible Minor Injury,NONE,39.15647387,-77.21351338,2022,12,15
220054810,12/11/2022 05:15:00 PM,GOSHEN RD,PEDESTRIAN,Clear,DRY,Dark,N/A,PEDESTRIAN,Cross/Enter at Intersection,DART DASH,ON ROADWAY NOT AT CROSSWALK,Yes,Possible Minor Injury,N/A,39.18785883,-77.186636,2022,12,17
220054523,12/09/2022 07:16:00 PM,ROCKVILLE PIKE,PEDESTRIAN,Clear,DRY,Medium,NONE DETECTED,PEDESTRIAN,Cross/Enter at Intersection,N/A,SIDEWALK,No,Suspected Serious Injury,NONE,39.06182081,-77.12416018,2022,12,19
220054508,12/09/2022 01:30:00 PM,NICHOLSON LA,PEDESTRIAN,Cloudy,DRY,Daylight,UNKNOWN,PEDESTRIAN,Cross/Enter at Intersection,NO IMPROPER ACTIONS,CURB,No,Possible Minor Injury,NONE,39.04454395,-77.11195198,2022,12,13
220054325,12/08/2022 06:01:00 PM,MASSACHUSETTS AVE,PEDESTRIAN,Clear,N/A,Medium,NONE DETECTED,PEDESTRIAN,Cross/Enter at Intersection,INATTENTIVE,AT INTERSECTION MARKED CROSSWALK,No,Possible Minor Injury,REFLECTIVE CLOTHING,38.96319,-77.1212,2022,12,18
220054106,12/07/2022 04:17:00 PM,NA,MACHINE OPERATOR/RIDER,Clear,NA,Medium,NONE DETECTED,MACHINE OPERATOR/RIDER,Cross/Enter at Intersection,FAILURE TO YIELD RIGHT OF WAY,OTHER,Yes,Possible Minor Injury,NONE,39.04691333,-77.09962833,2022,12,16
220054061,12/07/2022 12:56:00 PM,NA,PEDESTRIAN,Cloudy,NA,Daylight,NONE DETECTED,PEDESTRIAN,Other,NO IMPROPER ACTIONS,OTHER,No,Possible Minor Injury,NONE,39.01824983,-77.2069875,2022,12,12
220053931,12/06/2022 06:40:00 PM,RIVER RD,OTHER,Rain,WET,Medium,NONE DETECTED,OTHER,N/A,N/A,N/A,No,No Apparent Injury,N/A,39.078879,-77.32789483,2022,12,18
220053926,12/06/2022 06:14:00 PM,NA,PEDESTRIAN,Rain,NA,Medium,NONE DETECTED,PEDESTRIAN,Walking/Riding against Traffic,NO IMPROPER ACTIONS,N/A,No,Possible Minor Injury,NONE,39.02388833,-77.124185,2022,12,18
220053567,12/04/2022 07:11:00 PM,OLNEY LAYTONSVILLE RD,OTHER CONVEYANCE,Clear,DRY,Medium,N/A,OTHER CONVEYANCE,Walking/Cycling on Sidewalk,NO IMPROPER ACTIONS,SIDEWALK,No,No Apparent Injury,NONE,39.15531333,-77.07060833,2022,12,19
220053272,12/02/2022 05:38:00 PM,CENTERHILL ST,BICYCLIST,Clear,DRY,Medium,NONE DETECTED,BICYCLIST,Cross/Enter at Intersection,NO IMPROPER ACTIONS,SIDEWALK,No,Possible Minor Injury,MC/BIKE HELMET,39.05062682,-77.07283597,2022,12,17
220053114,12/01/2022 08:41:00 PM,ROCKVILLE PIKE,PEDESTRIAN,Clear,DRY,Medium,NONE DETECTED,PEDESTRIAN,Cross/Enter not at Intersection,IN ROADWAY IMPROPERLY,ON ROADWAY NOT AT CROSSWALK,Yes,Fatal Injury,NONE,39.07110667,-77.13198833,2022,12,20
220053074,12/01/2022 05:16:00 PM,GERMANTOWN RD,PEDESTRIAN,Clear,DRY,Medium,NONE DETECTED,PEDESTRIAN,Cross/Enter not at Intersection,IN ROADWAY IMPROPERLY,ON ROADWAY NOT AT CROSSWALK,Yes,Possible Minor Injury,NONE,39.17815333,-77.26833,2022,12,17
220053012,12/01/2022 12:13:00 PM,E JEFFERSON ST,PEDESTRIAN,Clear,DRY,Daylight,NONE DETECTED,PEDESTRIAN,Cross/Enter at Intersection,NO IMPROPER ACTIONS,AT INTERSECTION MARKED CROSSWALK,No,Possible Minor Injury,N/A,39.08273505,-77.15121389,2022,12,12
220053012,12/01/2022 12:13:00 PM,E JEFFERSON ST,PEDESTRIAN,Clear,DRY,Daylight,NONE DETECTED,PEDESTRIAN,Cross/Enter at Intersection,NO IMPROPER ACTIONS,ON ROADWAY AT CROSSWALK,No,Possible Minor Injury,NONE,39.08273505,-77.15121389,2022,12,12
22002092,12/01/2022 07:37:00 AM,NA,PEDESTRIAN,Clear,NA,Daylight,UNKNOWN,PEDESTRIAN,Walking/Cycling on Sidewalk,NO IMPROPER ACTIONS,SHARED USE PATH OR TRAILS,No,Possible Minor Injury,N/A,38.97323742,-77.10135903,2022,12,7
220052964,12/01/2022 06:30:00 AM,ARROWHEAD RD,PEDESTRIAN,Clear,DRY,Medium,NONE DETECTED,PEDESTRIAN,Cross/Enter at Intersection,NO IMPROPER ACTIONS,ON ROADWAY AT CROSSWALK,No,Possible Minor Injury,NONE,39.18524,-77.19402667,2022,12,6
220052908,11/30/2022 06:30:00 PM,BRADLEY BLVD,PEDESTRIAN,Clear,N/A,Medium,NONE DETECTED,PEDESTRIAN,Cross/Enter at Intersection,N/A,ON ROADWAY AT CROSSWALK,No,Possible Minor Injury,NONE,38.97821667,-77.09348,2022,11,18
220052925,11/30/2022 05:50:00 PM,NA,PEDESTRIAN,Clear,NA,Medium,NONE DETECTED,PEDESTRIAN,Cross/Enter not at Intersection,NO IMPROPER ACTIONS,OTHER,No,Possible Minor Injury,N/A,39.015,-77.035,2022,11,17
220052897,11/30/2022 05:38:00 PM,ROCKVILLE PIKE,PEDESTRIAN,Clear,DRY,Medium,NONE DETECTED,PEDESTRIAN,Cross/Enter at Intersection,FAILURE TO YIELD RIGHT OF WAY,ON ROADWAY AT CROSSWALK,Yes,Possible Minor Injury,N/A,39.04445833,-77.11144,2022,11,17
220052795,11/30/2022 09:00:00 AM,NA,PEDESTRIAN,Rain,NA,Daylight,NONE DETECTED,PEDESTRIAN,Cross/Enter not at Intersection,NO IMPROPER ACTIONS,OTHER,No,Possible Minor Injury,NONE,38.99807317,-77.00231133,2022,11,9
220052753,11/29/2022 09:11:00 PM,MUDDY BRANCH RD,PEDESTRIAN,Clear,DRY,Medium,NONE DETECTED,PEDESTRIAN,Cross/Enter at Intersection,FAILURE TO YIELD RIGHT OF WAY,AT INTERSECTION MARKED CROSSWALK,Yes,Suspected Serious Injury,NONE,39.11522055,-77.21570262,2022,11,21
220052815,11/29/2022 08:25:00 PM,NA,PEDESTRIAN,Clear,NA,Medium,UNKNOWN,PEDESTRIAN,Other,NO IMPROPER ACTIONS,OTHER,Unknown,Possible Minor Injury,N/A,38.99654285,-77.02390009,2022,11,20
220052575,11/29/2022 06:30:00 AM,REDLAND RD,PEDESTRIAN,Clear,DRY,Medium,NONE DETECTED,PEDESTRIAN,Cross/Enter at Intersection,NO IMPROPER ACTIONS,ON ROADWAY AT CROSSWALK,No,Possible Minor Injury,N/A,39.12837017,-77.16735683,2022,11,6
220052306,11/27/2022 12:34:00 PM,MIDDLEBROOK RD,BICYCLIST,Rain,WET,Daylight,NONE DETECTED,BICYCLIST,Cross/Enter at Intersection,NO IMPROPER ACTIONS,ON ROADWAY AT CROSSWALK,No,Possible Minor Injury,N/A,39.18126833,-77.26992167,2022,11,12
220051981,11/24/2022 05:18:00 PM,QUINCE ORCHARD RD,PEDESTRIAN,Clear,DRY,Medium,N/A,PEDESTRIAN,Unknown,DART DASH,UNKNOWN,Unknown,Possible Minor Injury,NONE,39.14475985,-77.21946533,2022,11,17
220051790,11/23/2022 10:30:00 AM,DARNESTOWN RD,OTHER CONVEYANCE,Clear,DRY,Daylight,UNKNOWN,OTHER CONVEYANCE,Cross/Enter at Intersection,NO IMPROPER ACTIONS,AT INTERSECTION BUT NO CROSSWALK,No,Suspected Serious Injury,NONE,39.10139533,-77.217295,2022,11,10
220051655,11/22/2022 01:07:00 PM,OLD COLUMBIA PIKE,PEDESTRIAN,Clear,DRY,Daylight,NONE DETECTED,PEDESTRIAN,Cross/Enter at Intersection,DART DASH,AT INTERSECTION BUT NO CROSSWALK,Yes,No Apparent Injury,N/A,39.10061367,-76.94156017,2022,11,13
220051637,11/22/2022 11:30:00 AM,TRENT ST,OTHER,Clear,DRY,Daylight,NONE DETECTED,OTHER,Other,OTHER,ON ROADWAY NOT AT CROSSWALK,Unknown,Possible Minor Injury,REFLECTIVE CLOTHING,38.9646977,-77.09668001,2022,11,11
220051521,11/21/2022 04:59:00 PM,FENTON ST,PEDESTRIAN,Clear,DRY,Medium,NONE DETECTED,PEDESTRIAN,Other,DART DASH,ON ROADWAY NOT AT CROSSWALK,Yes,Possible Minor Injury,NONE,38.996625,-77.02502167,2022,11,16
220051502,11/21/2022 03:20:00 PM,PHILADELPHIA AVE,BICYCLIST,Clear,DRY,Daylight,NONE DETECTED,BICYCLIST,Cross/Enter at Intersection,N/A,AT INTERSECTION MARKED CROSSWALK,No,No Apparent Injury,N/A,38.99192361,-76.99186574,2022,11,15
220051498,11/21/2022 03:05:00 PM,CENTURY BLVD,PEDESTRIAN,Clear,DRY,Medium,NONE DETECTED,PEDESTRIAN,Cross/Enter at Intersection,NO IMPROPER ACTIONS,ON ROADWAY AT CROSSWALK,No,Suspected Serious Injury,N/A,39.18443488,-77.26033758,2022,11,15
220051496,11/21/2022 02:20:00 PM,NA,PEDESTRIAN,Clear,NA,Daylight,UNKNOWN,PEDESTRIAN,Standing,NO IMPROPER ACTIONS,INSIDE BUILDING,No,Possible Minor Injury,N/A,39.17965167,-77.239425,2022,11,14
220051496,11/21/2022 02:20:00 PM,NA,PEDESTRIAN,Clear,NA,Daylight,UNKNOWN,PEDESTRIAN,Standing,NO IMPROPER ACTIONS,INSIDE BUILDING,No,Possible Minor Injury,N/A,39.17965167,-77.239425,2022,11,14
220051496,11/21/2022 02:20:00 PM,NA,PEDESTRIAN,Clear,NA,Daylight,UNKNOWN,PEDESTRIAN,Standing,NO IMPROPER ACTIONS,INSIDE BUILDING,No,Possible Minor Injury,N/A,39.17965167,-77.239425,2022,11,14
220051457,11/21/2022 11:31:00 AM,NA,PEDESTRIAN,Clear,NA,Daylight,NONE DETECTED,PEDESTRIAN,Cross/Enter at Intersection,NO IMPROPER ACTIONS,DRIVEWAY ACCESS MARKED CROSSWALK,No,Possible Minor Injury,N/A,39.09166149,-77.15252508,2022,11,11
220051269,11/19/2022 07:54:00 PM,SLIGO AVE,PEDESTRIAN,Clear,DRY,Medium,NONE DETECTED,PEDESTRIAN,Cross/Enter at Intersection,IN ROADWAY IMPROPERLY,AT INTERSECTION BUT NO CROSSWALK,Yes,No Apparent Injury,NONE,38.99025067,-77.0258211,2022,11,19
220051243,11/19/2022 12:45:00 PM,NA,PEDESTRIAN,Clear,NA,Daylight,UNKNOWN,PEDESTRIAN,Other,NO IMPROPER ACTIONS,MIDBLOCK MARKED CROSSWALK,No,Suspected Serious Injury,N/A,39.05735433,-77.122377,2022,11,12
220051197,11/19/2022 12:39:00 PM,W PARKHILL DR,PEDESTRIAN,Clear,DRY,Daylight,NONE DETECTED,PEDESTRIAN,Getting off/on Vehicle,OTHER,ON ROADWAY NOT AT CROSSWALK,Yes,Suspected Serious Injury,REFLECTIVE CLOTHING,39.00577383,-77.09149667,2022,11,12
220051178,11/19/2022 07:45:00 AM,TWINBROOK PKWY,BICYCLIST,Clear,DRY,Daylight,NONE DETECTED,BICYCLIST,Cross/Enter at Intersection,FAILURE TO YIELD RIGHT OF WAY,AT INTERSECTION MARKED CROSSWALK,Yes,No Apparent Injury,NONE,39.05880939,-77.11901631,2022,11,7
220050990,11/18/2022 10:28:00 AM,NA,PEDESTRIAN,Clear,NA,Daylight,NONE DETECTED,PEDESTRIAN,Other,NO IMPROPER ACTIONS,OTHER,No,Possible Minor Injury,NONE,39.05816833,-76.96123833,2022,11,10
220050810,11/17/2022 08:29:00 AM,MEDICAL CENTER WAY,PEDESTRIAN,Clear,DRY,Daylight,NONE DETECTED,PEDESTRIAN,Cross/Enter at Intersection,NO IMPROPER ACTIONS,ON ROADWAY AT CROSSWALK,No,Fatal Injury,N/A,39.097410000000004,-77.19563333,2022,11,8
220050760,11/16/2022 08:30:00 PM,GEORGIA AVE,PEDESTRIAN,Clear,DRY,Medium,N/A,PEDESTRIAN,Walking/Cycling on Sidewalk,N/A,SIDEWALK,No,Possible Minor Injury,REFLECTIVE CLOTHING,39.05268545,-77.0509063,2022,11,20
220050696,11/16/2022 03:27:00 PM,NA,PEDESTRIAN,Clear,NA,Daylight,NONE DETECTED,PEDESTRIAN,Other,OTHER,OTHER,Unknown,No Apparent Injury,N/A,39.19994084,-77.2506863,2022,11,15
220050613,11/16/2022 10:41:00 AM,GEORGIA AVE,OTHER CONVEYANCE,Clear,DRY,Daylight,NONE DETECTED,OTHER CONVEYANCE,Cross/Enter at Intersection,FAILURE TO OBEY TRAFFIC SIGNS SIGNALS OR OFFICER,ON ROADWAY AT CROSSWALK,Yes,Suspected Serious Injury,NONE,38.99115,-77.02659,2022,11,10
220050558,11/15/2022 09:05:00 PM,GIRARD ST,PEDESTRIAN,Rain,WET,Medium,NONE DETECTED,PEDESTRIAN,Cross/Enter at Intersection,IN ROADWAY IMPROPERLY,ON ROADWAY NOT AT CROSSWALK,Yes,Possible Minor Injury,N/A,39.14650785,-77.18509507,2022,11,21
220050552,11/15/2022 07:10:00 PM,TRAVIS AVE,PEDESTRIAN,Rain,WET,Dark,NONE DETECTED,PEDESTRIAN,Cross/Enter at Intersection,NO IMPROPER ACTIONS,AT INTERSECTION MARKED CROSSWALK,No,Possible Minor Injury,NONE,39.16139296,-77.22251183,2022,11,19
220050528,11/15/2022 05:44:00 PM,ARROWHEAD RD,PEDESTRIAN,Rain,WET,Dark,NONE DETECTED,PEDESTRIAN,Cross/Enter at Intersection,NO IMPROPER ACTIONS,AT INTERSECTION MARKED CROSSWALK,No,Possible Minor Injury,NONE,39.18521736,-77.19379783,2022,11,17
220050520,11/15/2022 05:25:00 PM,DALE DR,PEDESTRIAN,Rain,WET,Medium,NONE DETECTED,PEDESTRIAN,Cross/Enter at Intersection,NO IMPROPER ACTIONS,AT INTERSECTION MARKED CROSSWALK,No,Possible Minor Injury,NONE,38.99369813,-77.0090436,2022,11,17
220050517,11/15/2022 05:05:00 PM,GEORGIA AVE,BICYCLIST,Rain,WET,Dark,NONE DETECTED,BICYCLIST,Cross/Enter at Intersection,UNKNOWN,ON ROADWAY AT CROSSWALK,Unknown,Possible Minor Injury,NONE,39.06127,-77.05244167,2022,11,17
220050388,11/14/2022 07:55:00 PM,LOST KNIFE RD,PEDESTRIAN,Clear,DRY,Dark,NONE DETECTED,PEDESTRIAN,Cross/Enter at Intersection,NO IMPROPER ACTIONS,ON ROADWAY NOT AT CROSSWALK,No,Possible Minor Injury,N/A,39.15386833,-77.199695,2022,11,19
220050349,11/14/2022 05:38:00 PM,E GUDE DR,PEDESTRIAN,Clear,DRY,Medium,NONE DETECTED,PEDESTRIAN,Cross/Enter not at Intersection,IN ROADWAY IMPROPERLY,ON ROADWAY NOT AT CROSSWALK,Yes,Suspected Serious Injury,N/A,39.0936572,-77.13222204,2022,11,17
220050140,11/13/2022 03:48:00 PM,TEMPLETON PL,PEDESTRIAN,Clear,DRY,Daylight,UNKNOWN,PEDESTRIAN,Cross/Enter at Intersection,NO IMPROPER ACTIONS,AT INTERSECTION MARKED CROSSWALK,No,No Apparent Injury,N/A,39.06687019,-77.12834047,2022,11,15
220049763,11/10/2022 09:50:00 PM,NEW HAMPSHIRE AVE,OTHER,Clear,DRY,Medium,NONE DETECTED,OTHER,Standing,UNKNOWN,ON ROADWAY NOT AT CROSSWALK,Unknown,No Apparent Injury,NONE,38.98874017,-76.98835567,2022,11,21
220049754,11/10/2022 07:30:00 PM,CLUB HOUSE RD,PEDESTRIAN,Clear,DRY,Medium,NONE DETECTED,PEDESTRIAN,Other,IN ROADWAY IMPROPERLY,OTHER,Yes,Suspected Serious Injury,NONE,39.17423445,-77.20212781,2022,11,19
220049708,11/10/2022 05:04:00 PM,JONES MILL RD,BICYCLIST,Cloudy,DRY,Dark,NONE DETECTED,BICYCLIST,Other,IMPROPER PASSING,ON ROADWAY NOT AT CROSSWALK,Yes,Possible Minor Injury,MC/BIKE HELMET,39.00559333,-77.06322833,2022,11,17
220049701,11/10/2022 03:45:00 PM,NA,PEDESTRIAN,Clear,NA,Daylight,NONE DETECTED,PEDESTRIAN,Cross/Enter at Intersection,NO IMPROPER ACTIONS,SIDEWALK,No,Possible Minor Injury,NONE,39.02042767,-77.01280721,2022,11,15
220049512,11/09/2022 02:43:00 PM,GREENHILL DR,PEDESTRIAN,Clear,DRY,Daylight,N/A,PEDESTRIAN,Cross/Enter not at Intersection,DART DASH,SIDEWALK,Yes,Possible Minor Injury,N/A,39.05812183,-77.002868,2022,11,14
220049326,11/08/2022 03:14:00 PM,FREDERICK RD,PEDESTRIAN,Clear,DRY,Daylight,NONE DETECTED,PEDESTRIAN,Cross/Enter not at Intersection,DART DASH,ON ROADWAY NOT AT CROSSWALK,Yes,Suspected Serious Injury,N/A,39.17680431,-77.23833682,2022,11,15
220049219,11/08/2022 07:20:00 AM,SCHOOL DR,PEDESTRIAN,Clear,DRY,Daylight,ALCOHOL CONTRIBUTED,PEDESTRIAN,Walking to/from school,FAILURE TO YIELD RIGHT OF WAY,AT INTERSECTION BUT NO CROSSWALK,No,Fatal Injury,N/A,39.11820121,-77.21493809,2022,11,7
220049219,11/08/2022 07:20:00 AM,SCHOOL DR,PEDESTRIAN,Clear,DRY,Daylight,ALCOHOL CONTRIBUTED,PEDESTRIAN,Walking to/from school,FAILURE TO YIELD RIGHT OF WAY,AT INTERSECTION BUT NO CROSSWALK,No,Fatal Injury,NONE,39.11820121,-77.21493809,2022,11,7
220049173,11/07/2022 06:13:00 PM,GEORGIA AVE,OTHER CONVEYANCE,Clear,DRY,Medium,NONE DETECTED,OTHER CONVEYANCE,Cross/Enter at Intersection,NO IMPROPER ACTIONS,AT INTERSECTION BUT NO CROSSWALK,No,Possible Minor Injury,NONE,39.06520703,-77.05779474,2022,11,18
220049143,11/07/2022 04:04:00 PM,YEARLING DR,PEDESTRIAN,Clear,DRY,Medium,NONE DETECTED,PEDESTRIAN,Unknown,UNKNOWN,UNKNOWN,Yes,Suspected Serious Injury,NONE,39.09669081,-77.21431588,2022,11,16
220049126,11/07/2022 02:36:00 PM,HUNGERFORD DR,PEDESTRIAN,Clear,DRY,Daylight,NONE DETECTED,PEDESTRIAN,Cross/Enter at Intersection,NO IMPROPER ACTIONS,ON ROADWAY AT CROSSWALK,No,Possible Minor Injury,NONE,39.09434167,-77.15334167,2022,11,14
220049109,11/07/2022 01:14:00 PM,MONTGOMERY VILLAGE AVE,OTHER PEDALCYCLIST,Clear,DRY,Daylight,NONE DETECTED,OTHER PEDALCYCLIST,Cross/Enter at Intersection,IN ROADWAY IMPROPERLY,ON ROADWAY NOT AT CROSSWALK,Yes,Possible Minor Injury,NONE,39.18244333,-77.19905333,2022,11,13
220048945,11/06/2022 10:59:00 AM,DEMOCRACY LA,PEDESTRIAN,Clear,DRY,Daylight,NONE DETECTED,PEDESTRIAN,Cross/Enter not at Intersection,DART DASH,ON ROADWAY NOT AT CROSSWALK,Yes,Possible Minor Injury,N/A,39.23423667,-77.28175833,2022,11,10
220048827,11/05/2022 03:51:00 PM,GEORGIA AVE,PEDESTRIAN,Clear,DRY,Daylight,NONE DETECTED,PEDESTRIAN,Cross/Enter at Intersection,FAILURE TO YIELD RIGHT OF WAY,AT INTERSECTION MARKED CROSSWALK,Yes,Possible Minor Injury,NONE,39.01520562,-77.04259605,2022,11,15
220048786,11/05/2022 10:00:00 AM,SANDY SPRING RD,BICYCLIST,Clear,DRY,Daylight,NONE DETECTED,BICYCLIST,Walking/Riding w/Traffic,NO IMPROPER ACTIONS,SHOULDER,No,No Apparent Injury,N/A,39.110698,-76.93398367,2022,11,10
220048469,11/03/2022 05:00:00 PM,OLNEY SANDY SPRING RD,PEDESTRIAN,Clear,DRY,Daylight,NONE DETECTED,PEDESTRIAN,Cross/Enter at Intersection,UNKNOWN,ON ROADWAY AT CROSSWALK,No,Suspected Serious Injury,UNKNOWN,39.15211167,-77.06453,2022,11,17
220048412,11/03/2022 01:09:00 PM,NA,PEDESTRIAN,Clear,NA,Daylight,NONE DETECTED,PEDESTRIAN,Other,NO IMPROPER ACTIONS,OTHER,No,Possible Minor Injury,NONE,39.09214059,-77.15244737,2022,11,13
220047872,10/31/2022 06:00:00 PM,LAYHILL RD,PEDESTRIAN,Rain,WET,Medium,NONE DETECTED,PEDESTRIAN,Cross/Enter at Intersection,NO IMPROPER ACTIONS,AT INTERSECTION MARKED CROSSWALK,No,Possible Minor Injury,NONE,39.06333667,-77.050015,2022,10,18
220047443,10/28/2022 08:59:00 PM,ROCKVILLE PIKE,PEDESTRIAN,Clear,DRY,Medium,NONE DETECTED,PEDESTRIAN,Cross/Enter not at Intersection,IN ROADWAY IMPROPERLY,ON ROADWAY NOT AT CROSSWALK,Unknown,Fatal Injury,NONE,39.07306591,-77.13410315,2022,10,20
220047391,10/28/2022 02:38:00 PM,SEVEN LOCKS RD,PEDESTRIAN,Clear,DRY,Daylight,N/A,PEDESTRIAN,Cross/Enter not at Intersection,DART DASH,OUTSIDE RIGHT OF WAY,Yes,Suspected Serious Injury,NONE,39.04712886,-77.16162564,2022,10,14
220047332,10/28/2022 09:27:00 AM,WESTBARD AVE,OTHER,Cloudy,DRY,Daylight,NONE DETECTED,OTHER,Other,IN ROADWAY IMPROPERLY,OTHER,No,No Apparent Injury,REFLECTIVE CLOTHING,38.96527383,-77.10763233,2022,10,9
220047251,10/27/2022 05:15:00 PM,REDLAND BLVD,BICYCLIST,Clear,DRY,Daylight,NONE DETECTED,BICYCLIST,Cross/Enter at Intersection,INATTENTIVE,ON ROADWAY NOT AT CROSSWALK,Yes,No Apparent Injury,NONE,39.11266429,-77.17128621,2022,10,17
220047172,10/27/2022 01:08:00 PM,TWINBROOK PKWY,PEDESTRIAN,Clear,DRY,Daylight,N/A,PEDESTRIAN,Cross/Enter not at Intersection,DART DASH,OUTSIDE RIGHT OF WAY,Yes,Possible Minor Injury,N/A,39.07306,-77.11221131,2022,10,13
220046987,10/26/2022 12:41:00 PM,GEORGIA AVE,PEDESTRIAN,Clear,N/A,Daylight,UNKNOWN,PEDESTRIAN,Cross/Enter at Intersection,NO IMPROPER ACTIONS,AT INTERSECTION MARKED CROSSWALK,No,No Apparent Injury,N/A,38.99473494,-77.02665961,2022,10,12
220046941,10/26/2022 06:55:00 AM,APPLE RIDGE RD,PEDESTRIAN,Rain,WET,Medium,NONE DETECTED,PEDESTRIAN,Walking to/from school,NOT VISIBLE,UNKNOWN,Yes,Possible Minor Injury,NONE,39.14620767,-77.17068367,2022,10,6
220046868,10/25/2022 04:45:00 PM,KOHLHOSS RD,BICYCLIST,Cloudy,DRY,Daylight,NONE DETECTED,BICYCLIST,Cross/Enter at Intersection,INATTENTIVE,AT INTERSECTION BUT NO CROSSWALK,Yes,No Apparent Injury,NONE,39.14392473,-77.40558168,2022,10,16
220046657,10/24/2022 04:04:00 PM,ROBEY RD,PEDESTRIAN,Clear,DRY,Daylight,NONE DETECTED,PEDESTRIAN,Cross/Enter not at Intersection,DART DASH,ON ROADWAY NOT AT CROSSWALK,Yes,Possible Minor Injury,NONE,39.08166168,-76.94116653,2022,10,16
220046566,10/23/2022 11:00:00 PM,GEORGIA AVE,BICYCLIST,Rain,WET,Dark,UNKNOWN,BICYCLIST,Cross/Enter not at Intersection,UNKNOWN,ON ROADWAY NOT AT CROSSWALK,Unknown,Fatal Injury,NONE,39.06932364,-77.06226082,2022,10,23
220046432,10/22/2022 08:42:00 PM,MIDCOUNTY HWY,PEDESTRIAN,Clear,DRY,Medium,NONE DETECTED,PEDESTRIAN,Other,UNKNOWN,ON ROADWAY NOT AT CROSSWALK,Yes,Fatal Injury,N/A,39.14332532,-77.15997388,2022,10,20
220046364,10/22/2022 12:38:00 PM,FREDERICK RD,PEDESTRIAN,Clear,DRY,Daylight,UNKNOWN,PEDESTRIAN,Cross/Enter at Intersection,NO IMPROPER ACTIONS,AT INTERSECTION MARKED CROSSWALK,No,Possible Minor Injury,NONE,39.1599267,-77.2213725,2022,10,12
220046275,10/21/2022 03:15:00 PM,ROCKVILLE PIKE,PEDESTRIAN,Clear,N/A,Daylight,N/A,PEDESTRIAN,Cross/Enter at Intersection,NO IMPROPER ACTIONS,AT INTERSECTION MARKED CROSSWALK,No,Possible Minor Injury,N/A,39.06174883,-77.12405417,2022,10,15
220046225,10/21/2022 02:10:00 PM,NA,PEDESTRIAN,Clear,NA,Daylight,NONE DETECTED,PEDESTRIAN,Standing,NO IMPROPER ACTIONS,INSIDE BUILDING,No,Possible Minor Injury,N/A,39.08613198,-77.07458404,2022,10,14
220046162,10/21/2022 03:00:00 AM,COLESVILLE RD,PEDESTRIAN,Clear,DRY,Medium,NONE DETECTED,PEDESTRIAN,Cross/Enter at Intersection,UNKNOWN,ON ROADWAY AT CROSSWALK,No,Possible Minor Injury,NONE,38.99715167,-77.027475,2022,10,3
220046130,10/20/2022 07:27:00 PM,GAITHER RD,PEDESTRIAN,Clear,DRY,Medium,NONE DETECTED,PEDESTRIAN,Cross/Enter at Intersection,FAILURE TO YIELD RIGHT OF WAY,AT INTERSECTION BUT NO CROSSWALK,Yes,Possible Minor Injury,NONE,39.11313684,-77.17599815,2022,10,19
220046123,10/20/2022 07:04:00 PM,AVENEL RD,BICYCLIST,Clear,DRY,Dark,NONE DETECTED,BICYCLIST,Cross/Enter at Intersection,NO IMPROPER ACTIONS,AT INTERSECTION BUT NO CROSSWALK,No,Possible Minor Injury,N/A,39.00969333,-76.98029,2022,10,19
220045999,10/20/2022 07:58:00 AM,GEORGIA AVE,PEDESTRIAN,Clear,DRY,Daylight,N/A,PEDESTRIAN,Cross/Enter not at Intersection,DART DASH,ON ROADWAY NOT AT CROSSWALK,Yes,No Apparent Injury,NONE,39.05838333,-77.04797667,2022,10,7
220045928,10/19/2022 04:52:00 PM,SANGAMORE RD,PEDESTRIAN,Clear,DRY,Daylight,NONE DETECTED,PEDESTRIAN,Walking/Cycling on Sidewalk,NO IMPROPER ACTIONS,SIDEWALK,No,Possible Minor Injury,NONE,38.962698,-77.12132582,2022,10,16
220045809,10/19/2022 07:55:00 AM,VALLEY BROOK DR,PEDESTRIAN,Clear,DRY,Daylight,NONE DETECTED,PEDESTRIAN,Cross/Enter at Intersection,FAILURE TO YIELD RIGHT OF WAY,ON ROADWAY NOT AT CROSSWALK,Yes,Possible Minor Injury,NONE,39.05814167,-77.00284,2022,10,7
220045804,10/19/2022 07:16:00 AM,FISHER AVE,PEDESTRIAN,Cloudy,DRY,Medium,NONE DETECTED,PEDESTRIAN,Cross/Enter at Intersection,NO IMPROPER ACTIONS,ON ROADWAY AT CROSSWALK,No,Suspected Serious Injury,NONE,39.14208282,-77.40739193,2022,10,7
220045747,10/18/2022 05:08:00 PM,APPLE RIDGE RD,OTHER CONVEYANCE,Clear,DRY,Daylight,NONE DETECTED,OTHER CONVEYANCE,Cross/Enter at Intersection,INATTENTIVE,ON ROADWAY AT CROSSWALK,Yes,Suspected Serious Injury,NONE,39.185955,-77.20237167,2022,10,17
220045455,10/17/2022 06:41:00 AM,BLACKBURN LA,PEDESTRIAN,Clear,DRY,Medium,NONE DETECTED,PEDESTRIAN,Walking/Cycling on Sidewalk,NO IMPROPER ACTIONS,SIDEWALK,No,Suspected Serious Injury,NONE,39.103721,-76.931234,2022,10,6
220045245,10/15/2022 04:30:00 PM,CENTURY BLVD,PEDESTRIAN,Clear,DRY,Daylight,UNKNOWN,PEDESTRIAN,Cross/Enter not at Intersection,NO IMPROPER ACTIONS,ON ROADWAY NOT AT CROSSWALK,Yes,Possible Minor Injury,NONE,39.18207333,-77.26526833,2022,10,16
220045248,10/15/2022 04:20:00 PM,NA,PEDESTRIAN,Clear,NA,Daylight,NONE DETECTED,PEDESTRIAN,Other,NO IMPROPER ACTIONS,OTHER,No,Possible Minor Injury,NONE,39.11713547,-77.25148558,2022,10,16
220045233,10/15/2022 02:40:00 PM,NA,PEDESTRIAN,Clear,NA,Daylight,N/A,PEDESTRIAN,N/A,OTHER,OTHER,No,Possible Minor Injury,N/A,39.14754333,-77.206474,2022,10,14
220045225,10/15/2022 01:13:00 PM,MONROE ST,PEDESTRIAN,Clear,DRY,Daylight,NONE DETECTED,PEDESTRIAN,Cross/Enter at Intersection,NO IMPROPER ACTIONS,AT INTERSECTION MARKED CROSSWALK,No,Possible Minor Injury,N/A,39.08069352,-77.14994534,2022,10,13
220045189,10/15/2022 07:55:00 AM,MUDDY BRANCH RD,OTHER,Clear,DRY,Daylight,NONE DETECTED,OTHER,Walking/Riding w/Traffic,NO IMPROPER ACTIONS,ON ROADWAY NOT AT CROSSWALK,No,Possible Minor Injury,MC/BIKE HELMET,39.13549523,-77.20560648,2022,10,7
220045119,10/14/2022 06:32:00 PM,NEW HAMPSHIRE AVE,PEDESTRIAN,Clear,DRY,Dark,NONE DETECTED,PEDESTRIAN,Walking/Riding w/Traffic,DART DASH,ON ROADWAY NOT AT CROSSWALK,Yes,Suspected Serious Injury,NONE,39.15768979,-77.01388182,2022,10,18
220045002,10/14/2022 09:00:00 AM,OLD COLUMBIA PIKE,PEDESTRIAN,Clear,WET,Daylight,NONE DETECTED,PEDESTRIAN,Standing,NO IMPROPER ACTIONS,AT INTERSECTION BUT NO CROSSWALK,No,Possible Minor Injury,REFLECTIVE CLOTHING,39.053705,-76.97383833,2022,10,9
220045117,10/14/2022 07:30:00 AM,MARYLAND AVE,BICYCLIST,Cloudy,UNKNOWN,Daylight,UNKNOWN,BICYCLIST,Walking/Riding w/Traffic,NO IMPROPER ACTIONS,IN BIKEWAY,No,No Apparent Injury,MC/BIKE HELMET,39.0788738,-77.15614325,2022,10,7
220044963,10/13/2022 09:42:00 PM,COLESVILLE RD,PEDESTRIAN,Rain,WET,Medium,NONE DETECTED,PEDESTRIAN,Cross/Enter at Intersection,NO IMPROPER ACTIONS,ON ROADWAY AT CROSSWALK,No,Possible Minor Injury,NONE,38.99355427,-77.03212944,2022,10,21
220044739,10/12/2022 08:45:00 PM,WISCONSIN AVE,PEDESTRIAN,Clear,DRY,Medium,N/A,PEDESTRIAN,Cross/Enter at Intersection,NO IMPROPER ACTIONS,ON ROADWAY AT CROSSWALK,No,Possible Minor Injury,N/A,38.98020833,-77.091825,2022,10,20
220044711,10/12/2022 05:27:00 PM,MARYLAND AVE,PEDESTRIAN,Cloudy,DRY,Daylight,NONE DETECTED,PEDESTRIAN,Cross/Enter at Intersection,NO IMPROPER ACTIONS,ON ROADWAY AT CROSSWALK,No,Possible Minor Injury,N/A,39.08043397,-77.15271433,2022,10,17
220053209,10/12/2022 04:13:00 PM,FREDERICK RD,BICYCLIST,Clear,DRY,Daylight,UNKNOWN,BICYCLIST,Walking/Cycling on Sidewalk,NO IMPROPER ACTIONS,DRIVEWAY ACCESS MARKED CROSSWALK,No,Possible Minor Injury,UNKNOWN,39.1461514,-77.20414629,2022,10,16
220044472,10/11/2022 04:20:00 PM,RICHTER FARM RD,PEDESTRIAN,Clear,DRY,Daylight,UNKNOWN,PEDESTRIAN,Other Working,NO IMPROPER ACTIONS,OTHER,No,Possible Minor Injury,N/A,39.15365908,-77.28666362,2022,10,16
220044439,10/11/2022 01:55:00 PM,NA,PEDESTRIAN,Clear,NA,Daylight,NONE DETECTED,PEDESTRIAN,Cross/Enter at Intersection,NO IMPROPER ACTIONS,ON ROADWAY AT CROSSWALK,No,Possible Minor Injury,NONE,39.15680213,-77.22116675,2022,10,13
220044371,10/11/2022 05:44:00 AM,UNIVERSITY BLVD E,PEDESTRIAN,Clear,DRY,Medium,NONE DETECTED,PEDESTRIAN,Cross/Enter at Intersection,DART DASH,ON ROADWAY AT CROSSWALK,Yes,Suspected Serious Injury,NONE,38.99385077,-76.99254645,2022,10,5
220044322,10/10/2022 05:43:00 PM,NA,PEDESTRIAN,Clear,NA,Daylight,UNKNOWN,PEDESTRIAN,Other,NO IMPROPER ACTIONS,OTHER,No,Possible Minor Injury,N/A,39.03534039,-77.05381612,2022,10,17
220044308,10/10/2022 05:15:00 PM,LAYHILL RD,PEDESTRIAN,Clear,DRY,Daylight,NONE DETECTED,PEDESTRIAN,Cross/Enter at Intersection,NO IMPROPER ACTIONS,AT INTERSECTION MARKED CROSSWALK,No,Possible Minor Injury,N/A,39.0688025,-77.04611233,2022,10,17
220044061,10/08/2022 10:17:00 PM,NA,PEDESTRIAN,Clear,NA,Medium,NONE DETECTED,PEDESTRIAN,Walking/Riding w/Traffic,NO IMPROPER ACTIONS,ON ROADWAY NOT AT CROSSWALK,No,Possible Minor Injury,NONE,39.0242988,-77.21955542,2022,10,22
220044009,10/08/2022 02:10:00 PM,NA,PEDESTRIAN,Clear,NA,Daylight,NA,PEDESTRIAN,Standing,INATTENTIVE,OTHER,Unknown,Possible Minor Injury,NONE,39.16866679,-77.17357839,2022,10,14
220043914,10/07/2022 06:17:00 PM,UNIVERSITY BLVD W,PEDESTRIAN,Clear,DRY,Medium,NONE DETECTED,PEDESTRIAN,Cross/Enter at Intersection,IN ROADWAY IMPROPERLY,ON ROADWAY NOT AT CROSSWALK,Yes,Possible Minor Injury,NONE,39.04149467,-77.05098383,2022,10,18
220043893,10/07/2022 05:07:00 PM,PARKLAWN DR,PEDESTRIAN,Clear,DRY,Daylight,NONE DETECTED,PEDESTRIAN,Cross/Enter at Intersection,FAILURE TO OBEY TRAFFIC SIGNS SIGNALS OR OFFICER,ON ROADWAY AT CROSSWALK,Yes,Possible Minor Injury,N/A,39.06147401,-77.1162619,2022,10,17
220043830,10/07/2022 12:39:00 PM,NA,PEDESTRIAN,Clear,NA,Daylight,UNKNOWN,PEDESTRIAN,Other,NO IMPROPER ACTIONS,OTHER,No,Possible Minor Injury,NONE,38.98569885,-77.09213895,2022,10,12
220043727,10/06/2022 07:15:00 PM,UNIVERSITY BLVD E,PEDESTRIAN,Clear,DRY,Dark,UNKNOWN,PEDESTRIAN,Other,IN ROADWAY IMPROPERLY,ON ROADWAY NOT AT CROSSWALK,Yes,Possible Minor Injury,NONE,39.00440088,-76.99661326,2022,10,19
220043725,10/06/2022 06:51:00 PM,MACARTHUR BLVD,BICYCLIST,Clear,DRY,Medium,NONE DETECTED,BICYCLIST,Cross/Enter at Intersection,NO IMPROPER ACTIONS,IN BIKEWAY,No,Possible Minor Injury,MC/BIKE HELMET,38.97531,-77.16186,2022,10,18
22001757,10/06/2022 09:16:00 AM,BEACH DR,PEDESTRIAN,Clear,DRY,Daylight,NONE DETECTED,PEDESTRIAN,Cross/Enter at Intersection,NO IMPROPER ACTIONS,ON ROADWAY AT CROSSWALK,No,Possible Minor Injury,N/A,39.0222125,-77.10175483,2022,10,9
220043563,10/06/2022 07:34:00 AM,CLOPPER RD,BICYCLIST,Clear,DRY,Daylight,N/A,BICYCLIST,Cross/Enter at Intersection,UNKNOWN,N/A,Unknown,Possible Minor Injury,NONE,39.169965,-77.29678833,2022,10,7
220043329,10/04/2022 06:32:00 PM,ARCOLA AVE,PEDESTRIAN,Rain,WET,Daylight,NONE DETECTED,PEDESTRIAN,Cross/Enter at Intersection,FAILURE TO OBEY TRAFFIC SIGNS SIGNALS OR OFFICER,ON ROADWAY AT CROSSWALK,Yes,Suspected Serious Injury,NONE,39.04100667,-77.02923833,2022,10,18
220043194,10/04/2022 06:30:00 AM,COLESVILLE RD,BICYCLIST,Rain,WET,Medium,NONE DETECTED,BICYCLIST,Cross/Enter at Intersection,IN ROADWAY IMPROPERLY,AT INTERSECTION MARKED CROSSWALK,Yes,Possible Minor Injury,NONE,38.99462333,-77.0359,2022,10,6
220043111,10/03/2022 03:45:00 PM,LOST KNIFE RD,PEDESTRIAN,Rain,WET,Daylight,NONE DETECTED,PEDESTRIAN,Other,DART DASH,ON ROADWAY NOT AT CROSSWALK,Yes,Possible Minor Injury,NONE,39.15314,-77.19932667,2022,10,15
220042999,10/02/2022 07:56:00 PM,NEW HAMPSHIRE AVE,PEDESTRIAN,Clear,DRY,Medium,NONE DETECTED,PEDESTRIAN,Cross/Enter at Intersection,NO IMPROPER ACTIONS,AT INTERSECTION MARKED CROSSWALK,No,Possible Minor Injury,N/A,39.01535162,-76.97773867,2022,10,19
220042800,10/01/2022 08:28:00 AM,UNIVERSITY BLVD W,PEDESTRIAN,Rain,WET,Daylight,NONE DETECTED,PEDESTRIAN,Cross/Enter at Intersection,UNKNOWN,AT INTERSECTION MARKED CROSSWALK,Unknown,Suspected Serious Injury,N/A,39.034435,-77.02424167,2022,10,8
220042750,09/30/2022 09:05:00 PM,SPRING ST,PEDESTRIAN,Clear,WET,Medium,NONE DETECTED,PEDESTRIAN,Cross/Enter not at Intersection,FAILURE TO YIELD RIGHT OF WAY,SHOULDER,Yes,Possible Minor Injury,NONE,38.99897853,-77.03279139,2022,9,21
220042736,09/30/2022 07:26:00 PM,GUNNERS BRANCH RD,PEDESTRIAN,Rain,WET,Medium,NONE DETECTED,PEDESTRIAN,Cross/Enter at Intersection,NO IMPROPER ACTIONS,AT INTERSECTION MARKED CROSSWALK,No,Suspected Serious Injury,NONE,39.179065,-77.23771667,2022,9,19
220042708,09/30/2022 05:22:00 PM,CLOPPER RD,PEDESTRIAN,Rain,WET,Daylight,NONE DETECTED,PEDESTRIAN,Cross/Enter at Intersection,N/A,AT INTERSECTION MARKED CROSSWALK,No,Possible Minor Injury,NONE,39.1565393,-77.26660512,2022,9,17
220042566,09/29/2022 07:37:00 PM,GEORGIA AVE,PEDESTRIAN,Clear,DRY,Medium,UNKNOWN,PEDESTRIAN,Walking/Cycling on Sidewalk,NO IMPROPER ACTIONS,SIDEWALK,No,Possible Minor Injury,NONE,39.07896602,-77.07249499,2022,9,19
220042566,09/29/2022 07:37:00 PM,GEORGIA AVE,PEDESTRIAN,Clear,DRY,Medium,UNKNOWN,PEDESTRIAN,Walking/Cycling on Sidewalk,NO IMPROPER ACTIONS,SIDEWALK,No,Possible Minor Injury,NONE,39.07896602,-77.07249499,2022,9,19
220042533,09/29/2022 03:08:00 PM,DAWSON FARM RD,BICYCLIST,Clear,DRY,Daylight,N/A,BICYCLIST,Unknown,UNKNOWN,UNKNOWN,Yes,No Apparent Injury,UNKNOWN,39.17141108,-77.27718681,2022,9,15
220042302,09/28/2022 01:40:00 PM,NA,PEDESTRIAN,Clear,NA,Daylight,NONE DETECTED,PEDESTRIAN,Other,NO IMPROPER ACTIONS,OTHER,No,Possible Minor Injury,NONE,39.08384217,-77.15290933,2022,9,13
220042243,09/28/2022 08:45:00 AM,GAITHER RD,BICYCLIST,Clear,DRY,Daylight,NONE DETECTED,BICYCLIST,Walking/Cycling on Sidewalk,NO IMPROPER ACTIONS,AT INTERSECTION BUT NO CROSSWALK,No,Suspected Serious Injury,MC/BIKE HELMET,39.11677067,-77.18194267,2022,9,8
220042158,09/27/2022 04:46:00 PM,BRADLEY BLVD,BICYCLIST,Clear,DRY,Daylight,NONE DETECTED,BICYCLIST,Walking/Riding w/Traffic,FAILURE TO YIELD RIGHT OF WAY,ON ROADWAY NOT AT CROSSWALK,Yes,Possible Minor Injury,MC/BIKE HELMET,38.993018,-77.11893217,2022,9,16
220042035,09/27/2022 07:41:00 AM,FLOWER AVE,BICYCLIST,Clear,DRY,Daylight,N/A,BICYCLIST,Cross/Enter at Intersection,N/A,ON ROADWAY NOT AT CROSSWALK,No,Possible Minor Injury,MC/BIKE HELMET,38.98090973,-76.99410789,2022,9,7
220041978,09/26/2022 07:22:00 PM,MONTGOMERY VILLAGE AVE,PEDESTRIAN,Clear,DRY,Medium,NONE DETECTED,PEDESTRIAN,Cross/Enter at Intersection,DART DASH,ON ROADWAY AT CROSSWALK,Yes,Possible Minor Injury,NONE,39.17456428,-77.2036172,2022,9,19
220041783,09/26/2022 06:51:00 PM,NEW HAMPSHIRE AVE,PEDESTRIAN,Clear,DRY,Daylight,NONE DETECTED,PEDESTRIAN,Cross/Enter at Intersection,NO IMPROPER ACTIONS,ON ROADWAY AT CROSSWALK,No,No Apparent Injury,N/A,39.0204434,-76.97680173,2022,9,18
220041794,09/25/2022 08:00:00 PM,NA,PEDESTRIAN,Clear,NA,Medium,NONE DETECTED,PEDESTRIAN,Walking/Riding against Traffic,NO IMPROPER ACTIONS,OTHER,No,Possible Minor Injury,NONE,39.1158314,-77.18728895,2022,9,20
220041497,09/23/2022 02:47:00 PM,WOODWELL RD,PEDESTRIAN,Clear,DRY,Daylight,N/A,PEDESTRIAN,Other Working,NO IMPROPER ACTIONS,ON ROADWAY NOT AT CROSSWALK,No,Possible Minor Injury,REFLECTIVE CLOTHING,39.08707833,-77.03712667,2022,9,14
220041478,09/23/2022 01:17:00 PM,NA,OTHER,Clear,NA,Daylight,NONE DETECTED,OTHER,N/A,N/A,INSIDE BUILDING,No,No Apparent Injury,N/A,39.04178826,-77.04921585,2022,9,13
220041398,09/22/2022 09:10:00 PM,ROCKVILLE PIKE,PEDESTRIAN,Clear,DRY,Medium,NONE DETECTED,PEDESTRIAN,Cross/Enter not at Intersection,IN ROADWAY IMPROPERLY,ON ROADWAY NOT AT CROSSWALK,Yes,Possible Minor Injury,NONE,39.04721162,-77.11279129,2022,9,21
220041161,09/21/2022 04:49:00 PM,ELMCROFT BLVD,OTHER PEDALCYCLIST,Clear,DRY,Daylight,NONE DETECTED,OTHER PEDALCYCLIST,Cross/Enter at Intersection,FAILURE TO YIELD RIGHT OF WAY,ON ROADWAY NOT AT CROSSWALK,Yes,Possible Minor Injury,NONE,39.113888,-77.16621283,2022,9,16
220041114,09/21/2022 12:50:00 PM,NA,PEDESTRIAN,Clear,NA,Daylight,NONE DETECTED,PEDESTRIAN,Standing,N/A,OTHER,No,Possible Minor Injury,N/A,39.145555,-77.145145,2022,9,12
220040999,09/20/2022 06:35:00 PM,ANNAPOLIS ROCK RD,BICYCLIST,Clear,DRY,Daylight,NONE DETECTED,BICYCLIST,Walking/Riding w/Traffic,NO IMPROPER ACTIONS,ON ROADWAY NOT AT CROSSWALK,No,Suspected Serious Injury,MC/BIKE HELMET,39.27764333,-77.14103,2022,9,18
220040999,09/20/2022 06:35:00 PM,ANNAPOLIS ROCK RD,BICYCLIST,Clear,DRY,Daylight,NONE DETECTED,BICYCLIST,Walking/Riding w/Traffic,NO IMPROPER ACTIONS,ON ROADWAY NOT AT CROSSWALK,No,Possible Minor Injury,MC/BIKE HELMET,39.27764333,-77.14103,2022,9,18
220040955,09/20/2022 02:43:00 PM,OLNEY SANDY SPRING RD,PEDESTRIAN,Clear,DRY,Daylight,N/A,PEDESTRIAN,Cross/Enter at Intersection,NO IMPROPER ACTIONS,ON ROADWAY AT CROSSWALK,No,Possible Minor Injury,NONE,39.15175167,-77.06418167,2022,9,14
220040850,09/19/2022 08:16:00 PM,GREAT SENECA HWY,PEDESTRIAN,Clear,DRY,Medium,NONE DETECTED,PEDESTRIAN,Cross/Enter not at Intersection,DART DASH,ON ROADWAY NOT AT CROSSWALK,Yes,Suspected Serious Injury,NONE,39.140925,-77.27021467,2022,9,20
220040821,09/19/2022 06:49:00 PM,REEDIE DR,OTHER,Clear,DRY,Daylight,UNKNOWN,OTHER,Other,UNKNOWN,ON ROADWAY AT CROSSWALK,No,Possible Minor Injury,NONE,39.0385,-77.051776,2022,9,18
220040897,09/19/2022 04:00:00 PM,IDLEWOOD RD,PEDESTRIAN,Clear,DRY,Daylight,UNKNOWN,PEDESTRIAN,Cross/Enter not at Intersection,NO IMPROPER ACTIONS,ON ROADWAY NOT AT CROSSWALK,No,Possible Minor Injury,NONE,39.049723,-77.07103,2022,9,16
220040727,09/19/2022 12:10:00 PM,VEIRS MILL RD,PEDESTRIAN,Clear,DRY,Daylight,NONE DETECTED,PEDESTRIAN,Cross/Enter at Intersection,NO IMPROPER ACTIONS,N/A,No,Possible Minor Injury,NONE,39.07512,-77.11527,2022,9,12
220040461,09/17/2022 02:48:00 PM,NA,PEDESTRIAN,Clear,NA,Daylight,NONE DETECTED,PEDESTRIAN,Cross/Enter at Intersection,NO IMPROPER ACTIONS,AT INTERSECTION BUT NO CROSSWALK,No,Suspected Serious Injury,N/A,39.03014,-77.10501,2022,9,14
220040353,09/16/2022 06:20:00 PM,FERNWOOD RD,PEDESTRIAN,Clear,DRY,Daylight,NONE DETECTED,PEDESTRIAN,Cross/Enter at Intersection,UNKNOWN,AT INTERSECTION MARKED CROSSWALK,No,Possible Minor Injury,NONE,39.018254,-77.133304,2022,9,18
220040239,09/16/2022 07:59:00 AM,VEIRS MILL RD,PEDESTRIAN,Clear,DRY,Daylight,NONE DETECTED,PEDESTRIAN,Cross/Enter not at Intersection,NO IMPROPER ACTIONS,ON ROADWAY AT CROSSWALK,No,Suspected Serious Injury,UNKNOWN,39.049723,-77.07103,2022,9,7
220040006,09/14/2022 04:15:00 PM,GOLDSBORO RD,BICYCLIST,Clear,DRY,Daylight,NONE DETECTED,BICYCLIST,Cross/Enter at Intersection,NO IMPROPER ACTIONS,AT INTERSECTION BUT NO CROSSWALK,No,Possible Minor Injury,MC/BIKE HELMET,38.97408943,-77.1199701,2022,9,16
220039789,09/13/2022 02:09:00 PM,NA,OTHER,Clear,NA,Daylight,NONE DETECTED,OTHER,N/A,N/A,INSIDE BUILDING,No,No Apparent Injury,N/A,38.99475167,-77.04674167,2022,9,14
220039784,09/13/2022 01:34:00 PM,GEORGIA AVE,PEDESTRIAN,Clear,DRY,Daylight,NONE DETECTED,PEDESTRIAN,Cross/Enter at Intersection,FAILURE TO YIELD RIGHT OF WAY,ON ROADWAY AT CROSSWALK,Yes,Possible Minor Injury,NONE,39.08453167,-77.07774667,2022,9,13
220039727,09/13/2022 07:18:00 AM,NA,BICYCLIST,Clear,NA,Daylight,NONE DETECTED,BICYCLIST,Walking/Cycling on Sidewalk,INATTENTIVE,SIDEWALK,Unknown,Possible Minor Injury,NONE,39.04330833,-77.05111667,2022,9,7
220039513,09/11/2022 03:22:00 PM,NA,PEDESTRIAN,Cloudy,NA,Daylight,NONE DETECTED,PEDESTRIAN,Standing,UNKNOWN,OTHER,No,Possible Minor Injury,NONE,39.09711383,-77.19227583,2022,9,15
220039488,09/11/2022 01:20:00 PM,NA,PEDESTRIAN,Rain,NA,Daylight,N/A,PEDESTRIAN,Cross/Enter not at Intersection,NO IMPROPER ACTIONS,ON ROADWAY NOT AT CROSSWALK,No,Possible Minor Injury,N/A,39.0529015,-77.0502545,2022,9,13
220039399,09/10/2022 06:56:00 PM,PINEY BRANCH RD,PEDESTRIAN,Clear,DRY,Medium,NONE DETECTED,PEDESTRIAN,Cross/Enter not at Intersection,NO IMPROPER ACTIONS,ON ROADWAY AT CROSSWALK,No,Possible Minor Injury,NONE,39.03362783,-77.00331017,2022,9,18
220039399,09/10/2022 06:56:00 PM,PINEY BRANCH RD,PEDESTRIAN,Clear,DRY,Medium,NONE DETECTED,PEDESTRIAN,Cross/Enter not at Intersection,NO IMPROPER ACTIONS,ON ROADWAY AT CROSSWALK,No,Possible Minor Injury,N/A,39.03362783,-77.00331017,2022,9,18
220039398,09/10/2022 06:00:00 PM,VEIRS MILL RD,OTHER CONVEYANCE,Clear,DRY,Daylight,N/A,OTHER CONVEYANCE,Cross/Enter at Intersection,FAILURE TO YIELD RIGHT OF WAY,AT INTERSECTION MARKED CROSSWALK,Yes,No Apparent Injury,N/A,39.05605833,-77.08309333,2022,9,18
220039390,09/10/2022 05:37:00 PM,NEW HAMPSHIRE AVE,PEDESTRIAN,Cloudy,DRY,Daylight,NONE DETECTED,PEDESTRIAN,N/A,NOT VISIBLE,ON ROADWAY NOT AT CROSSWALK,Yes,Possible Minor Injury,NONE,39.02236583,-76.978043,2022,9,17
220039011,09/08/2022 01:41:00 PM,NA,BICYCLIST,Clear,NA,Daylight,NONE DETECTED,BICYCLIST,Cross/Enter not at Intersection,FAILURE TO YIELD RIGHT OF WAY,OTHER,Yes,Possible Minor Injury,MC/BIKE HELMET,39.02560167,-77.125478330000007,2022,9,13
220038727,09/06/2022 07:01:00 PM,NEW HAMPSHIRE AVE,PEDESTRIAN,Clear,DRY,Medium,NONE DETECTED,PEDESTRIAN,Cross/Enter not at Intersection,IN ROADWAY IMPROPERLY,ON ROADWAY NOT AT CROSSWALK,Yes,Suspected Serious Injury,N/A,39.019625,-77.00803833,2022,9,19
220038488,09/06/2022 02:30:00 PM,SEVEN LOCKS RD,BICYCLIST,Clear,DRY,Daylight,NONE DETECTED,BICYCLIST,N/A,NO IMPROPER ACTIONS,SHOULDER,No,Possible Minor Injury,MC/BIKE HELMET,38.994555,-77.10861333,2022,9,14
220038512,09/05/2022 06:00:00 PM,RANDOLPH RD,BICYCLIST,Rain,WET,Daylight,N/A,BICYCLIST,Cross/Enter at Intersection,NO IMPROPER ACTIONS,ON ROADWAY AT CROSSWALK,No,Possible Minor Injury,NONE,39.060081,-77.089781,2022,9,18
220038358,09/04/2022 02:55:00 PM,NORBECK BLVD,BICYCLIST,Clear,DRY,Daylight,NONE DETECTED,BICYCLIST,Cross/Enter at Intersection,NO IMPROPER ACTIONS,AT INTERSECTION MARKED CROSSWALK,No,Possible Minor Injury,MC/BIKE HELMET,39.109525,-77.068825,2022,9,14
220038285,09/03/2022 08:48:00 PM,COLESVILLE RD,PEDESTRIAN,Clear,DRY,Dark,UNKNOWN,PEDESTRIAN,Cross/Enter at Intersection,NO IMPROPER ACTIONS,OTHER,No,Possible Minor Injury,NONE,39.02151833,-77.011905,2022,9,20
220038212,09/03/2022 12:51:00 PM,NA,OTHER CONVEYANCE,Clear,NA,Daylight,"N/A, NONE DETECTED",OTHER CONVEYANCE,Standing,NO IMPROPER ACTIONS,INSIDE BUILDING,No,No Apparent Injury,N/A,39.08637,-77.051904,2022,9,12
220038190,09/03/2022 09:20:00 AM,EMORY ST,BICYCLIST,Clear,DRY,Daylight,NONE DETECTED,BICYCLIST,Other,NO IMPROPER ACTIONS,AT INTERSECTION BUT NO CROSSWALK,No,Possible Minor Injury,MC/BIKE HELMET,39.157915,-77.159095,2022,9,9
220037915,09/01/2022 04:06:00 PM,NA,PEDESTRIAN,Clear,NA,Daylight,UNKNOWN,PEDESTRIAN,Other,NO IMPROPER ACTIONS,OTHER,No,No Apparent Injury,NONE,39.026319,-77.127215,2022,9,16
220037721,08/31/2022 03:01:00 PM,WISCONSIN AVE,PEDESTRIAN,Clear,DRY,Daylight,UNKNOWN,PEDESTRIAN,Cross/Enter not at Intersection,NO IMPROPER ACTIONS,OTHER,No,Possible Minor Injury,NONE,38.96451874,-77.0878088,2022,8,15
220037705,08/31/2022 02:06:00 PM,NA,BICYCLIST,Clear,NA,Daylight,NONE DETECTED,BICYCLIST,Cross/Enter at Intersection,FAILURE TO YIELD RIGHT OF WAY,OTHER,Yes,Possible Minor Injury,MC/BIKE HELMET,39.20394554,-77.13950048,2022,8,14
220036779,08/30/2022 04:40:00 PM,NA,PEDESTRIAN,Clear,NA,Daylight,NONE DETECTED,PEDESTRIAN,Other,NO IMPROPER ACTIONS,OTHER,No,Possible Minor Injury,N/A,39.0204235,-77.00826271,2022,8,16
220037565,08/30/2022 04:04:00 PM,FALLING CREEK RD,BICYCLIST,Rain,WET,Daylight,UNKNOWN,BICYCLIST,Walking/Riding w/Traffic,NO IMPROPER ACTIONS,AT INTERSECTION BUT NO CROSSWALK,No,Possible Minor Injury,NONE,39.045525,-76.99053333,2022,8,16
220037562,08/30/2022 03:53:00 PM,WALKERS CHOICE RD,PEDESTRIAN,Rain,WET,Daylight,NONE DETECTED,PEDESTRIAN,Approach/Leaving Schoolbus,NO IMPROPER ACTIONS,IN SCHOOL BUS ZONE,No,Suspected Serious Injury,NONE,39.161571,-77.20324,2022,8,15
220037550,08/30/2022 03:12:00 PM,KNOWLES AVE,PEDESTRIAN,Clear,DRY,Daylight,NONE DETECTED,PEDESTRIAN,Cross/Enter not at Intersection,IN ROADWAY IMPROPERLY,ON ROADWAY NOT AT CROSSWALK,Yes,Possible Minor Injury,NONE,39.027,-77.077,2022,8,15
220037494,08/30/2022 09:21:00 AM,EAST WEST HWY,OTHER,Clear,DRY,Daylight,NONE DETECTED,OTHER,N/A,N/A,INSIDE BUILDING,No,No Apparent Injury,N/A,38.99676112,-77.03980417,2022,8,9
220037313,08/29/2022 10:30:00 AM,CRESTHAVEN DR,PEDESTRIAN,Clear,DRY,Daylight,NONE DETECTED,PEDESTRIAN,Other Working,NO IMPROPER ACTIONS,OTHER,No,Possible Minor Injury,NONE,39.0275,-76.98692,2022,8,10
220037298,08/29/2022 07:35:00 AM,CLOPPER RD,PEDESTRIAN,Clear,DRY,Daylight,NONE DETECTED,PEDESTRIAN,Cross/Enter at Intersection,NO IMPROPER ACTIONS,ON ROADWAY AT CROSSWALK,No,Possible Minor Injury,NONE,39.14816825,-77.2369545,2022,8,7
220037205,08/28/2022 01:21:00 PM,UNIVERSITY BLVD W,PEDESTRIAN,Clear,DRY,Daylight,NONE DETECTED,PEDESTRIAN,Walking/Riding against Traffic,NO IMPROPER ACTIONS,SIDEWALK,No,Possible Minor Injury,NONE,39.041291,-77.048823,2022,8,13
220037205,08/28/2022 01:21:00 PM,UNIVERSITY BLVD W,PEDESTRIAN,Clear,DRY,Daylight,NONE DETECTED,PEDESTRIAN,Walking/Riding against Traffic,NO IMPROPER ACTIONS,SIDEWALK,No,Possible Minor Injury,NONE,39.041291,-77.048823,2022,8,13
220037173,08/28/2022 09:17:00 AM,OAKLYN DR,BICYCLIST,Clear,DRY,Daylight,NONE DETECTED,BICYCLIST,Walking/Riding w/Traffic,NO IMPROPER ACTIONS,ON ROADWAY NOT AT CROSSWALK,No,Suspected Serious Injury,MC/BIKE HELMET,39.00102,-77.21083,2022,8,9
220027156,08/28/2022 03:07:00 AM,GEORGIA AVE,PEDESTRIAN,Clear,DRY,Medium,UNKNOWN,PEDESTRIAN,Cross/Enter not at Intersection,NO IMPROPER ACTIONS,ON ROADWAY NOT AT CROSSWALK,Yes,Possible Minor Injury,NONE,39.0393508,-77.054306,2022,8,3
220037088,08/27/2022 04:00:00 PM,NA,OTHER CONVEYANCE,Clear,NA,Daylight,NONE DETECTED,OTHER CONVEYANCE,Cross/Enter at Intersection,NO IMPROPER ACTIONS,DRIVEWAY ACCESS MARKED CROSSWALK,No,Possible Minor Injury,NONE,39.04453194,-76.9900027,2022,8,16
220037076,08/27/2022 03:40:00 PM,MUDDY BRANCH RD,BICYCLIST,Clear,DRY,Daylight,NONE DETECTED,BICYCLIST,Walking/Cycling on Sidewalk,FAILURE TO YIELD RIGHT OF WAY,SIDEWALK,Yes,No Apparent Injury,NONE,39.120622,-77.216776,2022,8,15
220036918,08/27/2022 03:30:00 PM,BUREAU DR,OTHER PEDALCYCLIST,Clear,DRY,Daylight,NONE DETECTED,OTHER PEDALCYCLIST,Cross/Enter at Intersection,NO IMPROPER ACTIONS,ON ROADWAY AT CROSSWALK,No,Possible Minor Injury,MC/BIKE HELMET,39.14314953,-77.21732241,2022,8,15
220036963,08/26/2022 07:48:00 PM,UNIVERSITY BLVD E,BICYCLIST,Clear,DRY,Medium,N/A,BICYCLIST,Cross/Enter at Intersection,NO IMPROPER ACTIONS,ON ROADWAY AT CROSSWALK,No,Possible Minor Injury,NONE,39.006144,-76.997678,2022,8,19
220036787,08/25/2022 04:05:00 PM,RIVER RD,BICYCLIST,Clear,DRY,Daylight,NONE DETECTED,BICYCLIST,Walking/Riding w/Traffic,UNKNOWN,IN BIKEWAY,No,Fatal Injury,MC/BIKE HELMET,38.965561,-77.104774,2022,8,16
220036641,08/24/2022 06:19:00 PM,E GUDE DR,BICYCLIST,Clear,DRY,Medium,NONE DETECTED,BICYCLIST,Cross/Enter at Intersection,NO IMPROPER ACTIONS,ON ROADWAY AT CROSSWALK,No,Possible Minor Injury,NONE,39.0979889,-77.1364997,2022,8,18
220036655,08/24/2022 05:35:00 PM,FREDERICK RD,PEDESTRIAN,Clear,DRY,Daylight,UNKNOWN,PEDESTRIAN,Cross/Enter at Intersection,NO IMPROPER ACTIONS,AT INTERSECTION MARKED CROSSWALK,No,Possible Minor Injury,NONE,39.18405333,-77.263825,2022,8,17
220036543,08/24/2022 10:59:00 AM,NEW HAMPSHIRE AVE,PEDESTRIAN,Clear,DRY,Daylight,NONE DETECTED,PEDESTRIAN,Cross/Enter at Intersection,DART DASH,ON ROADWAY AT CROSSWALK,Yes,Possible Minor Injury,NONE,39.05603763,-76.95429638,2022,8,10
220036510,08/24/2022 06:00:00 AM,NA,PEDESTRIAN,Clear,NA,Medium,NONE DETECTED,PEDESTRIAN,Other,NO IMPROPER ACTIONS,OTHER,Yes,Possible Minor Injury,NONE,39.15703094,-77.20249509,2022,8,6
220036415,08/23/2022 03:15:00 PM,CONNECTICUT AVE,PEDESTRIAN,Clear,DRY,Daylight,NONE DETECTED,PEDESTRIAN,Cross/Enter at Intersection,NO IMPROPER ACTIONS,ON ROADWAY AT CROSSWALK,No,Possible Minor Injury,N/A,39.0564664,-77.0736231,2022,8,15
220036336,08/23/2022 08:47:00 AM,GREAT SENECA HWY,BICYCLIST,Clear,DRY,Daylight,NONE DETECTED,BICYCLIST,Cross/Enter at Intersection,NO IMPROPER ACTIONS,ON ROADWAY AT CROSSWALK,No,Possible Minor Injury,MC/BIKE HELMET,39.14615,-77.27454,2022,8,8
220036233,08/22/2022 01:40:00 PM,APPLE RIDGE RD,PEDESTRIAN,Clear,DRY,Daylight,NONE DETECTED,PEDESTRIAN,Cross/Enter at Intersection,NO IMPROPER ACTIONS,ON ROADWAY AT CROSSWALK,No,Possible Minor Injury,NONE,39.18265076,-77.21346754,2022,8,13
220035994,08/20/2022 04:30:00 PM,NA,BICYCLIST,Clear,NA,Daylight,UNKNOWN,BICYCLIST,Walking/Riding w/Traffic,NO IMPROPER ACTIONS,ON ROADWAY NOT AT CROSSWALK,No,Possible Minor Injury,NONE,39.085457,-76.9404153,2022,8,16
220035553,08/18/2022 08:30:00 PM,W DIAMOND AVE,PEDESTRIAN,Clear,DRY,Medium,NONE DETECTED,PEDESTRIAN,Cross/Enter at Intersection,NO IMPROPER ACTIONS,AT INTERSECTION MARKED CROSSWALK,No,Possible Minor Injury,NONE,39.15165993,-77.21974894,2022,8,20
220035561,08/17/2022 09:45:00 PM,GOSHEN RD,PEDESTRIAN,Clear,DRY,Medium,N/A,PEDESTRIAN,Cross/Enter not at Intersection,IN ROADWAY IMPROPERLY,ON ROADWAY NOT AT CROSSWALK,Yes,Possible Minor Injury,NONE,39.14966192,-77.1578232,2022,8,21
220035517,08/17/2022 04:00:00 PM,WELLER RD,BICYCLIST,Clear,DRY,Daylight,N/A,BICYCLIST,Cross/Enter at Intersection,NO IMPROPER ACTIONS,ON ROADWAY AT CROSSWALK,No,No Apparent Injury,N/A,39.066515,-77.059687,2022,8,16
220035336,08/16/2022 02:06:00 PM,E RANDOLPH RD,PEDESTRIAN,Clear,DRY,Daylight,NONE DETECTED,PEDESTRIAN,Cross/Enter at Intersection,NO IMPROPER ACTIONS,ON ROADWAY AT CROSSWALK,No,Possible Minor Injury,NONE,39.0676863,-76.9856664,2022,8,14
220035339,08/16/2022 01:59:00 PM,NEW HAMPSHIRE AVE,OTHER,Clear,DRY,Daylight,N/A,OTHER,N/A,OTHER,N/A,No,No Apparent Injury,N/A,38.98068097,-76.99800334,2022,8,13
220035136,08/16/2022 11:40:00 AM,GEORGIA AVE,PEDESTRIAN,Clear,DRY,Daylight,N/A,PEDESTRIAN,Walking/Cycling on Sidewalk,NO IMPROPER ACTIONS,SIDEWALK,Unknown,Possible Minor Injury,NONE,39.08315,-77.07775,2022,8,11
220035166,08/15/2022 03:30:00 PM,OLD GEORGETOWN RD,PEDESTRIAN,Clear,DRY,Daylight,N/A,PEDESTRIAN,Cross/Enter at Intersection,NO IMPROPER ACTIONS,ON ROADWAY AT CROSSWALK,No,Possible Minor Injury,NONE,38.98747245,-77.09797725,2022,8,15
220034861,08/13/2022 07:00:00 AM,GEORGIA AVE,BICYCLIST,Clear,UNKNOWN,Daylight,UNKNOWN,BICYCLIST,Walking/Riding w/Traffic,NO IMPROPER ACTIONS,IN BIKEWAY,No,Possible Minor Injury,UNKNOWN,39.04526575,-77.02301941,2022,8,7
220034706,08/12/2022 01:15:00 PM,NA,BICYCLIST,Clear,NA,Daylight,NONE DETECTED,BICYCLIST,Cross/Enter at Intersection,INATTENTIVE,ON ROADWAY NOT AT CROSSWALK,Yes,No Apparent Injury,NONE,39.11101895,-77.23904253,2022,8,13
220034656,08/12/2022 08:41:00 AM,NA,PEDESTRIAN,Clear,NA,Daylight,N/A,PEDESTRIAN,Other,NO IMPROPER ACTIONS,OTHER,No,Possible Minor Injury,N/A,39.15685,-77.21019,2022,8,8
220034656,08/12/2022 08:41:00 AM,NA,PEDESTRIAN,Clear,NA,Daylight,N/A,PEDESTRIAN,Other,NO IMPROPER ACTIONS,OTHER,No,No Apparent Injury,N/A,39.15685,-77.21019,2022,8,8
220034537,08/11/2022 03:19:00 PM,GREENCASTLE RD,OTHER,Clear,DRY,Daylight,NONE DETECTED,OTHER,Cross/Enter at Intersection,WRONG WAY RIDING OR WALKING,SHOULDER,Yes,Possible Minor Injury,NONE,39.10932305,-76.93744838,2022,8,15
220034478,08/11/2022 08:30:00 AM,BROADWOOD DR,PEDESTRIAN,Rain,WET,Daylight,N/A,PEDESTRIAN,Walking/Riding against Traffic,IN ROADWAY IMPROPERLY,ON ROADWAY NOT AT CROSSWALK,Yes,Possible Minor Injury,NONE,39.083111100000004,-77.1303848,2022,8,8
220034335,08/10/2022 10:01:00 AM,SHAKESPEARE BLVD,PEDESTRIAN,Clear,DRY,Daylight,N/A,PEDESTRIAN,Cross/Enter at Intersection,N/A,ON ROADWAY AT CROSSWALK,No,Possible Minor Injury,N/A,39.198223,-77.245012,2022,8,10
220034204,08/09/2022 01:45:00 PM,WISCONSIN AVE,PEDESTRIAN,Clear,DRY,Daylight,NONE DETECTED,PEDESTRIAN,Cross/Enter at Intersection,NO IMPROPER ACTIONS,ON ROADWAY AT CROSSWALK,No,Possible Minor Injury,NONE,38.9895265,-77.09557717,2022,8,13
220034152,08/09/2022 10:33:00 AM,ROCKVILLE PIKE,PEDESTRIAN,Clear,DRY,Daylight,N/A,PEDESTRIAN,Cross/Enter at Intersection,NO IMPROPER ACTIONS,ON ROADWAY AT CROSSWALK,No,Possible Minor Injury,N/A,39.07815,-77.13951167,2022,8,10
220034122,08/09/2022 03:52:00 AM,VEIRS MILL SERV RD,BICYCLIST,Clear,DRY,Medium,UNKNOWN,BICYCLIST,Walking/Riding w/Traffic,NO IMPROPER ACTIONS,ON ROADWAY NOT AT CROSSWALK,No,Possible Minor Injury,NONE,39.07600333,-77.116835,2022,8,3
220033947,08/07/2022 07:53:00 PM,NA,PEDESTRIAN,Clear,NA,Daylight,NONE DETECTED,PEDESTRIAN,Other,NO IMPROPER ACTIONS,ON ROADWAY AT CROSSWALK,No,Possible Minor Injury,NONE,39.05719333,-77.12165333,2022,8,19
220033845,08/06/2022 09:31:00 PM,NA,PEDESTRIAN,Clear,NA,Medium,NONE DETECTED,PEDESTRIAN,Other,OTHER,OTHER,Yes,Suspected Serious Injury,NONE,39.01609833,-77.10572333,2022,8,21
220033719,08/05/2022 10:39:00 PM,WOODFIELD RD,BICYCLIST,Clear,DRY,Medium,UNKNOWN,BICYCLIST,Unknown,UNKNOWN,ON ROADWAY NOT AT CROSSWALK,No,Possible Minor Injury,NONE,39.1577914,-77.1623944,2022,8,22
220033650,08/05/2022 02:00:00 PM,ASHTON RD,PEDESTRIAN,Clear,DRY,Daylight,NONE DETECTED,PEDESTRIAN,Other Working,NO IMPROPER ACTIONS,OTHER,No,Possible Minor Injury,REFLECTIVE CLOTHING,39.15053833,-77.00895167,2022,8,14
220033646,08/05/2022 01:45:00 PM,GLENVIEW AVE,PEDESTRIAN,Clear,DRY,Daylight,NONE DETECTED,PEDESTRIAN,Cross/Enter at Intersection,UNKNOWN,AT INTERSECTION BUT NO CROSSWALK,No,Possible Minor Injury,N/A,38.99680667,-77.00039,2022,8,13
220033521,08/04/2022 05:00:00 PM,EXECUTIVE BLVD,OTHER CONVEYANCE,Cloudy,DRY,Daylight,NONE DETECTED,OTHER CONVEYANCE,Walking/Riding against Traffic,IN ROADWAY IMPROPERLY,SHOULDER,Yes,Possible Minor Injury,NONE,39.04904833,-77.12326333,2022,8,17
220033289,08/03/2022 11:20:00 AM,UNIVERSITY BLVD W,BICYCLIST,Clear,DRY,Daylight,NONE DETECTED,BICYCLIST,Walking/Riding w/Traffic,N/A,ON ROADWAY NOT AT CROSSWALK,No,Possible Minor Injury,MC/BIKE HELMET,39.036365,-77.028885,2022,8,11
220033249,08/03/2022 06:44:00 AM,FREDERICK RD,OTHER,Clear,DRY,Daylight,NONE DETECTED,OTHER,Cross/Enter at Intersection,UNKNOWN,ON ROADWAY AT CROSSWALK,Unknown,Possible Minor Injury,NONE,39.106885,-77.15823833,2022,8,6
220033164,08/02/2022 03:45:00 PM,COLESVILLE RD,PEDESTRIAN,Clear,DRY,Daylight,NONE DETECTED,PEDESTRIAN,Cross/Enter at Intersection,NO IMPROPER ACTIONS,ON ROADWAY AT CROSSWALK,No,Possible Minor Injury,NONE,39.019485,-77.01374,2022,8,15
220033123,08/02/2022 07:00:00 AM,TALBOT AVE,PEDESTRIAN,Clear,DRY,Medium,NONE DETECTED,PEDESTRIAN,Standing,NO IMPROPER ACTIONS,OTHER,Yes,Possible Minor Injury,N/A,39.00538167,-77.049815,2022,8,7
220033001,08/01/2022 12:35:00 PM,EAST WEST HWY,PEDESTRIAN,Clear,DRY,Daylight,NONE DETECTED,PEDESTRIAN,Cross/Enter at Intersection,NO IMPROPER ACTIONS,ON ROADWAY AT CROSSWALK,No,Possible Minor Injury,NONE,38.99410167,-77.05247167,2022,8,12
220032977,08/01/2022 09:56:00 AM,NA,PEDESTRIAN,Clear,NA,Daylight,NONE DETECTED,PEDESTRIAN,Other,OTHER,OTHER,No,Suspected Serious Injury,N/A,38.97064,-77.11159333,2022,8,9
220032884,07/31/2022 04:33:00 PM,OLNEY SANDY SPRING RD,OTHER,Rain,WET,Daylight,NONE DETECTED,OTHER,N/A,N/A,N/A,No,No Apparent Injury,N/A,39.14908333,-77.05565167,2022,7,16
220032865,07/31/2022 11:50:00 AM,SELFRIDGE RD,PEDESTRIAN,Clear,DRY,Daylight,NONE DETECTED,PEDESTRIAN,Standing,OTHER,OTHER,Unknown,Possible Minor Injury,N/A,39.05519,-77.08034,2022,7,11
220032828,07/31/2022 04:08:00 AM,NA,PEDESTRIAN,Clear,NA,Dark,UNKNOWN,PEDESTRIAN,Other,NO IMPROPER ACTIONS,OTHER,No,Possible Minor Injury,NONE,39.0618885,-77.12498919,2022,7,4
220032808,07/31/2022 12:02:00 AM,GEORGIA AVE,OTHER CONVEYANCE,Clear,DRY,Medium,UNKNOWN,OTHER CONVEYANCE,Walking/Riding w/Traffic,NO IMPROPER ACTIONS,ON ROADWAY NOT AT CROSSWALK,No,Suspected Serious Injury,LIGHTING,39.05801333,-77.04850333,2022,7,0
220032576,07/29/2022 10:52:00 AM,LONGSPUR ALLEY,PEDESTRIAN,Cloudy,DRY,Daylight,NONE DETECTED,PEDESTRIAN,Standing,N/A,OTHER,No,Possible Minor Injury,N/A,39.21689883,-77.2822025,2022,7,10
220032556,07/29/2022 07:50:00 AM,NA,PEDESTRIAN,Cloudy,NA,Daylight,UNKNOWN,PEDESTRIAN,Standing,NO IMPROPER ACTIONS,OTHER,No,Possible Minor Injury,N/A,39.01023333,-77.11491667,2022,7,7
220032397,07/28/2022 05:07:00 AM,NEW HAMPSHIRE AVE,PEDESTRIAN,Clear,DRY,Medium,UNKNOWN,PEDESTRIAN,Cross/Enter at Intersection,UNKNOWN,AT INTERSECTION MARKED CROSSWALK,No,Suspected Serious Injury,NONE,39.04573167,-76.99053167,2022,7,5
220032095,07/25/2022 10:15:00 PM,16TH ST,OTHER,Clear,N/A,Medium,N/A,OTHER,Cross/Enter at Intersection,FAILURE TO OBEY TRAFFIC SIGNS SIGNALS OR OFFICER,ON ROADWAY AT CROSSWALK,Yes,Possible Minor Injury,UNKNOWN,38.991065,-77.02728667,2022,7,22
220032034,07/25/2022 03:28:00 PM,DIAMONDBACK DR,PEDESTRIAN,Rain,WET,Daylight,N/A,PEDESTRIAN,Cross/Enter at Intersection,NO IMPROPER ACTIONS,ON ROADWAY AT CROSSWALK,No,Possible Minor Injury,NONE,39.14105145,-77.20802565,2022,7,15
220031975,07/25/2022 09:03:00 AM,NA,BICYCLIST,Clear,NA,Daylight,NONE DETECTED,BICYCLIST,Walking/Cycling on Sidewalk,WRONG WAY RIDING OR WALKING,SIDEWALK,Yes,Possible Minor Injury,MC/BIKE HELMET,39.06200167,-77.09347,2022,7,9
220031949,07/25/2022 05:17:00 AM,GOOD HOPE RD,PEDESTRIAN,Clear,DRY,Medium,NONE DETECTED,PEDESTRIAN,Standing,OTHER,AT INTERSECTION BUT NO CROSSWALK,Unknown,Possible Minor Injury,NONE,39.11042167,-76.979125,2022,7,5
220031928,07/24/2022 11:00:00 PM,NEEDLE DR,PEDESTRIAN,Clear,DRY,Dark,N/A,PEDESTRIAN,Standing,UNKNOWN,OTHER,No,Suspected Serious Injury,N/A,39.22153777,-77.24664433,2022,7,23
220031709,07/23/2022 11:30:00 AM,GLEN RD,BICYCLIST,Clear,DRY,Daylight,NONE DETECTED,BICYCLIST,Walking/Riding w/Traffic,NO IMPROPER ACTIONS,SHOULDER,No,Possible Minor Injury,MC/BIKE HELMET,39.06776667,-77.25899333,2022,7,11
220031653,07/22/2022 11:00:00 PM,ROCKVILLE PIKE,PEDESTRIAN,Clear,DRY,Medium,UNKNOWN,PEDESTRIAN,Standing,NOT VISIBLE,CURB,No,Possible Minor Injury,NONE,39.04869651,-77.09443398,2022,7,23
220031212,07/20/2022 10:49:00 AM,NA,PEDESTRIAN,Clear,NA,Daylight,NONE DETECTED,PEDESTRIAN,Walking/Cycling on Sidewalk,NO IMPROPER ACTIONS,SIDEWALK,No,Possible Minor Injury,NONE,39.149173330000004,-77.06629833,2022,7,10
220031120,07/19/2022 06:13:00 PM,FALLSGROVE DR,PEDESTRIAN,Clear,DRY,Daylight,NONE DETECTED,PEDESTRIAN,Cross/Enter at Intersection,NO IMPROPER ACTIONS,AT INTERSECTION MARKED CROSSWALK,No,Possible Minor Injury,NONE,39.07429441,-77.13723376,2022,7,18
220031080,07/19/2022 03:55:00 PM,NA,PEDESTRIAN,Clear,NA,Daylight,NONE DETECTED,PEDESTRIAN,Other,NO IMPROPER ACTIONS,N/A,No,Possible Minor Injury,N/A,39.07429441,-77.13723376,2022,7,15
220031043,07/19/2022 12:59:00 PM,GREAT SENECA HWY,PEDESTRIAN,Clear,DRY,Daylight,NONE DETECTED,PEDESTRIAN,Cross/Enter at Intersection,FAILURE TO OBEY TRAFFIC SIGNS SIGNALS OR OFFICER,AT INTERSECTION MARKED CROSSWALK,Yes,Possible Minor Injury,NONE,39.14614317,-77.274504,2022,7,12
220031010,07/19/2022 10:30:00 AM,QUEBEC ST,OTHER,Clear,DRY,Daylight,NONE DETECTED,OTHER,N/A,OTHER,N/A,No,No Apparent Injury,NONE,38.999831,-76.98935667,2022,7,10
220030521,07/19/2022 01:37:00 AM,NA,PEDESTRIAN,Clear,NA,Medium,UNKNOWN,PEDESTRIAN,Standing,NO IMPROPER ACTIONS,OTHER,No,Possible Minor Injury,N/A,38.99053,-77.02358,2022,7,1
220030840,07/18/2022 12:35:00 PM,NA,BICYCLIST,Clear,NA,Daylight,NONE DETECTED,BICYCLIST,Walking/Cycling on Sidewalk,INATTENTIVE,SIDEWALK,Yes,Possible Minor Injury,NONE,39.14100877,-77.20797875,2022,7,12
220030779,07/18/2022 05:54:00 AM,WARING STATION RD,PEDESTRIAN,Cloudy,DRY,Medium,UNKNOWN,PEDESTRIAN,N/A,IN ROADWAY IMPROPERLY,N/A,Yes,Possible Minor Injury,N/A,39.16473833,-77.24378667,2022,7,5
220030691,07/17/2022 02:15:00 PM,GIRARD ST,PEDESTRIAN,Clear,DRY,Daylight,UNKNOWN,PEDESTRIAN,Cross/Enter at Intersection,NO IMPROPER ACTIONS,ON ROADWAY AT CROSSWALK,No,Possible Minor Injury,NONE,39.15382756,-77.20230706,2022,7,14
220030495,07/15/2022 09:20:00 PM,E DIAMOND AVE,PEDESTRIAN,Clear,DRY,Medium,NONE DETECTED,PEDESTRIAN,Cross/Enter not at Intersection,IN ROADWAY IMPROPERLY,ON ROADWAY NOT AT CROSSWALK,Yes,Suspected Serious Injury,NONE,39.13991223,-77.19555445,2022,7,21
220030286,07/15/2022 05:12:00 PM,LOCKWOOD DR,PEDESTRIAN,Clear,DRY,Daylight,NONE DETECTED,PEDESTRIAN,Cross/Enter not at Intersection,NO IMPROPER ACTIONS,MIDBLOCK MARKED CROSSWALK,No,Suspected Serious Injury,NONE,39.05324833,-76.96290833,2022,7,17
220030117,07/13/2022 04:20:00 PM,SLIGO CREEK PKWY,BICYCLIST,Clear,DRY,Daylight,UNKNOWN,BICYCLIST,Walking/Riding w/Traffic,NO IMPROPER ACTIONS,ON ROADWAY NOT AT CROSSWALK,No,Possible Minor Injury,MC/BIKE HELMET,39.06635383,-77.1597625,2022,7,16
220030103,07/13/2022 03:07:00 PM,EAST VILLAGE AVE,PEDESTRIAN,Clear,DRY,Daylight,NONE DETECTED,PEDESTRIAN,Walking/Cycling on Sidewalk,NO IMPROPER ACTIONS,SIDEWALK,No,Suspected Serious Injury,N/A,39.18807,-77.16496,2022,7,15
220030048,07/13/2022 09:58:00 AM,SENECA CHASE PARK RD,PEDESTRIAN,Clear,DRY,Daylight,NONE DETECTED,PEDESTRIAN,Getting off/on Vehicle,UNKNOWN,ON ROADWAY NOT AT CROSSWALK,Unknown,Possible Minor Injury,REFLECTIVE CLOTHING,39.11399667,-77.27276667,2022,7,9
220029908,07/12/2022 11:45:00 AM,CONNECTICUT AVE,BICYCLIST,Clear,DRY,Daylight,N/A,BICYCLIST,Cross/Enter at Intersection,NO IMPROPER ACTIONS,SIDEWALK,No,Possible Minor Injury,MC/BIKE HELMET,38.991765,-77.07699833,2022,7,11
220029820,07/11/2022 06:27:00 PM,NICHOLSON LA,PEDESTRIAN,Clear,DRY,Daylight,NONE DETECTED,PEDESTRIAN,Cross/Enter at Intersection,NO IMPROPER ACTIONS,ON ROADWAY AT CROSSWALK,No,Possible Minor Injury,N/A,39.0454131,-77.10500228,2022,7,18
20029820,07/11/2022 06:27:00 PM,NICHOLSON LA,PEDESTRIAN,Clear,DRY,Daylight,NONE DETECTED,PEDESTRIAN,Cross/Enter at Intersection,NO IMPROPER ACTIONS,ON ROADWAY AT CROSSWALK,No,Possible Minor Injury,NONE,39.04544833,-77.10511833,2022,7,18
220029813,07/11/2022 05:45:00 PM,NA,PEDESTRIAN,Clear,NA,Daylight,N/A,PEDESTRIAN,Other Working,N/A,OTHER,No,Possible Minor Injury,NONE,39.109655,-76.92519517,2022,7,17
220029712,07/11/2022 06:42:00 AM,CHAPMAN AVE,OTHER,Clear,DRY,Daylight,UNKNOWN,OTHER,Cross/Enter at Intersection,UNKNOWN,AT INTERSECTION MARKED CROSSWALK,Unknown,Possible Minor Injury,MC/BIKE HELMET,39.0599561,-77.1200266,2022,7,6
220029582,07/10/2022 10:26:00 AM,MACARTHUR BLVD,BICYCLIST,Clear,DRY,Daylight,N/A,BICYCLIST,Walking/Riding w/Traffic,NO IMPROPER ACTIONS,SHOULDER,Yes,Possible Minor Injury,MC/BIKE HELMET,38.97599333,-77.18048333,2022,7,10
220029530,07/09/2022 09:27:00 PM,NEW HAMPSHIRE AVE,PEDESTRIAN,Clear,DRY,Dark,UNKNOWN,PEDESTRIAN,Cross/Enter at Intersection,NOT VISIBLE,ON ROADWAY AT CROSSWALK,No,Possible Minor Injury,NONE,39.04016,-76.98971,2022,7,21
220029471,07/09/2022 12:24:00 PM,MONTROSE RD,PEDESTRIAN,Rain,WET,Daylight,NONE DETECTED,PEDESTRIAN,Cross/Enter at Intersection,NO IMPROPER ACTIONS,ON ROADWAY NOT AT CROSSWALK,No,Possible Minor Injury,NONE,39.05342,-77.13329233,2022,7,12
220029453,07/09/2022 10:07:00 AM,NEW HAMPSHIRE AVE,PEDESTRIAN,Clear,DRY,Daylight,NONE DETECTED,PEDESTRIAN,Cross/Enter not at Intersection,IN ROADWAY IMPROPERLY,OTHER,Yes,Suspected Serious Injury,N/A,38.99192361,-76.99186574,2022,7,10
220029330,07/08/2022 03:19:00 PM,HUNGERFORD DR,PEDESTRIAN,Clear,DRY,Daylight,UNKNOWN,PEDESTRIAN,Cross/Enter at Intersection,NO IMPROPER ACTIONS,ON ROADWAY AT CROSSWALK,No,Possible Minor Injury,NONE,39.0891809,-77.1516253,2022,7,15
220029316,07/08/2022 07:00:00 AM,BONIFANT ST,PEDESTRIAN,Clear,DRY,Daylight,UNKNOWN,PEDESTRIAN,Walking/Riding w/Traffic,INATTENTIVE,ON ROADWAY NOT AT CROSSWALK,Yes,Possible Minor Injury,NONE,38.9910875,-77.02782433,2022,7,7
220028667,07/05/2022 11:35:00 AM,NA,BICYCLIST,Clear,NA,Daylight,NA,BICYCLIST,Walking/Riding w/Traffic,INATTENTIVE,SIDEWALK,Yes,Possible Minor Injury,NONE,39.14109613,-77.21031637,2022,7,11
220028763,07/05/2022 09:02:00 AM,PINEY MEETINGHOUSE RD,BICYCLIST,Cloudy,DRY,Daylight,NONE DETECTED,BICYCLIST,Walking/Riding w/Traffic,NO IMPROPER ACTIONS,ON ROADWAY NOT AT CROSSWALK,No,Suspected Serious Injury,MC/BIKE HELMET,39.07564833,-77.22235333,2022,7,9
220028685,07/04/2022 02:12:00 PM,SANDY SPRING RD,"BICYCLIST, OTHER",Clear,DRY,Daylight,NONE DETECTED,BICYCLIST,Cross/Enter at Intersection,FAILURE TO YIELD RIGHT OF WAY,OUTSIDE RIGHT OF WAY,Yes,Suspected Serious Injury,NONE,39.10874,-76.92343667,2022,7,14
220028685,07/04/2022 02:12:00 PM,SANDY SPRING RD,"BICYCLIST, OTHER",Clear,DRY,Daylight,NONE DETECTED,OTHER,N/A,N/A,N/A,No,No Apparent Injury,N/A,39.10874,-76.92343667,2022,7,14
220028616,07/03/2022 09:44:00 PM,FREDERICK RD,PEDESTRIAN,Clear,DRY,Medium,N/A,PEDESTRIAN,Standing,DISABLED VEHICLE RELATED,OTHER,Yes,Suspected Serious Injury,N/A,39.14758608,-77.20593278,2022,7,21
220028270,07/01/2022 10:44:00 AM,NA,PEDESTRIAN,Clear,NA,Daylight,NONE DETECTED,PEDESTRIAN,Standing,NO IMPROPER ACTIONS,OTHER,No,Possible Minor Injury,NONE,39.14258257,-77.19493868,2022,7,10
220028253,07/01/2022 09:00:00 AM,GEORGIA AVE,PEDESTRIAN,Clear,DRY,Daylight,NONE DETECTED,PEDESTRIAN,Cross/Enter at Intersection,NO IMPROPER ACTIONS,ON ROADWAY AT CROSSWALK,No,Possible Minor Injury,NONE,39.149255,-77.066515,2022,7,9
220028240,07/01/2022 06:55:00 AM,RANDOLPH RD,BICYCLIST,Clear,DRY,Daylight,NONE DETECTED,BICYCLIST,Cross/Enter not at Intersection,N/A,ON ROADWAY NOT AT CROSSWALK,Yes,Suspected Serious Injury,NONE,39.05796167,-77.048425,2022,7,6
220028006,06/30/2022 06:12:00 PM,NA,OTHER,Clear,NA,Daylight,NONE DETECTED,OTHER,Other,N/A,OTHER,No,No Apparent Injury,N/A,39.14592833,-77.06694667,2022,6,18
220028180,06/30/2022 05:30:00 PM,MONTGOMERY VILLAGE AVE,PEDESTRIAN,Clear,DRY,Daylight,N/A,PEDESTRIAN,Cross/Enter not at Intersection,IN ROADWAY IMPROPERLY,MEDIAN,Yes,Possible Minor Injury,NONE,39.18790333,-77.19760167,2022,6,17
220028163,06/30/2022 04:06:00 PM,BASSWOOD HILL DR,OTHER PEDALCYCLIST,Clear,DRY,Daylight,NONE DETECTED,OTHER PEDALCYCLIST,Playing,N/A,OTHER,No,Possible Minor Injury,MC/BIKE HELMET,39.24493833,-77.18666,2022,6,16
22001096,06/30/2022 03:50:00 PM,LITTLE FALLS PKWY,OTHER,Clear,DRY,Daylight,NONE DETECTED,OTHER,N/A,N/A,N/A,Unknown,No Apparent Injury,N/A,38.97287633,-77.100504,2022,6,15
220028119,06/30/2022 12:33:00 PM,NA,PEDESTRIAN,Clear,NA,Daylight,NONE DETECTED,PEDESTRIAN,Standing,NO IMPROPER ACTIONS,OTHER,No,Possible Minor Injury,N/A,39.15587113,-77.21361772,2022,6,12
220027984,06/29/2022 04:00:00 PM,NA,OTHER CONVEYANCE,Clear,NA,Daylight,NONE DETECTED,OTHER CONVEYANCE,Other,N/A,OTHER,No,No Apparent Injury,NONE,39.06470036,-77.12648117,2022,6,16
220027756,06/28/2022 08:37:00 AM,TIMBERWOOD AVE,PEDESTRIAN,Clear,DRY,Daylight,UNKNOWN,PEDESTRIAN,Getting off/on Vehicle,IN ROADWAY IMPROPERLY,ON ROADWAY NOT AT CROSSWALK,Yes,Possible Minor Injury,NONE,39.02165167,-77.01238833,2022,6,8
220027715,06/27/2022 07:25:00 PM,NA,OTHER,Clear,NA,Daylight,NONE DETECTED,OTHER,N/A,NO IMPROPER ACTIONS,INSIDE BUILDING,No,Possible Minor Injury,N/A,39.057375,-77.12152333,2022,6,19
220027586,06/27/2022 08:47:00 AM,LINCOLNSHIRE DR,PEDESTRIAN,Clear,DRY,Daylight,N/A,PEDESTRIAN,Other Working,NO IMPROPER ACTIONS,OTHER,No,No Apparent Injury,REFLECTIVE CLOTHING,39.063115,-77.18202833,2022,6,8
220027586,06/27/2022 08:47:00 AM,LINCOLNSHIRE DR,PEDESTRIAN,Clear,DRY,Daylight,N/A,PEDESTRIAN,Other Working,NO IMPROPER ACTIONS,OTHER,No,Possible Minor Injury,REFLECTIVE CLOTHING,39.063115,-77.18202833,2022,6,8
220027533,06/26/2022 05:52:00 PM,NA,PEDESTRIAN,Clear,NA,Daylight,N/A,PEDESTRIAN,Standing,UNKNOWN,OTHER,No,Possible Minor Injury,N/A,38.98549165,-77.01284714,2022,6,17
220027515,06/26/2022 02:00:00 PM,NA,PEDESTRIAN,Clear,NA,Daylight,NONE DETECTED,PEDESTRIAN,Standing,NO IMPROPER ACTIONS,OTHER,No,Possible Minor Injury,N/A,39.28503986,-77.20887197,2022,6,14
220027483,06/26/2022 09:35:00 AM,LOCKWOOD DR,PEDESTRIAN,Clear,DRY,Daylight,NONE DETECTED,PEDESTRIAN,Cross/Enter not at Intersection,INATTENTIVE,ON ROADWAY NOT AT CROSSWALK,No,Possible Minor Injury,NONE,39.04116277,-76.98640652,2022,6,9
220027447,06/25/2022 10:57:00 PM,NEW HAMPSHIRE AVE,PEDESTRIAN,Clear,DRY,Medium,UNKNOWN,PEDESTRIAN,Cross/Enter not at Intersection,UNKNOWN,ON ROADWAY NOT AT CROSSWALK,Yes,Suspected Serious Injury,NONE,39.02297333,-76.97816167,2022,6,22
220027392,06/25/2022 12:17:00 PM,FLOWER AVE,PEDESTRIAN,Clear,DRY,Daylight,"ALCOHOL PRESENT, N/A",PEDESTRIAN,Cross/Enter at Intersection,NO IMPROPER ACTIONS,ON ROADWAY AT CROSSWALK,No,Possible Minor Injury,NONE,38.99832333,-77.00416167,2022,6,12
220027189,06/24/2022 04:30:00 AM,GEORGIA AVE,PEDESTRIAN,Clear,DRY,Dark,NONE DETECTED,PEDESTRIAN,Cross/Enter not at Intersection,IN ROADWAY IMPROPERLY,ON ROADWAY NOT AT CROSSWALK,Yes,Fatal Injury,N/A,39.09968167,-77.07761667,2022,6,4
220026993,06/22/2022 08:50:00 PM,UNIVERSITY BLVD E,PEDESTRIAN,Rain,WET,Dark,NONE DETECTED,PEDESTRIAN,Cross/Enter not at Intersection,FAILURE TO YIELD RIGHT OF WAY,ON ROADWAY NOT AT CROSSWALK,Yes,Possible Minor Injury,NONE,39.00114405,-76.99546947,2022,6,20
220026609,06/20/2022 06:24:00 PM,WOODFIELD RD,PEDESTRIAN,Clear,DRY,Daylight,NONE DETECTED,PEDESTRIAN,Cross/Enter not at Intersection,FAILURE TO YIELD RIGHT OF WAY,ON ROADWAY NOT AT CROSSWALK,Yes,Suspected Serious Injury,N/A,39.27226333,-77.20455333,2022,6,18
220026555,06/20/2022 12:08:00 PM,WISCONSIN AVE,BICYCLIST,Clear,DRY,Daylight,NONE DETECTED,BICYCLIST,Cross/Enter at Intersection,NO IMPROPER ACTIONS,ON ROADWAY AT CROSSWALK,No,Possible Minor Injury,NONE,38.97637399,-77.09030635,2022,6,12
220026432,06/19/2022 07:00:00 AM,EAST WEST HWY,PEDESTRIAN,Clear,DRY,Daylight,N/A,PEDESTRIAN,Cross/Enter at Intersection,NO IMPROPER ACTIONS,ON ROADWAY AT CROSSWALK,No,Suspected Serious Injury,N/A,38.99374076,-77.05190853,2022,6,7
220026307,06/18/2022 03:36:00 PM,FREDERICK RD,BICYCLIST,Clear,DRY,Daylight,NONE DETECTED,BICYCLIST,Cross/Enter not at Intersection,NO IMPROPER ACTIONS,ON ROADWAY AT CROSSWALK,No,Possible Minor Injury,NONE,39.12460926,-77.18016095,2022,6,15
220026096,06/17/2022 12:40:00 PM,BRENISH DR,OTHER CONVEYANCE,Clear,DRY,Daylight,UNKNOWN,OTHER CONVEYANCE,Cross/Enter at Intersection,NO IMPROPER ACTIONS,ON ROADWAY AT CROSSWALK,No,Possible Minor Injury,NONE,39.17550333,-77.15181667,2022,6,12
220026071,06/17/2022 09:44:00 AM,NA,PEDESTRIAN,Clear,NA,Daylight,NA,PEDESTRIAN,Getting off/on Vehicle,N/A,ON ROADWAY NOT AT CROSSWALK,Yes,Suspected Serious Injury,N/A,39.04169749,-77.15658611,2022,6,9
220026008,06/16/2022 09:25:00 PM,NA,PEDESTRIAN,Clear,NA,Medium,NONE DETECTED,PEDESTRIAN,Other,FAILURE TO YIELD RIGHT OF WAY,OTHER,No,Possible Minor Injury,NONE,39.04673924,-77.09930908,2022,6,21
220026008,06/16/2022 09:25:00 PM,NA,PEDESTRIAN,Clear,NA,Medium,NONE DETECTED,PEDESTRIAN,Other,OTHER,OTHER,No,Possible Minor Injury,NONE,39.04673924,-77.09930908,2022,6,21
220025975,06/16/2022 06:25:00 PM,WOODMONT AVE,PEDESTRIAN,Clear,DRY,Daylight,NONE DETECTED,PEDESTRIAN,Cross/Enter not at Intersection,IN ROADWAY IMPROPERLY,ON ROADWAY NOT AT CROSSWALK,Yes,Possible Minor Injury,N/A,38.99111846,-77.09678378,2022,6,18
220025898,06/15/2022 12:11:00 PM,LAYHILL RD,BICYCLIST,Clear,DRY,Daylight,NONE DETECTED,BICYCLIST,Walking/Riding w/Traffic,NO IMPROPER ACTIONS,IN BIKEWAY,No,Possible Minor Injury,MC/BIKE HELMET,39.10011367,-77.04173487,2022,6,12
220025540,06/14/2022 09:50:00 AM,FIELDS RD,PEDESTRIAN,Clear,DRY,Daylight,NONE DETECTED,PEDESTRIAN,Cross/Enter not at Intersection,FAILURE TO YIELD RIGHT OF WAY,ON ROADWAY NOT AT CROSSWALK,Yes,Possible Minor Injury,NONE,39.11546,-77.20414833,2022,6,9
220025437,06/13/2022 04:10:00 PM,ROCKVILLE PIKE,OTHER CONVEYANCE,Clear,DRY,Daylight,UNKNOWN,OTHER CONVEYANCE,Walking/Riding against Traffic,WRONG WAY RIDING OR WALKING,ON ROADWAY AT CROSSWALK,Yes,Possible Minor Injury,MC/BIKE HELMET,39.0753,-77.13718167,2022,6,16
220025421,06/13/2022 03:58:00 PM,GREENWOOD AVE,PEDESTRIAN,Clear,DRY,Daylight,NONE DETECTED,PEDESTRIAN,Cross/Enter at Intersection,NO IMPROPER ACTIONS,ON ROADWAY AT CROSSWALK,No,Possible Minor Injury,NONE,38.99822301,-77.00215043,2022,6,15
220025349,06/13/2022 11:01:00 AM,NORWOOD RD,PEDESTRIAN,Clear,DRY,Daylight,NONE DETECTED,PEDESTRIAN,Other Working,NO IMPROPER ACTIONS,OTHER,No,Possible Minor Injury,N/A,39.11543667,-77.01710667,2022,6,11
220025299,06/12/2022 11:59:00 PM,COLESVILLE RD,PEDESTRIAN,Clear,DRY,Medium,NONE DETECTED,PEDESTRIAN,Cross/Enter at Intersection,FAILURE TO YIELD RIGHT OF WAY,ON ROADWAY NOT AT CROSSWALK,Yes,Possible Minor Injury,N/A,38.99748321,-77.02703596,2022,6,23
220025065,06/11/2022 09:32:00 AM,NA,OTHER,Rain,NA,Daylight,N/A,OTHER,Other,N/A,OTHER,No,Possible Minor Injury,N/A,39.05456683,-76.967925,2022,6,9
220025009,06/10/2022 10:35:00 PM,UNIVERSITY BLVD W,PEDESTRIAN,Clear,DRY,Medium,NONE DETECTED,PEDESTRIAN,Cross/Enter not at Intersection,UNKNOWN,ON ROADWAY NOT AT CROSSWALK,Yes,Possible Minor Injury,N/A,39.0414565,-77.05098933,2022,6,22
220024969,06/10/2022 05:45:00 PM,ROCKVILLE PIKE,PEDESTRIAN,Clear,DRY,Daylight,NONE DETECTED,PEDESTRIAN,Cross/Enter at Intersection,NO IMPROPER ACTIONS,AT INTERSECTION BUT NO CROSSWALK,No,Possible Minor Injury,NONE,39.0756735,-77.13801,2022,6,17
220024808,06/09/2022 04:22:00 PM,NA,PEDESTRIAN,Clear,NA,Daylight,NONE DETECTED,PEDESTRIAN,Standing,INATTENTIVE,ON ROADWAY NOT AT CROSSWALK,Yes,Possible Minor Injury,NONE,39.148023,-77.22563867,2022,6,16
220024661,06/08/2022 07:50:00 PM,LONGDRAFT RD,MACHINE OPERATOR/RIDER,Rain,WET,Daylight,NONE DETECTED,MACHINE OPERATOR/RIDER,Cross/Enter at Intersection,INATTENTIVE,ON ROADWAY NOT AT CROSSWALK,Yes,Possible Minor Injury,NONE,39.14463696,-77.23817045,2022,6,19
220024539,06/08/2022 09:18:00 AM,WOODGLEN DR,PEDESTRIAN,Clear,DRY,Daylight,NONE DETECTED,PEDESTRIAN,Cross/Enter at Intersection,NO IMPROPER ACTIONS,ON ROADWAY AT CROSSWALK,No,Possible Minor Injury,N/A,39.04322833,-77.11333,2022,6,9
220024465,06/07/2022 05:10:00 PM,FREDERICK RD,PEDESTRIAN,Rain,WET,Daylight,N/A,PEDESTRIAN,Cross/Enter not at Intersection,IN ROADWAY IMPROPERLY,AT INTERSECTION BUT NO CROSSWALK,No,Possible Minor Injury,N/A,39.16776167,-77.23021833,2022,6,17
220024244,06/06/2022 04:00:00 PM,RAMP 4 FR US 29 NB TO MD 198 EB,PEDESTRIAN,Clear,DRY,Daylight,NONE DETECTED,PEDESTRIAN,Cross/Enter at Intersection,NO IMPROPER ACTIONS,ON ROADWAY AT CROSSWALK,No,No Apparent Injury,NONE,39.11157667,-76.92853833,2022,6,16
220024162,06/06/2022 08:27:00 AM,WISCONSIN AVE,PEDESTRIAN,Clear,DRY,Daylight,NONE DETECTED,PEDESTRIAN,Cross/Enter at Intersection,NO IMPROPER ACTIONS,ON ROADWAY AT CROSSWALK,No,Possible Minor Injury,N/A,38.97849333,-77.09124833,2022,6,8
220024140,06/06/2022 01:06:00 AM,NA,PEDESTRIAN,Clear,NA,Medium,UNKNOWN,PEDESTRIAN,Getting off/on Vehicle,UNKNOWN,OTHER,No,Possible Minor Injury,UNKNOWN,39.0764055,-77.11770133,2022,6,1
220024093,06/05/2022 03:24:00 PM,TUCKERMAN LA,BICYCLIST,Clear,DRY,Daylight,NONE DETECTED,BICYCLIST,Unknown,UNKNOWN,UNKNOWN,Yes,Suspected Serious Injury,UNKNOWN,39.0417576,-77.17706036,2022,6,15
220024084,06/05/2022 02:39:00 PM,LINDELL ST,PEDESTRIAN,Clear,DRY,Daylight,NONE DETECTED,PEDESTRIAN,Cross/Enter not at Intersection,NOT VISIBLE,ON ROADWAY NOT AT CROSSWALK,No,Possible Minor Injury,NONE,39.0559565,-77.05680483,2022,6,14
220023874,06/03/2022 10:00:00 PM,GRIDLEY RD,PEDESTRIAN,Clear,DRY,Dark,NONE DETECTED,PEDESTRIAN,Cross/Enter at Intersection,NO IMPROPER ACTIONS,ON ROADWAY AT CROSSWALK,No,No Apparent Injury,NONE,39.05656167,-77.08530333,2022,6,22
220023874,06/03/2022 10:00:00 PM,GRIDLEY RD,PEDESTRIAN,Clear,DRY,Dark,NONE DETECTED,PEDESTRIAN,Cross/Enter at Intersection,NO IMPROPER ACTIONS,ON ROADWAY AT CROSSWALK,No,Fatal Injury,NONE,39.05656167,-77.08530333,2022,6,22
220023880,06/03/2022 09:25:00 PM,MONTGOMERY VILLAGE AVE,PEDESTRIAN,Clear,DRY,Dark,NONE DETECTED,PEDESTRIAN,Cross/Enter at Intersection,FAILURE TO OBEY TRAFFIC SIGNS SIGNALS OR OFFICER,ON ROADWAY NOT AT CROSSWALK,Yes,Suspected Serious Injury,NONE,39.16146231,-77.20207556,2022,6,21
220023658,06/03/2022 04:38:00 PM,NA,PEDESTRIAN,Rain,NA,Daylight,NONE DETECTED,PEDESTRIAN,Other,N/A,OTHER,No,Possible Minor Injury,NONE,39.034865,-77.05549293,2022,6,16
220023650,06/02/2022 04:07:00 PM,NA,PEDESTRIAN,Rain,NA,Daylight,UNKNOWN,PEDESTRIAN,Other,NO IMPROPER ACTIONS,OTHER,No,Possible Minor Injury,NONE,39.15674245,-77.20225061,2022,6,16
220023618,06/02/2022 02:01:00 PM,E WAYNE AVE,OTHER,Cloudy,DRY,Daylight,NONE DETECTED,OTHER,Other Working,IMPROPER TURN MERGE,OUTSIDE RIGHT OF WAY,Yes,Possible Minor Injury,NONE,39.00066833,-77.008745,2022,6,14
220023561,06/02/2022 09:00:00 AM,NA,PEDESTRIAN,Clear,NA,Daylight,NONE DETECTED,PEDESTRIAN,Walking to/from school,DART DASH,OTHER,No,Possible Minor Injury,NONE,39.07936509,-77.14508319,2022,6,9
220023561,06/02/2022 09:00:00 AM,NA,PEDESTRIAN,Clear,NA,Daylight,NONE DETECTED,PEDESTRIAN,Walking to/from school,DART DASH,OTHER,No,No Apparent Injury,NONE,39.07936509,-77.14508319,2022,6,9
220023464,06/01/2022 04:10:00 PM,DRAKE DR,BICYCLIST,Clear,DRY,Daylight,N/A,BICYCLIST,Cross/Enter at Intersection,NO IMPROPER ACTIONS,SIDEWALK,No,Possible Minor Injury,UNKNOWN,39.08466833,-77.10403,2022,6,16
220023484,06/01/2022 04:09:00 PM,OLD GEORGETOWN RD,BICYCLIST,Clear,DRY,Daylight,NONE DETECTED,BICYCLIST,Walking/Cycling on Sidewalk,IN ROADWAY IMPROPERLY,ON ROADWAY NOT AT CROSSWALK,Yes,Fatal Injury,NONE,39.02156833,-77.12286667,2022,6,16
220022518,06/01/2022 02:15:00 PM,NA,PEDESTRIAN,Clear,NA,Daylight,N/A,PEDESTRIAN,Other,NO IMPROPER ACTIONS,OTHER,No,No Apparent Injury,N/A,39.14941667,-77.06661833,2022,6,14
220023403,06/01/2022 10:20:00 AM,NA,OTHER,Clear,NA,Daylight,NONE DETECTED,OTHER,Other,UNKNOWN,INSIDE BUILDING,No,No Apparent Injury,N/A,38.98745833,-77.028725,2022,6,10
220023320,05/31/2022 06:17:00 PM,BLUHILL RD,PEDESTRIAN,Clear,DRY,Daylight,NONE DETECTED,PEDESTRIAN,Cross/Enter at Intersection,NO IMPROPER ACTIONS,ON ROADWAY AT CROSSWALK,No,No Apparent Injury,NONE,39.05908017,-77.06501383,2022,5,18
220023231,05/31/2022 08:00:00 AM,MONTGOMERY VILLAGE AVE,BICYCLIST,Clear,DRY,Daylight,UNKNOWN,BICYCLIST,Walking/Riding w/Traffic,NO IMPROPER ACTIONS,ON ROADWAY NOT AT CROSSWALK,No,Suspected Serious Injury,MC/BIKE HELMET,39.17209209,-77.2035929,2022,5,8
220023174,05/30/2022 11:15:00 PM,COLUMBIA PIKE,PEDESTRIAN,Clear,DRY,Medium,NONE DETECTED,PEDESTRIAN,Cross/Enter at Intersection,DART DASH,ON ROADWAY NOT AT CROSSWALK,Yes,Suspected Serious Injury,NONE,39.032518,-77.003423,2022,5,23
220023142,05/30/2022 07:19:00 PM,NA,OTHER,Clear,NA,Daylight,NONE DETECTED,OTHER,N/A,NO IMPROPER ACTIONS,INSIDE BUILDING,No,No Apparent Injury,N/A,39.091989,-76.93580717,2022,5,19
220023142,05/30/2022 07:19:00 PM,NA,OTHER,Clear,NA,Daylight,NONE DETECTED,OTHER,N/A,NO IMPROPER ACTIONS,INSIDE BUILDING,No,No Apparent Injury,N/A,39.091989,-76.93580717,2022,5,19
220022996,05/29/2022 03:34:00 PM,NA,PEDESTRIAN,Cloudy,NA,Daylight,NONE DETECTED,PEDESTRIAN,Other,N/A,OTHER,Unknown,Possible Minor Injury,N/A,39.05267,-77.05011667,2022,5,15
220022976,05/29/2022 11:00:00 AM,GLEN RD,BICYCLIST,Clear,DRY,Daylight,NONE DETECTED,BICYCLIST,Walking/Riding w/Traffic,OTHER,ON ROADWAY NOT AT CROSSWALK,Yes,No Apparent Injury,MC/BIKE HELMET,39.04605037,-77.21778643,2022,5,11
220022848,05/28/2022 01:35:00 PM,NA,PEDESTRIAN,Clear,NA,Daylight,NA,PEDESTRIAN,Standing,ENTERING EXITING PARKED STANDING VEHICLE,OTHER,Yes,Possible Minor Injury,N/A,39.14814797,-77.21084375,2022,5,13
220022703,05/27/2022 04:23:00 PM,LOST KNIFE RD,BICYCLIST,Cloudy,WET,Daylight,NONE DETECTED,BICYCLIST,Cross/Enter at Intersection,NO IMPROPER ACTIONS,AT INTERSECTION BUT NO CROSSWALK,No,No Apparent Injury,NONE,39.1549356,-77.2010206,2022,5,16
220022524,05/26/2022 03:03:00 PM,TILDEN LA,BICYCLIST,Cloudy,DRY,Daylight,NONE DETECTED,BICYCLIST,Cross/Enter at Intersection,NO IMPROPER ACTIONS,ON ROADWAY AT CROSSWALK,No,Possible Minor Injury,MC/BIKE HELMET,39.04364167,-77.13082667,2022,5,15
220022002,05/23/2022 04:45:00 PM,CLARKSBURG RD,BICYCLIST,Clear,DRY,Daylight,NONE DETECTED,BICYCLIST,Walking/Riding w/Traffic,IN ROADWAY IMPROPERLY,ON ROADWAY NOT AT CROSSWALK,Yes,Possible Minor Injury,NONE,39.245105,-77.277885,2022,5,16
220021952,05/23/2022 01:30:00 PM,GEORGIAN WAY,BICYCLIST,Clear,DRY,Daylight,NONE DETECTED,BICYCLIST,Walking/Riding against Traffic,NO IMPROPER ACTIONS,SIDEWALK,No,No Apparent Injury,NONE,39.054195,-77.05031,2022,5,13
220021835,05/22/2022 03:15:00 PM,GEORGIA AVE,PEDESTRIAN,Clear,DRY,Daylight,NONE DETECTED,PEDESTRIAN,Cross/Enter at Intersection,NO IMPROPER ACTIONS,ON ROADWAY AT CROSSWALK,No,Possible Minor Injury,N/A,39.04295333,-77.05214333,2022,5,15
220021835,05/22/2022 03:15:00 PM,GEORGIA AVE,PEDESTRIAN,Clear,DRY,Daylight,NONE DETECTED,PEDESTRIAN,Cross/Enter at Intersection,NO IMPROPER ACTIONS,ON ROADWAY AT CROSSWALK,No,Possible Minor Injury,N/A,39.04295333,-77.05214333,2022,5,15
220021835,05/22/2022 03:15:00 PM,GEORGIA AVE,PEDESTRIAN,Clear,DRY,Daylight,NONE DETECTED,PEDESTRIAN,Cross/Enter at Intersection,NO IMPROPER ACTIONS,ON ROADWAY AT CROSSWALK,No,Possible Minor Injury,N/A,39.04295333,-77.05214333,2022,5,15
220021731,05/21/2022 06:30:00 PM,NA,PEDESTRIAN,Clear,NA,Daylight,NONE DETECTED,PEDESTRIAN,Walking/Riding w/Traffic,FAILURE TO YIELD RIGHT OF WAY,ON ROADWAY NOT AT CROSSWALK,Yes,No Apparent Injury,NONE,39.077005,-77.00293,2022,5,18
220021726,05/21/2022 05:44:00 PM,SENECA FOREST CIR,OTHER,Clear,DRY,Daylight,NA,OTHER,Getting off/on Vehicle,ENTERING EXITING PARKED STANDING VEHICLE,OTHER,Yes,No Apparent Injury,N/A,39.20750333,-77.234685,2022,5,17
220021726,05/21/2022 05:44:00 PM,SENECA FOREST CIR,OTHER,Clear,DRY,Daylight,NA,OTHER,Other,NO IMPROPER ACTIONS,OTHER,No,Suspected Serious Injury,N/A,39.20750333,-77.234685,2022,5,17
220021711,05/21/2022 04:00:00 PM,FENTON ST,PEDESTRIAN,Clear,DRY,Daylight,NONE DETECTED,PEDESTRIAN,Cross/Enter at Intersection,N/A,AT INTERSECTION MARKED CROSSWALK,No,Possible Minor Injury,N/A,38.99304768,-77.02408693,2022,5,16
220021583,05/20/2022 06:40:00 PM,MIDDLEBROOK RD,PEDESTRIAN,Clear,DRY,Daylight,NONE DETECTED,PEDESTRIAN,Cross/Enter not at Intersection,DART DASH,ON ROADWAY NOT AT CROSSWALK,Yes,Possible Minor Injury,NONE,39.18164167,-77.26942333,2022,5,18
220021345,05/19/2022 01:44:00 PM,CRABBS BRANCH WAY,OTHER,Clear,DRY,Daylight,N/A,OTHER,Cross/Enter at Intersection,FAILURE TO YIELD RIGHT OF WAY,ON ROADWAY AT CROSSWALK,Yes,Possible Minor Injury,UNKNOWN,39.1232285,-77.15694217,2022,5,13
220021170,05/18/2022 02:30:00 PM,NA,BICYCLIST,Clear,NA,Daylight,NONE DETECTED,BICYCLIST,Walking/Cycling on Sidewalk,NO IMPROPER ACTIONS,SIDEWALK,No,Possible Minor Injury,MC/BIKE HELMET,39.098385,-77.13816,2022,5,14
220021066,05/17/2022 08:11:00 PM,PARKLAND DR,BICYCLIST,Clear,DRY,Medium,N/A,BICYCLIST,Walking/Riding w/Traffic,NO IMPROPER ACTIONS,SHOULDER,No,Possible Minor Injury,MC/BIKE HELMET,39.0790152,-77.08716104,2022,5,20
220020960,05/17/2022 09:48:00 AM,MACARTHUR BLVD,BICYCLIST,Clear,DRY,Daylight,NONE DETECTED,BICYCLIST,Cross/Enter at Intersection,NO IMPROPER ACTIONS,ON ROADWAY NOT AT CROSSWALK,No,No Apparent Injury,MC/BIKE HELMET,38.9444045,-77.11671933,2022,5,9
220020677,05/15/2022 12:32:00 PM,MATENY RD,BICYCLIST,Clear,DRY,Daylight,NONE DETECTED,BICYCLIST,Cross/Enter at Intersection,NO IMPROPER ACTIONS,ON ROADWAY AT CROSSWALK,No,Possible Minor Injury,MC/BIKE HELMET,39.14622307,-77.27464274,2022,5,12
220020145,05/12/2022 08:37:00 AM,SHADY GROVE RD,BICYCLIST,Cloudy,DRY,Daylight,NONE DETECTED,BICYCLIST,Walking/Cycling on Sidewalk,NO IMPROPER ACTIONS,AT INTERSECTION MARKED CROSSWALK,No,Possible Minor Injury,NONE,39.10946505,-77.18828765,2022,5,8
220019946,05/10/2022 10:00:00 PM,GEORGIA AVE,PEDESTRIAN,Clear,DRY,Medium,NONE DETECTED,PEDESTRIAN,Cross/Enter at Intersection,NO IMPROPER ACTIONS,AT INTERSECTION MARKED CROSSWALK,No,Possible Minor Injury,REFLECTIVE CLOTHING,38.99291668,-77.02660492,2022,5,22
220019942,05/10/2022 08:47:00 PM,BRIGGS CHANEY RD,BICYCLIST,Clear,DRY,Dark,NONE DETECTED,BICYCLIST,Cross/Enter at Intersection,N/A,ON ROADWAY AT CROSSWALK,No,No Apparent Injury,NONE,39.07957667,-76.94478167,2022,5,20
220019858,05/10/2022 01:45:00 PM,NEILWOOD DR,PEDESTRIAN,Clear,DRY,Daylight,NA,PEDESTRIAN,Other Working,ENTERING EXITING PARKED STANDING VEHICLE,ON ROADWAY NOT AT CROSSWALK,Yes,Possible Minor Injury,NONE,39.04576333,-77.12315283,2022,5,13
220019736,05/09/2022 06:40:00 PM,WISCONSIN AVE,PEDESTRIAN,Clear,DRY,Daylight,N/A,PEDESTRIAN,Cross/Enter at Intersection,NO IMPROPER ACTIONS,AT INTERSECTION MARKED CROSSWALK,No,Possible Minor Injury,NONE,38.98870833,-77.09506667,2022,5,18
220019720,05/09/2022 05:05:00 PM,OLD GEORGETOWN RD,BICYCLIST,Clear,DRY,Daylight,NONE DETECTED,BICYCLIST,Cross/Enter not at Intersection,DART DASH,ON ROADWAY NOT AT CROSSWALK,Yes,Suspected Serious Injury,MC/BIKE HELMET,39.02244667,-77.12369333,2022,5,17
220019686,05/09/2022 02:00:00 PM,NA,PEDESTRIAN,Clear,NA,Daylight,NONE DETECTED,PEDESTRIAN,Other,DART DASH,OTHER,Yes,Possible Minor Injury,NONE,39.16350472,-77.22561123,2022,5,14
220019632,05/09/2022 09:12:00 AM,FELLOWSHIP CIRCLE,PEDESTRIAN,Clear,DRY,Daylight,NONE DETECTED,PEDESTRIAN,Cross/Enter at Intersection,N/A,ON ROADWAY AT CROSSWALK,No,Possible Minor Injury,NONE,39.14962532,-77.19932873,2022,5,9
220019725,05/09/2022 05:30:00 AM,TWINBROOK PKWY,PEDESTRIAN,Clear,N/A,Medium,N/A,PEDESTRIAN,Walking/Riding w/Traffic,UNKNOWN,ON ROADWAY AT CROSSWALK,Unknown,Possible Minor Injury,NONE,39.07345014,-77.11184764,2022,5,5
220019612,05/08/2022 11:45:00 PM,BROADBIRCH DR,PEDESTRIAN,Clear,DRY,Dark,UNKNOWN,PEDESTRIAN,Cross/Enter not at Intersection,IN ROADWAY IMPROPERLY,ON ROADWAY NOT AT CROSSWALK,Yes,Possible Minor Injury,NONE,39.05549688,-76.96138742,2022,5,23
220019544,05/08/2022 12:40:00 PM,16TH ST,BICYCLIST,Clear,DRY,Daylight,UNKNOWN,BICYCLIST,Cross/Enter at Intersection,NO IMPROPER ACTIONS,AT INTERSECTION MARKED CROSSWALK,No,No Apparent Injury,MC/BIKE HELMET,38.99255596,-77.03618228,2022,5,12
220019432,05/07/2022 02:08:00 PM,QUINCE ORCHARD BLVD,BICYCLIST,Rain,WET,Daylight,NONE DETECTED,BICYCLIST,Cross/Enter at Intersection,FAILURE TO YIELD RIGHT OF WAY,ON ROADWAY AT CROSSWALK,Yes,Possible Minor Injury,MC/BIKE HELMET,39.13455833,-77.223985,2022,5,14
220019281,05/06/2022 11:21:00 AM,ROCKLEDGE DR,PEDESTRIAN,Rain,WET,Daylight,N/A,PEDESTRIAN,Cross/Enter not at Intersection,DART DASH,ON ROADWAY NOT AT CROSSWALK,Yes,Fatal Injury,NONE,39.02436333,-77.13263667,2022,5,11
220019289,05/06/2022 07:20:00 AM,NA,PEDESTRIAN,Rain,NA,Daylight,N/A,PEDESTRIAN,Walking/Riding w/Traffic,NO IMPROPER ACTIONS,OTHER,No,No Apparent Injury,N/A,38.9814697,-77.12575206,2022,5,7
220019208,05/05/2022 09:54:00 PM,COLUMBIA PIKE,PEDESTRIAN,Clear,DRY,Medium,NONE DETECTED,PEDESTRIAN,Cross/Enter at Intersection,NO IMPROPER ACTIONS,ON ROADWAY AT CROSSWALK,No,Suspected Serious Injury,NONE,39.03919333,-76.99782333,2022,5,21
220019023,05/04/2022 09:37:00 PM,LAYHILL RD,PEDESTRIAN,Clear,DRY,Medium,NONE DETECTED,PEDESTRIAN,Cross/Enter at Intersection,OTHER,DRIVEWAY ACCESS MARKED CROSSWALK,No,Possible Minor Injury,N/A,39.0651185,-77.04827733,2022,5,21
220018844,05/03/2022 07:13:00 PM,NA,PEDESTRIAN,Clear,NA,Medium,NA,PEDESTRIAN,Push/Work on Vehicle,DISABLED VEHICLE RELATED,OTHER,Unknown,Suspected Serious Injury,NONE,39.04665833,-76.97653333,2022,5,19
220018434,04/30/2022 08:20:00 PM,UNIVERSITY BLVD E,PEDESTRIAN,Clear,DRY,Medium,NONE DETECTED,PEDESTRIAN,Cross/Enter not at Intersection,IN ROADWAY IMPROPERLY,ON ROADWAY NOT AT CROSSWALK,Yes,Possible Minor Injury,N/A,39.00879833,-76.99838333,2022,4,20
220018295,04/29/2022 09:45:00 PM,RIVER RD,PEDESTRIAN,Clear,DRY,Medium,NONE DETECTED,PEDESTRIAN,Other,IN ROADWAY IMPROPERLY,OUTSIDE RIGHT OF WAY,Yes,Suspected Serious Injury,N/A,38.96501333,-77.10390833,2022,4,21
220018235,04/29/2022 03:00:00 PM,NA,BICYCLIST,Clear,NA,Daylight,NONE DETECTED,BICYCLIST,Cross/Enter at Intersection,NO IMPROPER ACTIONS,SIDEWALK,No,Possible Minor Injury,MC/BIKE HELMET,39.05814,-77.12053833,2022,4,15
220018003,04/28/2022 10:01:00 AM,TUCKERMAN LA,PEDESTRIAN,Clear,DRY,Daylight,NONE DETECTED,PEDESTRIAN,Cross/Enter not at Intersection,FAILURE TO OBEY TRAFFIC SIGNS SIGNALS OR OFFICER,ON ROADWAY AT CROSSWALK,Yes,Fatal Injury,NONE,39.03005928,-77.11307377,2022,4,10
220017939,04/27/2022 08:45:00 PM,NICHOLSON LA,PEDESTRIAN,Clear,DRY,Medium,N/A,PEDESTRIAN,Cross/Enter not at Intersection,IN ROADWAY IMPROPERLY,ON ROADWAY NOT AT CROSSWALK,Yes,Suspected Serious Injury,NONE,39.04491764,-77.10768173,2022,4,20
220017750,04/27/2022 03:58:00 PM,WISTERIA DR,PEDESTRIAN,Clear,DRY,Daylight,N/A,PEDESTRIAN,Cross/Enter at Intersection,UNKNOWN,UNKNOWN,Unknown,Possible Minor Injury,N/A,39.17272678,-77.26414402,2022,4,15
220017857,04/27/2022 12:58:00 PM,ROCKVILLE PIKE,OTHER PEDALCYCLIST,Clear,DRY,Daylight,N/A,OTHER PEDALCYCLIST,Cross/Enter at Intersection,FAILURE TO YIELD RIGHT OF WAY,SIDEWALK,Yes,Possible Minor Injury,N/A,39.11254,-77.23547667,2022,4,12
220017728,04/26/2022 03:30:00 PM,E DIAMOND AVE,PEDESTRIAN,Cloudy,WET,Daylight,NONE DETECTED,PEDESTRIAN,Cross/Enter not at Intersection,DART DASH,ON ROADWAY NOT AT CROSSWALK,Yes,Possible Minor Injury,NONE,39.14206915,-77.19098168,2022,4,15
220017399,04/24/2022 01:00:00 PM,OLD GEORGETOWN RD,PEDESTRIAN,Clear,DRY,Daylight,UNKNOWN,PEDESTRIAN,Cross/Enter at Intersection,NO IMPROPER ACTIONS,AT INTERSECTION MARKED CROSSWALK,No,Possible Minor Injury,NONE,38.99655795,-77.10891447,2022,4,13
220017425,04/22/2022 04:18:00 PM,HUNGERFORD DR,BICYCLIST,Clear,DRY,Daylight,NONE DETECTED,BICYCLIST,Cross/Enter at Intersection,FAILURE TO YIELD RIGHT OF WAY,ON ROADWAY AT CROSSWALK,Yes,Suspected Serious Injury,NONE,39.09421333,-77.15311833,2022,4,16
220017143,04/22/2022 03:33:00 PM,NA,PEDESTRIAN,Clear,NA,Daylight,UNKNOWN,PEDESTRIAN,Cross/Enter at Intersection,DART DASH,ON ROADWAY NOT AT CROSSWALK,Yes,Possible Minor Injury,NONE,39.16414831,-77.25150531,2022,4,15
220017138,04/22/2022 03:33:00 PM,WARING STATION RD,PEDESTRIAN,Clear,DRY,Daylight,NONE DETECTED,PEDESTRIAN,Cross/Enter at Intersection,INATTENTIVE,ON ROADWAY AT CROSSWALK,No,Possible Minor Injury,NONE,39.16580695,-77.24741821,2022,4,15
220017123,04/22/2022 02:50:00 PM,NA,PEDESTRIAN,Clear,NA,Daylight,NONE DETECTED,PEDESTRIAN,Other,NO IMPROPER ACTIONS,OTHER,No,Possible Minor Injury,NONE,39.03365333,-77.07431167,2022,4,14
220017080,04/22/2022 10:49:00 AM,COLESVILLE RD,PEDESTRIAN,Clear,DRY,Daylight,UNKNOWN,PEDESTRIAN,Cross/Enter at Intersection,UNKNOWN,ON ROADWAY AT CROSSWALK,Unknown,Possible Minor Injury,N/A,39.015705,-77.01634,2022,4,10
220017048,04/22/2022 01:43:00 AM,NEW HAMPSHIRE AVE,PEDESTRIAN,Clear,DRY,Medium,UNKNOWN,PEDESTRIAN,N/A,UNKNOWN,N/A,No,Possible Minor Injury,N/A,38.98380196,-76.98609604,2022,4,1
220016909,04/21/2022 06:51:00 AM,CHESHIRE DR,BICYCLIST,Clear,DRY,Daylight,NONE DETECTED,BICYCLIST,Cross/Enter at Intersection,UNKNOWN,ON ROADWAY NOT AT CROSSWALK,Unknown,Possible Minor Injury,MC/BIKE HELMET,39.02338167,-77.12303,2022,4,6
220016753,04/20/2022 11:22:00 AM,GEORGIA ST,OTHER,Clear,DRY,Daylight,UNKNOWN,OTHER,N/A,NO IMPROPER ACTIONS,SIDEWALK,No,No Apparent Injury,N/A,38.97668667,-77.07270333,2022,4,11
220016604,04/20/2022 08:40:00 AM,NEW HAMPSHIRE AVE,PEDESTRIAN,Cloudy,N/A,Daylight,UNKNOWN,PEDESTRIAN,Walking to/from school,FAILURE TO OBEY TRAFFIC SIGNS SIGNALS OR OFFICER,MEDIAN,Yes,Possible Minor Injury,NONE,39.02970992,-76.98335105,2022,4,8
220016587,04/19/2022 12:51:00 PM,NA,PEDESTRIAN,Cloudy,NA,Daylight,NONE DETECTED,PEDESTRIAN,Standing,OTHER,OTHER,No,Possible Minor Injury,NONE,39.1921695,-77.24407583,2022,4,12
220016529,04/19/2022 07:40:00 AM,UNIVERSITY BLVD W,PEDESTRIAN,Clear,DRY,Daylight,NONE DETECTED,PEDESTRIAN,Cross/Enter not at Intersection,IN ROADWAY IMPROPERLY,OTHER,Yes,Suspected Serious Injury,NONE,39.04067067,-77.05456733,2022,4,7
220016559,04/19/2022 05:55:00 AM,NA,PEDESTRIAN,Clear,NA,Medium,UNKNOWN,PEDESTRIAN,Other,UNKNOWN,OTHER,No,Possible Minor Injury,NONE,39.04074984,-76.99475444,2022,4,5
20016483,04/18/2022 04:00:00 PM,SEMINARY RD,PEDESTRIAN,Rain,WET,Daylight,UNKNOWN,PEDESTRIAN,Cross/Enter at Intersection,INATTENTIVE,CURB,No,No Apparent Injury,NONE,39.00951005,-77.04136017,2022,4,16
220016211,04/16/2022 09:45:00 PM,GREENCASTLE RD,PEDESTRIAN,Clear,DRY,Medium,NONE DETECTED,PEDESTRIAN,Cross/Enter at Intersection,NO IMPROPER ACTIONS,AT INTERSECTION MARKED CROSSWALK,No,Possible Minor Injury,N/A,39.09836809,-76.9442578,2022,4,21
220016042,04/15/2022 05:56:00 PM,WHEATFIELD TERR,PEDESTRIAN,Clear,DRY,Daylight,N/A,PEDESTRIAN,Playing,DART DASH,OTHER,Yes,Possible Minor Injury,N/A,39.17019822,-77.23152836,2022,4,17
220016036,04/15/2022 05:40:00 PM,GEORGIA AVE,BICYCLIST,Clear,DRY,Daylight,N/A,BICYCLIST,Walking/Riding against Traffic,FAILURE TO YIELD RIGHT OF WAY,ON ROADWAY NOT AT CROSSWALK,Yes,Possible Minor Injury,NONE,39.08033167,-77.07376333,2022,4,17
220016026,04/15/2022 05:16:00 PM,COLESVILLE RD,BICYCLIST,Clear,DRY,Daylight,NONE DETECTED,BICYCLIST,Walking/Cycling on Sidewalk,UNKNOWN,ON ROADWAY AT CROSSWALK,No,No Apparent Injury,MC/BIKE HELMET,39.0076268,-77.02030146,2022,4,17
220016026,04/15/2022 05:16:00 PM,COLESVILLE RD,BICYCLIST,Clear,DRY,Daylight,NONE DETECTED,BICYCLIST,Walking/Cycling on Sidewalk,NO IMPROPER ACTIONS,ON ROADWAY AT CROSSWALK,No,No Apparent Injury,MC/BIKE HELMET,39.0076268,-77.02030146,2022,4,17
220015977,04/15/2022 12:10:00 PM,SHADY GROVE RD,OTHER PEDALCYCLIST,Clear,DRY,Daylight,N/A,OTHER PEDALCYCLIST,Walking/Riding w/Traffic,NO IMPROPER ACTIONS,SHOULDER,No,Possible Minor Injury,UNKNOWN,39.09067667,-77.199705,2022,4,12
220015651,04/13/2022 10:16:00 AM,STEWART LA,PEDESTRIAN,Clear,DRY,Daylight,UNKNOWN,PEDESTRIAN,Unknown,NO IMPROPER ACTIONS,ON ROADWAY NOT AT CROSSWALK,No,Possible Minor Injury,NONE,39.0438284,-76.98218047,2022,4,10
220016790,04/12/2022 02:21:00 PM,OLD GEORGETOWN RD,PEDESTRIAN,Clear,DRY,Daylight,ALCOHOL PRESENT,PEDESTRIAN,Cross/Enter at Intersection,IN ROADWAY IMPROPERLY,ON ROADWAY NOT AT CROSSWALK,Yes,Possible Minor Injury,N/A,39.01301217,-77.11733431,2022,4,14
220015282,04/10/2022 01:45:00 PM,13TH ST,PEDESTRIAN,Clear,DRY,Daylight,UNKNOWN,PEDESTRIAN,Cross/Enter at Intersection,UNKNOWN,ON ROADWAY AT CROSSWALK,No,Possible Minor Injury,NONE,38.98732533,-77.0267463,2022,4,13
220014595,04/06/2022 08:22:00 AM,GROSVENOR LA,PEDESTRIAN,Rain,WET,Daylight,N/A,PEDESTRIAN,Standing,NO IMPROPER ACTIONS,OTHER,No,Fatal Injury,N/A,39.02236167,-77.10515,2022,4,8
220014595,04/06/2022 08:22:00 AM,GROSVENOR LA,PEDESTRIAN,Rain,WET,Daylight,N/A,PEDESTRIAN,Standing,NO IMPROPER ACTIONS,OTHER,No,Possible Minor Injury,N/A,39.02236167,-77.10515,2022,4,8
220014595,04/06/2022 08:22:00 AM,GROSVENOR LA,PEDESTRIAN,Rain,WET,Daylight,N/A,PEDESTRIAN,Other,NO IMPROPER ACTIONS,OTHER,No,No Apparent Injury,N/A,39.02236167,-77.10515,2022,4,8
220014558,04/05/2022 08:18:00 PM,GEORGIA AVE,BICYCLIST,Rain,WET,Medium,NONE DETECTED,BICYCLIST,Cross/Enter at Intersection,FAILURE TO YIELD RIGHT OF WAY,AT INTERSECTION BUT NO CROSSWALK,Yes,No Apparent Injury,NONE,38.99290105,-77.02658158,2022,4,20
220014387,04/04/2022 09:32:00 PM,NA,OTHER CONVEYANCE,Clear,NA,Medium,NONE DETECTED,OTHER CONVEYANCE,Walking/Cycling on Sidewalk,NO IMPROPER ACTIONS,DRIVEWAY ACCESS MARKED CROSSWALK,No,Possible Minor Injury,N/A,39.04329667,-77.11219167,2022,4,21
220014387,04/04/2022 09:32:00 PM,NA,OTHER CONVEYANCE,Clear,NA,Medium,NONE DETECTED,OTHER CONVEYANCE,Walking/Cycling on Sidewalk,NO IMPROPER ACTIONS,DRIVEWAY ACCESS MARKED CROSSWALK,No,Possible Minor Injury,N/A,39.04329667,-77.11219167,2022,4,21
220014231,04/03/2022 10:34:00 PM,DIXON AVE,PEDESTRIAN,Clear,DRY,Medium,NONE DETECTED,PEDESTRIAN,Cross/Enter at Intersection,UNKNOWN,ON ROADWAY AT CROSSWALK,Unknown,Possible Minor Injury,NONE,38.99424667,-77.02813,2022,4,22
220014023,04/02/2022 10:50:00 AM,MONTGOMERY VILLAGE AVE,PEDESTRIAN,Clear,DRY,Daylight,NONE DETECTED,PEDESTRIAN,Cross/Enter at Intersection,NO IMPROPER ACTIONS,ON ROADWAY AT CROSSWALK,No,Possible Minor Injury,NONE,39.1706,-77.20392667,2022,4,10
220014019,04/02/2022 10:03:00 AM,WAYNE AVE,OTHER,Clear,DRY,Daylight,NONE DETECTED,OTHER,Cross/Enter at Intersection,FAILURE TO YIELD RIGHT OF WAY,ON ROADWAY AT CROSSWALK,Yes,Possible Minor Injury,NONE,38.9944405,-77.02643267,2022,4,10
220013966,04/01/2022 08:28:00 PM,NA,PEDESTRIAN,Clear,NA,Medium,NONE DETECTED,PEDESTRIAN,Cross/Enter not at Intersection,NO IMPROPER ACTIONS,SIDEWALK,No,Possible Minor Injury,NONE,39.14639232,-77.20450323,2022,4,20
220013942,04/01/2022 05:10:00 PM,PARKLAWN DR,PEDESTRIAN,Clear,DRY,Daylight,NONE DETECTED,PEDESTRIAN,Standing,NO IMPROPER ACTIONS,OTHER,No,Possible Minor Injury,N/A,39.0537535,-77.1067445,2022,4,17
220013942,04/01/2022 05:10:00 PM,PARKLAWN DR,PEDESTRIAN,Clear,DRY,Daylight,NONE DETECTED,PEDESTRIAN,Standing,NO IMPROPER ACTIONS,OTHER,No,Suspected Serious Injury,N/A,39.0537535,-77.1067445,2022,4,17
220013657,03/31/2022 06:14:00 AM,HEWITT AVE,PEDESTRIAN,Clear,DRY,Medium,N/A,PEDESTRIAN,Cross/Enter at Intersection,NO IMPROPER ACTIONS,AT INTERSECTION MARKED CROSSWALK,No,Possible Minor Injury,NONE,39.07754667,-77.070575,2022,3,6
220013624,03/30/2022 08:11:00 PM,RANDOLPH RD,PEDESTRIAN,Clear,DRY,Dark,NONE DETECTED,PEDESTRIAN,Cross/Enter not at Intersection,DART DASH,ON ROADWAY NOT AT CROSSWALK,Yes,Suspected Serious Injury,NONE,39.05748,-77.07754,2022,3,20
220013413,03/29/2022 04:00:00 PM,GARFIELD ST,PEDESTRIAN,Clear,DRY,Daylight,N/A,PEDESTRIAN,Standing,NO IMPROPER ACTIONS,SIDEWALK,No,Possible Minor Injury,NONE,38.99629833,-77.11574,2022,3,16
220013343,03/29/2022 08:00:00 AM,NA,PEDESTRIAN,Clear,NA,Daylight,UNKNOWN,PEDESTRIAN,Other,OTHER,SIDEWALK,Unknown,Possible Minor Injury,N/A,39.02635536,-76.99109161,2022,3,8
220012763,03/24/2022 09:10:00 PM,QUINCE ORCHARD RD,PEDESTRIAN,Rain,WET,Medium,NONE DETECTED,PEDESTRIAN,Cross/Enter at Intersection,IN ROADWAY IMPROPERLY,ON ROADWAY AT CROSSWALK,Yes,Possible Minor Injury,NONE,39.14509574,-77.22008207,2022,3,21
220012752,03/24/2022 07:39:00 PM,AMHERST AVE,PEDESTRIAN,Rain,WET,Medium,NONE DETECTED,PEDESTRIAN,Unknown,UNKNOWN,UNKNOWN,Unknown,Suspected Serious Injury,NONE,39.04479667,-77.04799667,2022,3,19
220012689,03/24/2022 01:35:00 PM,DUVALL DR,PEDESTRIAN,Cloudy,DRY,Daylight,NONE DETECTED,PEDESTRIAN,Cross/Enter at Intersection,NO IMPROPER ACTIONS,ON ROADWAY AT CROSSWALK,No,Possible Minor Injury,NONE,38.95017787,-77.10169016,2022,3,13
2200012634,03/24/2022 08:49:00 AM,NA,PEDESTRIAN,Cloudy,NA,Daylight,UNKNOWN,PEDESTRIAN,Other,DART DASH,OTHER,Yes,Possible Minor Injury,N/A,39.14171512,-77.18314614,2022,3,8
220012484,03/23/2022 08:59:00 AM,MUDDY BRANCH RD,PEDESTRIAN,Clear,DRY,Daylight,NONE DETECTED,PEDESTRIAN,Cross/Enter at Intersection,FAILURE TO OBEY TRAFFIC SIGNS SIGNALS OR OFFICER,ON ROADWAY AT CROSSWALK,Yes,Possible Minor Injury,N/A,39.12923731,-77.20806466,2022,3,8
220012302,03/22/2022 09:20:00 AM,FALLS RD,"OTHER, PEDESTRIAN",Clear,DRY,Daylight,NONE DETECTED,OTHER,Other Working,NO IMPROPER ACTIONS,ON ROADWAY NOT AT CROSSWALK,No,Suspected Serious Injury,REFLECTIVE CLOTHING,39.010215,-77.219505,2022,3,9
220012302,03/22/2022 09:20:00 AM,FALLS RD,"OTHER, PEDESTRIAN",Clear,DRY,Daylight,NONE DETECTED,PEDESTRIAN,Other Working,OTHER,ON ROADWAY NOT AT CROSSWALK,No,Suspected Serious Injury,REFLECTIVE CLOTHING,39.010215,-77.219505,2022,3,9
220012213,03/21/2022 05:48:00 PM,OLD GEORGETOWN RD,PEDESTRIAN,Clear,N/A,Daylight,N/A,PEDESTRIAN,Cross/Enter at Intersection,NO IMPROPER ACTIONS,ON ROADWAY AT CROSSWALK,No,Possible Minor Injury,N/A,39.03145229,-77.1259336,2022,3,17
220012213,03/21/2022 05:48:00 PM,OLD GEORGETOWN RD,PEDESTRIAN,Clear,N/A,Daylight,N/A,PEDESTRIAN,Cross/Enter at Intersection,NO IMPROPER ACTIONS,ON ROADWAY AT CROSSWALK,No,Possible Minor Injury,N/A,39.03145229,-77.1259336,2022,3,17
220012128,03/21/2022 11:24:00 AM,CONNECTICUT AVE,PEDESTRIAN,Clear,DRY,Daylight,NONE DETECTED,PEDESTRIAN,Cross/Enter at Intersection,NO IMPROPER ACTIONS,ON ROADWAY AT CROSSWALK,No,Possible Minor Injury,N/A,39.03296333,-77.07479333,2022,3,11
220012123,03/21/2022 11:05:00 AM,QUINTANA DR,OTHER,Clear,DRY,Daylight,NONE DETECTED,OTHER,Other,OTHER,ON ROADWAY NOT AT CROSSWALK,No,Suspected Serious Injury,REFLECTIVE CLOTHING,39.00416,-77.15812833,2022,3,11
220012119,03/21/2022 11:02:00 AM,UNIVERSITY BLVD W,PEDESTRIAN,Clear,DRY,Daylight,NONE DETECTED,PEDESTRIAN,Cross/Enter at Intersection,N/A,AT INTERSECTION MARKED CROSSWALK,No,Possible Minor Injury,N/A,39.04006667,-77.05507667,2022,3,11
220012113,03/21/2022 10:15:00 AM,NA,BICYCLIST,Clear,NA,Daylight,NONE DETECTED,BICYCLIST,Walking/Cycling on Sidewalk,N/A,SIDEWALK,Yes,Possible Minor Injury,NONE,39.117408759999996,-77.20402021,2022,3,10
220011985,03/20/2022 12:41:00 PM,CASTLE BLVD,BICYCLIST,Clear,DRY,Daylight,NONE DETECTED,BICYCLIST,Walking/Riding w/Traffic,INATTENTIVE,ON ROADWAY NOT AT CROSSWALK,Yes,Possible Minor Injury,NONE,39.08122333,-76.94549833,2022,3,12
220011965,03/20/2022 08:27:00 AM,ROCKVILLE PIKE,BICYCLIST,Clear,DRY,Daylight,NONE DETECTED,BICYCLIST,Cross/Enter at Intersection,NO IMPROPER ACTIONS,ON ROADWAY AT CROSSWALK,No,Possible Minor Injury,MC/BIKE HELMET,39.00444667,-77.09720167,2022,3,8
220011433,03/17/2022 07:14:00 AM,COLESVILLE RD,PEDESTRIAN,Cloudy,WET,Medium,NONE DETECTED,PEDESTRIAN,Cross/Enter at Intersection,DART DASH,ON ROADWAY NOT AT CROSSWALK,Yes,Suspected Serious Injury,NONE,38.99362539,-77.03204215,2022,3,7
220011438,03/17/2022 06:45:00 AM,SNOUFFERS SCHOOL RD,PEDESTRIAN,Rain,WET,Medium,UNKNOWN,PEDESTRIAN,Unknown,UNKNOWN,ON ROADWAY AT CROSSWALK,No,Possible Minor Injury,UNKNOWN,39.16204046,-77.16521098,2022,3,6
220011182,03/15/2022 03:51:00 PM,GREENCASTLE RD,MACHINE OPERATOR/RIDER,Clear,DRY,Daylight,N/A,MACHINE OPERATOR/RIDER,Other Working,INATTENTIVE,SHOULDER,No,No Apparent Injury,N/A,39.088662,-76.93069983,2022,3,15
220011176,03/15/2022 03:23:00 PM,EAST WEST HWY,BICYCLIST,Clear,DRY,Daylight,NONE DETECTED,BICYCLIST,Cross/Enter at Intersection,UNKNOWN,SHOULDER,No,Suspected Serious Injury,MC/BIKE HELMET,38.99323167,-77.06343333,2022,3,15
220010801,03/13/2022 08:40:00 AM,WILLARD AVE,PEDESTRIAN,Clear,DRY,Daylight,NONE DETECTED,PEDESTRIAN,Walking/Riding w/Traffic,NO IMPROPER ACTIONS,AT INTERSECTION MARKED CROSSWALK,No,Possible Minor Injury,N/A,38.96318833,-77.09128667,2022,3,8
220010562,03/11/2022 04:25:00 PM,FREDERICK RD,BICYCLIST,Clear,DRY,Daylight,NONE DETECTED,BICYCLIST,Walking/Riding w/Traffic,NO IMPROPER ACTIONS,OTHER,No,Suspected Serious Injury,MC/BIKE HELMET,39.23779733,-77.27817375,2022,3,16
220010551,03/11/2022 04:02:00 PM,OLNEY LAYTONSVILLE RD,BICYCLIST,Clear,DRY,Daylight,NONE DETECTED,BICYCLIST,Cross/Enter at Intersection,NO IMPROPER ACTIONS,ON ROADWAY AT CROSSWALK,No,Possible Minor Injury,MC/BIKE HELMET,39.15379386,-77.06830777,2022,3,16
220010526,03/11/2022 01:28:00 PM,NA,PEDESTRIAN,Clear,NA,Daylight,UNKNOWN,PEDESTRIAN,Other,NO IMPROPER ACTIONS,OTHER,No,Possible Minor Injury,NONE,39.17118644,-77.20506481,2022,3,13
220010506,03/11/2022 11:23:00 AM,DARNESTOWN RD,BICYCLIST,Clear,DRY,Daylight,NONE DETECTED,BICYCLIST,Walking/Riding w/Traffic,NO IMPROPER ACTIONS,SHOULDER,No,Possible Minor Injury,MC/BIKE HELMET,39.10272863,-77.22059213,2022,3,11
220010472,03/11/2022 08:00:00 AM,FAIRLAND RD,BICYCLIST,Clear,DRY,Daylight,NONE DETECTED,BICYCLIST,Walking/Riding w/Traffic,NO IMPROPER ACTIONS,SHOULDER,No,Possible Minor Injury,MC/BIKE HELMET,39.07779667,-76.97765667,2022,3,8
220010088,03/09/2022 07:32:00 AM,RAY DR,PEDESTRIAN,Rain,WET,Daylight,N/A,PEDESTRIAN,Walking to/from school,UNKNOWN,ON ROADWAY AT CROSSWALK,No,Possible Minor Injury,UNKNOWN,38.98594162,-77.01355269,2022,3,7
220009868,03/07/2022 07:06:00 PM,NEW HAMPSHIRE AVE,PEDESTRIAN,Clear,DRY,Medium,UNKNOWN,PEDESTRIAN,Cross/Enter at Intersection,NO IMPROPER ACTIONS,AT INTERSECTION MARKED CROSSWALK,No,Possible Minor Injury,NONE,39.01532032,-76.9781604,2022,3,19
220009778,03/07/2022 10:30:00 AM,YANKEE HARBOR DR,PEDESTRIAN,Clear,DRY,Daylight,N/A,PEDESTRIAN,Cross/Enter at Intersection,NO IMPROPER ACTIONS,AT INTERSECTION BUT NO CROSSWALK,No,Possible Minor Injury,N/A,39.18818079,-77.15921172,2022,3,10
220009715,03/06/2022 08:34:00 PM,VALLEYWOOD DR,PEDESTRIAN,Rain,WET,Dark,NONE DETECTED,PEDESTRIAN,Cross/Enter not at Intersection,UNKNOWN,UNKNOWN,Unknown,Possible Minor Injury,NONE,39.049535,-77.07046333,2022,3,20
220009339,03/04/2022 02:14:00 PM,PINEY MEETINGHOUSE RD,BICYCLIST,Clear,DRY,Daylight,NONE DETECTED,BICYCLIST,Cross/Enter at Intersection,FAILURE TO YIELD RIGHT OF WAY,ON ROADWAY NOT AT CROSSWALK,Yes,No Apparent Injury,REFLECTIVE CLOTHING,39.04835,-77.23317833,2022,3,14
220009254,03/03/2022 05:55:00 PM,NA,PEDESTRIAN,Clear,NA,Daylight,NONE DETECTED,PEDESTRIAN,Cross/Enter at Intersection,NO IMPROPER ACTIONS,AT INTERSECTION BUT NO CROSSWALK,No,Possible Minor Injury,N/A,39.18134323,-77.26148406,2022,3,17
220007845,03/02/2022 04:30:00 PM,E GUDE DR,BICYCLIST,Clear,DRY,Daylight,N/A,BICYCLIST,Cross/Enter at Intersection,NO IMPROPER ACTIONS,ON ROADWAY AT CROSSWALK,No,Possible Minor Injury,UNKNOWN,39.10646067,-77.15212727,2022,3,16
220009024,03/02/2022 01:38:00 PM,CENTER DR,PEDESTRIAN,Clear,DRY,Daylight,NONE DETECTED,PEDESTRIAN,Cross/Enter at Intersection,NO IMPROPER ACTIONS,AT INTERSECTION MARKED CROSSWALK,No,Possible Minor Injury,NONE,39.0029773,-77.10986325,2022,3,13
220008992,03/02/2022 11:50:00 AM,CHESHIRE DR,PEDESTRIAN,Cloudy,DRY,Daylight,NONE DETECTED,PEDESTRIAN,Cross/Enter at Intersection,NO IMPROPER ACTIONS,ON ROADWAY AT CROSSWALK,No,Possible Minor Injury,NONE,39.0225,-77.12341833,2022,3,11
220008914,03/01/2022 07:19:00 PM,WASHINGTONIAN BLVD,PEDESTRIAN,Clear,DRY,Medium,N/A,PEDESTRIAN,Walking/Riding w/Traffic,NO IMPROPER ACTIONS,ON ROADWAY NOT AT CROSSWALK,Unknown,No Apparent Injury,LIGHTING,39.1178945,-77.20217447,2022,3,19
220008716,02/28/2022 07:25:00 PM,MARYLAND AVE,PEDESTRIAN,Clear,DRY,Medium,NONE DETECTED,PEDESTRIAN,Cross/Enter at Intersection,NO IMPROPER ACTIONS,ON ROADWAY AT CROSSWALK,No,Suspected Serious Injury,NONE,39.08041617,-77.15270717,2022,2,19
220008502,02/27/2022 10:30:00 AM,BRADLEY BLVD,BICYCLIST,Clear,DRY,Daylight,NONE DETECTED,BICYCLIST,Cross/Enter at Intersection,NO IMPROPER ACTIONS,SHOULDER,No,No Apparent Injury,UNKNOWN,38.98364798,-77.11450791,2022,2,10
220008272,02/25/2022 04:06:00 PM,PICCARD DR,"OTHER, PEDESTRIAN",Clear,DRY,Daylight,NONE DETECTED,PEDESTRIAN,Cross/Enter at Intersection,NO IMPROPER ACTIONS,ON ROADWAY AT CROSSWALK,No,Possible Minor Injury,NONE,39.115235,-77.17854167,2022,2,16
220008272,02/25/2022 04:06:00 PM,PICCARD DR,"OTHER, PEDESTRIAN",Clear,DRY,Daylight,NONE DETECTED,OTHER,Cross/Enter at Intersection,NO IMPROPER ACTIONS,ON ROADWAY AT CROSSWALK,No,Possible Minor Injury,NONE,39.115235,-77.17854167,2022,2,16
220008272,02/25/2022 04:06:00 PM,PICCARD DR,"OTHER, PEDESTRIAN",Clear,DRY,Daylight,NONE DETECTED,PEDESTRIAN,Cross/Enter at Intersection,NO IMPROPER ACTIONS,ON ROADWAY AT CROSSWALK,No,Possible Minor Injury,NONE,39.115235,-77.17854167,2022,2,16
220008165,02/24/2022 06:30:00 PM,NEW HAMPSHIRE AVE,PEDESTRIAN,Rain,WET,Medium,UNKNOWN,PEDESTRIAN,Cross/Enter at Intersection,FAILURE TO OBEY TRAFFIC SIGNS SIGNALS OR OFFICER,ON ROADWAY AT CROSSWALK,Yes,Possible Minor Injury,NONE,39.020268,-76.975427,2022,2,18
220008165,02/24/2022 06:30:00 PM,NEW HAMPSHIRE AVE,PEDESTRIAN,Rain,WET,Medium,UNKNOWN,PEDESTRIAN,Cross/Enter at Intersection,FAILURE TO OBEY TRAFFIC SIGNS SIGNALS OR OFFICER,ON ROADWAY AT CROSSWALK,Yes,Possible Minor Injury,NONE,39.020268,-76.975427,2022,2,18
220008285,02/23/2022 11:30:00 PM,NA,PEDESTRIAN,Clear,NA,Medium,UNKNOWN,PEDESTRIAN,Other,NO IMPROPER ACTIONS,N/A,No,Possible Minor Injury,N/A,39.18853182,-77.16383449,2022,2,23
220009059,02/23/2022 04:29:00 PM,GREENCASTLE RD,PEDESTRIAN,Clear,DRY,Daylight,N/A,PEDESTRIAN,Cross/Enter at Intersection,FAILURE TO YIELD RIGHT OF WAY,ON ROADWAY AT CROSSWALK,No,Possible Minor Injury,NONE,39.09563444,-76.93811154,2022,2,16
220007964,02/23/2022 03:26:00 PM,N WASHINGTON ST,PEDESTRIAN,Clear,DRY,Daylight,NONE DETECTED,PEDESTRIAN,Cross/Enter at Intersection,NO IMPROPER ACTIONS,ON ROADWAY AT CROSSWALK,No,Possible Minor Injury,NONE,39.08850983,-77.1536315,2022,2,15
220007951,02/23/2022 02:14:00 PM,RIDGE RD,PEDESTRIAN,Clear,DRY,Daylight,NONE DETECTED,PEDESTRIAN,Cross/Enter not at Intersection,DART DASH,ON ROADWAY NOT AT CROSSWALK,Yes,Possible Minor Injury,NONE,39.28011119,-77.21175433,2022,2,14
220007841,02/22/2022 06:00:00 PM,N WASHINGTON ST,PEDESTRIAN,Cloudy,WET,Medium,N/A,PEDESTRIAN,Cross/Enter at Intersection,UNKNOWN,ON ROADWAY AT CROSSWALK,No,No Apparent Injury,NONE,39.084364,-77.15278617,2022,2,18
220007560,02/21/2022 10:45:00 AM,SHOREFIELD RD,PEDESTRIAN,Clear,DRY,Daylight,NONE DETECTED,PEDESTRIAN,Cross/Enter at Intersection,UNKNOWN,AT INTERSECTION BUT NO CROSSWALK,Unknown,Possible Minor Injury,NONE,39.05301805,-77.05083386,2022,2,10
220007194,02/18/2022 04:30:00 PM,NA,PEDESTRIAN,Clear,NA,Daylight,NONE DETECTED,PEDESTRIAN,Other,NO IMPROPER ACTIONS,DRIVEWAY ACCESS MARKED CROSSWALK,No,Possible Minor Injury,N/A,39.1251866,-77.23845782,2022,2,16
220007043,02/17/2022 07:30:00 PM,CONNECTICUT AVE,PEDESTRIAN,Clear,DRY,Medium,UNKNOWN,PEDESTRIAN,Cross/Enter at Intersection,NOT VISIBLE,MEDIAN,Yes,Possible Minor Injury,NONE,38.99143,-77.09789167,2022,2,19
220007039,02/17/2022 06:50:00 PM,SNOUFFERS SCHOOL RD,PEDESTRIAN,Clear,DRY,Medium,NONE DETECTED,PEDESTRIAN,Other,NO IMPROPER ACTIONS,ON ROADWAY AT CROSSWALK,No,Possible Minor Injury,NONE,39.16073083,-77.1630515,2022,2,18
220006572,02/15/2022 12:30:00 PM,SAM EIG HWY,PEDESTRIAN,Clear,DRY,Daylight,NONE DETECTED,PEDESTRIAN,Cross/Enter at Intersection,NO IMPROPER ACTIONS,AT INTERSECTION MARKED CROSSWALK,No,Possible Minor Injury,NONE,39.11360525,-77.20839938,2022,2,12
220006429,02/14/2022 01:57:00 PM,NA,PEDESTRIAN,Clear,NA,Daylight,NONE DETECTED,PEDESTRIAN,Walking/Cycling on Sidewalk,NO IMPROPER ACTIONS,SIDEWALK,No,Possible Minor Injury,NONE,39.04094983,-77.05382283,2022,2,13
220006367,02/14/2022 07:19:00 AM,OLD GEORGETOWN RD,PEDESTRIAN,Cloudy,DRY,Daylight,NONE DETECTED,PEDESTRIAN,Cross/Enter at Intersection,NO IMPROPER ACTIONS,ON ROADWAY AT CROSSWALK,No,Possible Minor Injury,NONE,39.009995,-77.11493667,2022,2,7
220006366,02/14/2022 07:00:00 AM,CONNECTICUT AVE,PEDESTRIAN,Cloudy,DRY,Daylight,NONE DETECTED,PEDESTRIAN,Walking to/from school,NO IMPROPER ACTIONS,AT INTERSECTION MARKED CROSSWALK,No,Possible Minor Injury,N/A,39.06367167,-77.07343,2022,2,7
220006216,02/12/2022 04:11:00 PM,OLD GEORGETOWN RD,BICYCLIST,Clear,DRY,Daylight,NONE DETECTED,BICYCLIST,Standing,NO IMPROPER ACTIONS,SIDEWALK,No,Possible Minor Injury,MC/BIKE HELMET,39.01002068,-77.11475414,2022,2,16
220006216,02/12/2022 04:11:00 PM,OLD GEORGETOWN RD,BICYCLIST,Clear,DRY,Daylight,NONE DETECTED,BICYCLIST,Standing,NO IMPROPER ACTIONS,SIDEWALK,No,Suspected Serious Injury,MC/BIKE HELMET,39.01002068,-77.11475414,2022,2,16
220006216,02/12/2022 04:11:00 PM,OLD GEORGETOWN RD,BICYCLIST,Clear,DRY,Daylight,NONE DETECTED,BICYCLIST,Standing,NO IMPROPER ACTIONS,SIDEWALK,No,Suspected Serious Injury,MC/BIKE HELMET,39.01002068,-77.11475414,2022,2,16
220006216,02/12/2022 04:11:00 PM,OLD GEORGETOWN RD,BICYCLIST,Clear,DRY,Daylight,NONE DETECTED,BICYCLIST,Standing,NO IMPROPER ACTIONS,SIDEWALK,No,Possible Minor Injury,MC/BIKE HELMET,39.01002068,-77.11475414,2022,2,16
220006216,02/12/2022 04:11:00 PM,OLD GEORGETOWN RD,BICYCLIST,Clear,DRY,Daylight,NONE DETECTED,BICYCLIST,Standing,NO IMPROPER ACTIONS,SIDEWALK,No,Possible Minor Injury,MC/BIKE HELMET,39.01002068,-77.11475414,2022,2,16
220006027,02/11/2022 02:19:00 PM,NA,PEDESTRIAN,Clear,NA,Daylight,NONE DETECTED,PEDESTRIAN,N/A,NO IMPROPER ACTIONS,OTHER,No,Possible Minor Injury,N/A,39.15276333,-77.06383,2022,2,14
220005997,02/11/2022 11:50:00 AM,WISCONSIN AVE,PEDESTRIAN,Clear,DRY,Daylight,NONE DETECTED,PEDESTRIAN,Cross/Enter at Intersection,NO IMPROPER ACTIONS,ON ROADWAY AT CROSSWALK,No,Possible Minor Injury,NONE,38.9672009,-77.08865523,2022,2,11
220006376,02/11/2022 11:00:00 AM,ROCKBORN ST,PEDESTRIAN,Clear,DRY,Daylight,UNKNOWN,PEDESTRIAN,Walking/Riding against Traffic,NO IMPROPER ACTIONS,SHOULDER,No,Possible Minor Injury,N/A,39.1142601,-77.2288545,2022,2,11
220005815,02/10/2022 10:58:00 AM,NEW HAMPSHIRE AVE,PEDESTRIAN,Clear,DRY,Daylight,N/A,PEDESTRIAN,Cross/Enter at Intersection,NO IMPROPER ACTIONS,ON ROADWAY AT CROSSWALK,No,Suspected Serious Injury,N/A,38.98603167,-76.98817933,2022,2,10
220005458,02/08/2022 07:30:00 AM,UNIVERSITY BLVD E,PEDESTRIAN,Clear,DRY,Daylight,N/A,PEDESTRIAN,Cross/Enter at Intersection,NO IMPROPER ACTIONS,AT INTERSECTION MARKED CROSSWALK,No,Possible Minor Injury,N/A,39.00151344,-76.99572256,2022,2,7
220005236,02/07/2022 08:36:00 AM,TAFT ST,PEDESTRIAN,Cloudy,DRY,Daylight,NONE DETECTED,PEDESTRIAN,Cross/Enter at Intersection,NO IMPROPER ACTIONS,AT INTERSECTION MARKED CROSSWALK,No,Suspected Serious Injury,N/A,39.094198,-77.132573,2022,2,8
220005225,02/07/2022 07:05:00 AM,W DIAMOND AVE,PEDESTRIAN,Clear,DRY,Medium,NONE DETECTED,PEDESTRIAN,Cross/Enter at Intersection,FAILURE TO OBEY TRAFFIC SIGNS SIGNALS OR OFFICER,AT INTERSECTION MARKED CROSSWALK,Yes,Possible Minor Injury,N/A,39.14213818,-77.21737642,2022,2,7
220005078,02/05/2022 09:20:00 PM,HALPINE RD,PEDESTRIAN,Clear,DRY,Medium,N/A,PEDESTRIAN,Cross/Enter at Intersection,NO IMPROPER ACTIONS,ON ROADWAY AT CROSSWALK,No,Possible Minor Injury,NONE,39.0619688,-77.12399478,2022,2,21
220004942,02/04/2022 10:43:00 PM,RANDOLPH RD,PEDESTRIAN,Clear,DRY,Dark,NONE DETECTED,PEDESTRIAN,Getting off/on Vehicle,IN ROADWAY IMPROPERLY,ON ROADWAY NOT AT CROSSWALK,Yes,Suspected Serious Injury,N/A,39.05491713,-77.08482227,2022,2,22
220004915,02/04/2022 05:56:00 PM,NA,PEDESTRIAN,Rain,NA,Medium,N/A,PEDESTRIAN,Other,NO IMPROPER ACTIONS,OTHER,No,Possible Minor Injury,N/A,39.11191899,-76.93350961,2022,2,17
220004815,02/04/2022 06:40:00 AM,ARCOLA AVE,PEDESTRIAN,Rain,WET,Dark,NONE DETECTED,PEDESTRIAN,Other,NOT VISIBLE,OTHER,Unknown,Possible Minor Injury,NONE,39.03899833,-77.02845167,2022,2,6
220004798,02/03/2022 09:40:00 PM,NA,PEDESTRIAN,Rain,NA,Medium,NONE DETECTED,PEDESTRIAN,Other,OTHER,OTHER,Yes,Suspected Serious Injury,NONE,39.11910052,-77.18213407,2022,2,21
220004545,02/02/2022 03:00:00 PM,NA,PEDESTRIAN,Clear,NA,Daylight,NONE DETECTED,PEDESTRIAN,Getting off/on Vehicle,ENTERING EXITING PARKED STANDING VEHICLE,OTHER,Yes,Possible Minor Injury,NONE,39.14864952,-77.20825275,2022,2,15
220004555,02/02/2022 02:50:00 PM,FREDERICK RD,PEDESTRIAN,Clear,DRY,Daylight,NONE DETECTED,PEDESTRIAN,Cross/Enter at Intersection,N/A,ON ROADWAY AT CROSSWALK,No,Possible Minor Injury,N/A,39.22804167,-77.266165,2022,2,14
220004279,02/01/2022 08:45:00 AM,CONNECTICUT AVE,PEDESTRIAN,Clear,DRY,Daylight,NONE DETECTED,PEDESTRIAN,Cross/Enter at Intersection,NO IMPROPER ACTIONS,AT INTERSECTION MARKED CROSSWALK,No,Suspected Serious Injury,NONE,39.094905,-77.06913833,2022,2,8
220004277,02/01/2022 07:40:00 AM,GLENALLAN AVE,PEDESTRIAN,Clear,DRY,Medium,UNKNOWN,PEDESTRIAN,Cross/Enter at Intersection,NO IMPROPER ACTIONS,ON ROADWAY AT CROSSWALK,No,Possible Minor Injury,NONE,39.06318568,-77.05016024,2022,2,7
220004216,01/31/2022 06:30:00 PM,E DIAMOND AVE,BICYCLIST,Clear,DRY,Medium,N/A,BICYCLIST,Cross/Enter not at Intersection,IMPROPER TURN MERGE,ON ROADWAY NOT AT CROSSWALK,Yes,Possible Minor Injury,NONE,39.14201479,-77.1888905,2022,1,18
220004192,01/31/2022 04:30:00 PM,NA,PEDESTRIAN,Clear,NA,Daylight,N/A,PEDESTRIAN,Other,N/A,SIDEWALK,No,Possible Minor Injury,NONE,38.98498,-77.08728333,2022,1,16
220004178,01/31/2022 03:47:00 PM,COLUMBIA PIKE,PEDESTRIAN,Clear,DRY,Daylight,NONE DETECTED,PEDESTRIAN,Cross/Enter at Intersection,NO IMPROPER ACTIONS,ON ROADWAY AT CROSSWALK,No,Possible Minor Injury,NONE,39.03101133,-77.0043415,2022,1,15
220004103,01/31/2022 08:50:00 AM,KENSINGTON PKWY,PEDESTRIAN,Cloudy,DRY,Daylight,N/A,PEDESTRIAN,Other,NO IMPROPER ACTIONS,SIDEWALK,No,Possible Minor Injury,NONE,39.022515,-77.07231667,2022,1,8
220004093,01/31/2022 07:55:00 AM,MONTICELLO AVE,PEDESTRIAN,Clear,DRY,Daylight,NONE DETECTED,PEDESTRIAN,Other Working,DART DASH,ON ROADWAY NOT AT CROSSWALK,Yes,Possible Minor Injury,REFLECTIVE CLOTHING,39.047313,-77.0296645,2022,1,7
220003904,01/29/2022 12:24:00 PM,NA,PEDESTRIAN,Clear,NA,Daylight,N/A,PEDESTRIAN,Standing,NO IMPROPER ACTIONS,OTHER,No,Possible Minor Injury,NONE,39.02121072,-76.97599366,2022,1,12
220003872,01/29/2022 12:35:00 AM,FREDERICK RD,OTHER,Snow,WET,Medium,"ALCOHOL PRESENT, N/A",OTHER,Unknown,UNKNOWN,UNKNOWN,No,No Apparent Injury,N/A,39.12221,-77.17792167,2022,1,0
220003867,01/28/2022 11:07:00 PM,SPENCERVILLE RD,OTHER,Rain,WET,Medium,"ALCOHOL PRESENT, NONE DETECTED",OTHER,Standing,NO IMPROPER ACTIONS,SHOULDER,No,Suspected Serious Injury,NONE,39.120805,-76.98727,2022,1,23
220003835,01/28/2022 07:10:00 PM,NA,PEDESTRIAN,Snow,NA,Medium,ALCOHOL PRESENT,PEDESTRIAN,Other,NO IMPROPER ACTIONS,OTHER,No,Possible Minor Injury,N/A,38.99833014,-77.00240002,2022,1,19
220003614,01/27/2022 04:10:00 PM,CHAPMAN AVE,PEDESTRIAN,Clear,DRY,Daylight,NONE DETECTED,PEDESTRIAN,Cross/Enter at Intersection,NO IMPROPER ACTIONS,ON ROADWAY AT CROSSWALK,No,Possible Minor Injury,NONE,39.06108889,-77.12089636,2022,1,16
220003487,01/26/2022 08:00:00 PM,RANDOLPH RD,PEDESTRIAN,Clear,DRY,Medium,NONE DETECTED,PEDESTRIAN,Cross/Enter at Intersection,NO IMPROPER ACTIONS,AT INTERSECTION MARKED CROSSWALK,No,Possible Minor Injury,NONE,39.0592945,-77.06216783,2022,1,20
220003482,01/26/2022 07:08:00 PM,ARMORY AVE,PEDESTRIAN,Clear,DRY,Medium,N/A,PEDESTRIAN,Cross/Enter at Intersection,NO IMPROPER ACTIONS,ON ROADWAY AT CROSSWALK,No,Possible Minor Injury,NONE,39.02786204,-77.07455551,2022,1,19
220003457,01/26/2022 04:40:00 PM,DARNESTOWN RD,PEDESTRIAN,Clear,DRY,Daylight,N/A,PEDESTRIAN,Cross/Enter at Intersection,NO IMPROPER ACTIONS,ON ROADWAY AT CROSSWALK,No,Possible Minor Injury,NONE,39.10288,-77.220805,2022,1,16
220003437,01/26/2022 03:18:00 PM,NA,PEDESTRIAN,Clear,NA,Daylight,NONE DETECTED,PEDESTRIAN,Cross/Enter at Intersection,INATTENTIVE,ON ROADWAY NOT AT CROSSWALK,No,Suspected Serious Injury,N/A,39.19909167,-77.24821667,2022,1,15
220003460,01/26/2022 02:15:00 PM,RIDGEFIELD RD,PEDESTRIAN,Clear,DRY,Daylight,NONE DETECTED,PEDESTRIAN,Cross/Enter at Intersection,NO IMPROPER ACTIONS,ON ROADWAY AT CROSSWALK,No,Possible Minor Injury,NONE,38.96586344,-77.10730828,2022,1,14
220003387,01/26/2022 09:19:00 AM,SHADY GROVE RD,PEDESTRIAN,Clear,DRY,Daylight,NONE DETECTED,PEDESTRIAN,Other,IN ROADWAY IMPROPERLY,OTHER,Unknown,Possible Minor Injury,N/A,39.12144144,-77.1787081,2022,1,9
220003615,01/25/2022 03:00:00 PM,NA,PEDESTRIAN,Clear,NA,Daylight,N/A,PEDESTRIAN,Cross/Enter not at Intersection,UNKNOWN,ON ROADWAY NOT AT CROSSWALK,No,No Apparent Injury,NONE,39.03473253,-77.02358179,2022,1,15
220003244,01/25/2022 01:50:00 PM,NA,PEDESTRIAN,Clear,NA,Daylight,NONE DETECTED,PEDESTRIAN,Other,NO IMPROPER ACTIONS,OTHER,No,Possible Minor Injury,NONE,39.14391649,-77.21831038,2022,1,13
220002996,01/23/2022 07:40:00 PM,NA,PEDESTRIAN,Clear,NA,Medium,N/A,PEDESTRIAN,Other,NO IMPROPER ACTIONS,OUTSIDE RIGHT OF WAY,No,Possible Minor Injury,NONE,39.014625,-77.10509,2022,1,19
220002996,01/23/2022 07:40:00 PM,NA,PEDESTRIAN,Clear,NA,Medium,N/A,PEDESTRIAN,Other,NO IMPROPER ACTIONS,OUTSIDE RIGHT OF WAY,No,Possible Minor Injury,NONE,39.014625,-77.10509,2022,1,19
220002877,01/22/2022 06:40:00 PM,FREDERICK RD,PEDESTRIAN,Clear,N/A,Medium,NONE DETECTED,PEDESTRIAN,Cross/Enter not at Intersection,DART DASH,ON ROADWAY NOT AT CROSSWALK,Yes,Possible Minor Injury,NONE,39.14436011,-77.20207834,2022,1,18
220002694,01/21/2022 03:31:00 PM,WOOTTON PKWY,PEDESTRIAN,Cloudy,DRY,Daylight,N/A,PEDESTRIAN,Walking/Cycling on Sidewalk,NO IMPROPER ACTIONS,SIDEWALK,Unknown,Possible Minor Injury,N/A,39.07451865,-77.18219412,2022,1,15
220002612,01/21/2022 06:50:00 AM,HICKERSON DR,PEDESTRIAN,Cloudy,DRY,Medium,NONE DETECTED,PEDESTRIAN,Cross/Enter at Intersection,NO IMPROPER ACTIONS,ON ROADWAY AT CROSSWALK,No,Possible Minor Injury,NONE,39.04215667,-77.05178,2022,1,6
220002544,01/20/2022 03:40:00 PM,NA,PEDESTRIAN,Clear,NA,Daylight,NONE DETECTED,PEDESTRIAN,Standing,NO IMPROPER ACTIONS,OTHER,No,Possible Minor Injury,UNKNOWN,39.05514725,-77.11523823,2022,1,15
220002521,01/20/2022 02:30:00 PM,COLESVILLE RD,BICYCLIST,Cloudy,WET,Daylight,NONE DETECTED,BICYCLIST,Cross/Enter at Intersection,UNKNOWN,ON ROADWAY AT CROSSWALK,Unknown,No Apparent Injury,MC/BIKE HELMET,38.99419,-77.03125333,2022,1,14
220002282,01/19/2022 06:49:00 AM,DEMOCRACY BLVD,PEDESTRIAN,Cloudy,WET,Medium,N/A,PEDESTRIAN,Cross/Enter at Intersection,NOT VISIBLE,ON ROADWAY NOT AT CROSSWALK,Unknown,Suspected Serious Injury,NONE,39.02316607,-77.15377932,2022,1,6
220002119,01/18/2022 07:46:00 AM,CRYSTAL ROCK DR,PEDESTRIAN,Cloudy,SNOW,Daylight,NONE DETECTED,PEDESTRIAN,Cross/Enter not at Intersection,DART DASH,ON ROADWAY NOT AT CROSSWALK,Yes,No Apparent Injury,NONE,39.17400833,-77.26557833,2022,1,7
220002096,01/17/2022 06:26:00 PM,VEIRS MILL RD,PEDESTRIAN,Clear,DRY,Medium,UNKNOWN,PEDESTRIAN,Cross/Enter at Intersection,IN ROADWAY IMPROPERLY,ON ROADWAY AT CROSSWALK,Yes,Fatal Injury,N/A,39.05354,-77.07760167,2022,1,18
220001938,01/16/2022 11:25:00 AM,VEIRS MILL RD,PEDESTRIAN,Clear,DRY,Daylight,UNKNOWN,PEDESTRIAN,Cross/Enter at Intersection,DART DASH,ON ROADWAY AT CROSSWALK,Yes,Possible Minor Injury,N/A,39.07496232,-77.11570394,2022,1,11
220001928,01/16/2022 07:51:00 AM,FENTON ST,OTHER,Clear,DRY,Dark,N/A,OTHER,Other,N/A,N/A,No,No Apparent Injury,N/A,38.99471551,-77.02362731,2022,1,7
220001763,01/14/2022 05:50:00 PM,16TH ST,PEDESTRIAN,Clear,DRY,Medium,N/A,PEDESTRIAN,Cross/Enter at Intersection,NO IMPROPER ACTIONS,ON ROADWAY AT CROSSWALK,No,Possible Minor Injury,N/A,38.99664247,-77.03649706,2022,1,17
220001677,01/14/2022 11:00:00 AM,THOMPSON AVE,PEDESTRIAN,Cloudy,DRY,Daylight,NONE DETECTED,PEDESTRIAN,Cross/Enter at Intersection,NO IMPROPER ACTIONS,ON ROADWAY AT CROSSWALK,No,Possible Minor Injury,N/A,39.05937798,-77.12165963,2022,1,11
220001661,01/14/2022 08:30:00 AM,FREDERICK RD,BICYCLIST,Clear,DRY,Daylight,NONE DETECTED,BICYCLIST,Cross/Enter at Intersection,FAILURE TO OBEY TRAFFIC SIGNS SIGNALS OR OFFICER,AT INTERSECTION MARKED CROSSWALK,Yes,Fatal Injury,NONE,39.12608939,-77.18279453,2022,1,8
220001618,01/13/2022 07:35:00 PM,RIO BLVD,PEDESTRIAN,Clear,DRY,Medium,N/A,PEDESTRIAN,Cross/Enter at Intersection,N/A,ON ROADWAY AT CROSSWALK,No,Possible Minor Injury,NONE,39.11525968,-77.20468778,2022,1,19
220001171,01/10/2022 06:40:00 PM,PINEY BRANCH RD,PEDESTRIAN,Clear,DRY,Medium,NONE DETECTED,PEDESTRIAN,Cross/Enter not at Intersection,FAILURE TO YIELD RIGHT OF WAY,ON ROADWAY NOT AT CROSSWALK,Yes,Possible Minor Injury,NONE,38.998555,-77.00186167,2022,1,18
220001180,01/10/2022 06:23:00 PM,NA,PEDESTRIAN,Clear,NA,Medium,UNKNOWN,PEDESTRIAN,Other,OTHER,OUTSIDE RIGHT OF WAY,Yes,No Apparent Injury,N/A,39.16186967,-77.20433514,2022,1,18
220001045,01/09/2022 08:39:00 PM,NEWPORT MILL RD,PEDESTRIAN,Clear,WET,Medium,N/A,PEDESTRIAN,Walking/Riding against Traffic,IN ROADWAY IMPROPERLY,ON ROADWAY NOT AT CROSSWALK,Yes,Suspected Serious Injury,NONE,39.04504667,-77.06498333,2022,1,20
220001026,01/09/2022 05:34:00 PM,ROCKVILLE PIKE,PEDESTRIAN,Rain,WET,Medium,N/A,PEDESTRIAN,Cross/Enter at Intersection,N/A,ON ROADWAY AT CROSSWALK,No,Possible Minor Injury,N/A,39.04946202,-77.10907586,2022,1,17
220000526,01/05/2022 01:44:00 PM,NA,PEDESTRIAN,Clear,NA,Daylight,N/A,PEDESTRIAN,Cross/Enter not at Intersection,NO IMPROPER ACTIONS,OTHER,No,Possible Minor Injury,N/A,39.12250167,-77.239915,2022,1,13
220000415,01/04/2022 03:30:00 PM,W WATKINS MILL RD,BICYCLIST,Clear,DRY,Daylight,NONE DETECTED,BICYCLIST,Walking/Riding w/Traffic,NO IMPROPER ACTIONS,ON ROADWAY AT CROSSWALK,No,Possible Minor Injury,UNKNOWN,39.15660815,-77.22456573,2022,1,15
220000205,01/02/2022 06:24:00 PM,NA,OTHER,Clear,NA,Medium,NA,OTHER,Other,INATTENTIVE,OTHER,Yes,No Apparent Injury,N/A,39.04946202,-77.10907586,2022,1,18
220000180,01/02/2022 04:49:00 PM,GEORGIA AVE,PEDESTRIAN,Clear,DRY,Daylight,NONE DETECTED,PEDESTRIAN,Cross/Enter at Intersection,NO IMPROPER ACTIONS,AT INTERSECTION MARKED CROSSWALK,No,Possible Minor Injury,NONE,39.03879333,-77.05089667,2022,1,16
